id	en	zh	context	status
#str_300000	Unh... errrg... arrhhh... AAAAAAAAHHHH!!!	呃……唔……啊……啊啊啊——！！！		review
#str_300001	Fall back! RETREAT!!!	后撤！快撤退！！！	airdefense @ airdefense	review
#str_300002	Time ta die!	受死吧！		review
#str_300003	Aaaah! Aaaaaaah!!	啊——！啊啊啊——！！	airdefense @ airdefense	review
#str_300004	This is no place to let your guard down. C'mon, let's see if we can't find my squad up ahead.	这地方可不能放松警惕。走，去前面看看能不能找到我的小队。		review
#str_300005	I heard the dropship you Rhinos were on took a direct hit. You're lucky to still be breathing.	听说你们犀牛小队坐的运输船被直接命中了。你还能喘气，算是走大运了。	airdefense @ airdefense	review
#str_300006	We lost a lot of drop ships during the initial landing. The Strogg air defense cannons ripped us apart.	首轮登陆我们损失了不少运输船。Strogg 的防空炮把我们打得七零八落。	airdefense @ airdefense	review
#str_300007	But now it our turn right? It's time to kick some Strogg ass.	不过现在轮到我们了，对吧？是时候去揍扁那帮 Strogg 了。	airdefense @ airdefense	review
#str_300008	It would be best if you found Lt. Voss and the rest of Rhino Squad.	你最好去找 Voss 中尉和犀牛小队的其他人。		review
#str_300009	Why are you standing here? Go that way to find our squad.	还站在这儿干什么？往那边走，去找我们的小队。		review
#str_300010	Kane, you must rendezvous with our squad.	Kane，你必须去和我们小队会合。		review
#str_300011	You're needed ASAP. Colonel Westmore has been wounded in the leg.	这边急需你。Westmore 上校腿部负伤了。	airdefense @ airdefense	review
#str_300012	And I've got a Marine here with a collapsed lung.	可我这儿还有个陆战队员，肺都塌了。	airdefense @ airdefense	review
#str_300013	Westmore demanded you.	Westmore 点名要你。	airdefense @ airdefense	review
#str_300014	Then he's gonna have to wait. Anderson out.	那他也得等着。Anderson 完毕。	airdefense @ airdefense	review
#str_300015	My legs... I can't move 'em.	我的腿……动不了了。	airdefense @ airdefense	review
#str_300016	{scared}H Q, I have a man down and require a medic. H Q, come in.	{scared}总部，我这里有人员伤亡，需要医疗兵。总部，请回答。		review
#str_300017	{furrow}The damn squibs must be jamming our signal.	{furrow}肯定是那帮该死的杂碎在干扰我们的信号。		review
#str_300018	Sorry, Sarge. I had a run in with a Strogg. And I met this Marine from Rhino squad.	抱歉，中士。我半路撞上了一个 Strogg，还碰到了这位犀牛小队的弟兄。	airdefense @ airdefense	review
#str_300019	{confused}You're Rhino Squad? {idle}High tail it back to the landing site, grab your medic and bring him here.	{confused}你是犀牛小队的？{idle}赶紧跑回登陆点，把你们的医疗兵带过来。		review
#str_300020	And what the hell are you doin' without a rifle, soldier?	还有，大兵，你他妈连枪都不带是想干什么？		review
#str_300021	Here take this.	来，拿着这个。		review
#str_300022	Kane, this is Sgt. Miller. I've got a man down. Get over here ASAP.	Kane，我是 Miller 中士。我这儿有人受伤，马上过来。		review
#str_300023	Corporal Kane, this is Miller. There's an injured Marine here and I need your help.	Kane 下士，我是 Miller。这里有个陆战队员受伤了，我需要你帮忙。		review
#str_300024	This is Miller, Corporal Kane. Get over here on the double.	我是 Miller，Kane 下士。跑步过来，快！		review
#str_300025	huuuuuhhh  haaaaaa  huuuuuhhhh	呼……哈……呼……		review
#str_300026	Stay with me, Metcalf.	撑住，Metcalf。	airdefense @ airdefense	review
#str_300027	Don't you give up.	别给我放弃。	airdefense @ airdefense	review
#str_300028	Come on.	挺住。	airdefense @ airdefense	review
#str_300029	We can't lose a man with your medical skills.	像你这么好的医疗兵，我们可损失不起。	airdefense @ airdefense	review
#str_300030	{furrow}Maybe you didn't hear me, soldier. Run to the site where your ship crashed, grab the medic and bring him back here.	{furrow}你是没听清吗，大兵？跑回你们坠机的地方，把医疗兵给我带回来。		review
#str_300031	{furrow}Soldier, this man's life is depending on you. Get him a medic.	{furrow}大兵，这个人的命就靠你了。去给他找个医疗兵。		review
#str_300032	{furrow}Damn it! I gave you a direct order!! Get a medic now!!!	{furrow}妈的！我给你下的是死命令！！立刻去找医疗兵！！！		review
#str_300033	{puzzled}You're Kane, right? {idle}I'm Anderson. Our squad's already left. Go see Morris over there for orders.	{puzzled}你是 Kane 吧？{idle}我是 Anderson。小队已经出发了。去那边找 Morris 领命令。		review
#str_300034	{furrow}This is insane. There's dozens wounded and I'm tryin' to save the life of the only other medic in this area.	{furrow}这简直是疯了。几十号伤员等着，而我在抢救的，是这一带唯一的另一个医疗兵。		review
#str_300035	Found our pilot about a hundred yards from here. Looks like she died instantly.	在离这儿一百码左右找到了我们的飞行员。看样子她当场就牺牲了。	airdefense @ airdefense	review
#str_300036	I'm gonna be here a while. You go and find Rhino Squad without me.	我得在这儿忙上一阵。你别等我了，先去找犀牛小队吧。	airdefense @ airdefense	review
#str_300037	You mind backing off? I'm trying to save this man's life.	你能退后点吗？我正在救人。	airdefense @ airdefense	review
#str_300038	You really should try to find the rest of our squad.	你真该去找咱们小队的其他人了。	airdefense @ airdefense	review
#str_300039	Hold still.	别动。	anderson @ ai	review
#str_300040	Don't move.	不要动。	anderson @ ai	review
#str_300041	Stay put for a minute.	待着别动，一会儿就好。	anderson @ ai	review
#str_300042	Gimme a second to fix you up.	给我几秒，马上给你处理好。	anderson @ ai	review
#str_300043	You're good to go, Marine.	好了，上吧，大兵。	anderson @ ai	review
#str_300044	Okay, that's it.	行，搞定了。	anderson @ ai	review
#str_300045	I'm done.	处理完了。	anderson @ ai	review
#str_300046	There. Go get 'em.	好了。去收拾他们吧。	anderson @ ai	review
#str_300047	I'll fix you up, Kane.	我来给你治，Kane。	anderson @ ai	review
#str_300048	I'm on my way, Kane. You'll be back in the fight in no time.	我这就来，Kane。很快就能让你重返战斗。	anderson @ ai	review
#str_300049	Stay right there, Kane. I'll get you patched up.	待在原地，Kane。我来给你包扎。	anderson @ ai	review
#str_300050	Are you picking up our medical chips?	能收到我们的医疗芯片信号吗？	airdefense @ airdefense	review
#str_300051	Affirmative, sir. I'm reading the entire squad's medchips.	收到，长官。全队的医疗芯片信号都在。	airdefense @ airdefense	review
#str_300052	Good. Now establish an uplink with H Q. Voss out.	很好。现在和总部建立上行链路。Voss 完毕。	airdefense @ airdefense	review
#str_300053	H Q, H Q. Come in H Q. This is Rhino Squad.	总部，总部，请回答。这里是犀牛小队。	airdefense @ airdefense	review
#str_300054	H Q, do you read?	总部，能收到吗？	airdefense @ airdefense	review
#str_300055	H Q, this is Rhino Squad. Please respond.	总部，这里是犀牛小队，请回应。	airdefense @ airdefense	review
#str_300056	{puzzled}Well, shit. You're not dead. {happy}Lucky for you Lieutenant Voss was in a hurry to move out. {idle}Rhodes wanted to bury you.	{puzzled}好家伙，你居然没死。{happy}算你走运，Voss 中尉急着出发。{idle}Rhodes 都想把你就地埋了。		review
#str_300057	The L T left orders that everyone's supposed to hook up with the squad ASAP.	中尉留了命令，所有人必须尽快归队。	airdefense @ airdefense	review
#str_300058	Just go through those doors, you'll run into them eventually.	穿过那几道门一直走，总能碰上他们。	airdefense @ airdefense	review
#str_300059	This landing's been a complete shit storm. Lots of squads were killed in flight and thousands of men missed their drop zones.	这次登陆简直是一场彻头彻尾的灾难。好多小队还没落地就全灭了，几千号人错过了空降区。		review
#str_300060	Transmissions are being jammed. I can't get in touch with H Q and even nearby signals are garbled.	通讯被干扰了。联系不上总部，连附近的信号都是乱码。	airdefense @ airdefense	review
#str_300061	You better move out and rendezvous with Rhino Squad.	你最好赶紧出发，去和犀牛小队会合。	airdefense @ airdefense	review
#str_300062	{furrow}It's hard enough working with all this interference. I don't need you hanging over my shoulder.	{furrow}这么强的干扰已经够我受的了，用不着你还在旁边盯着我干活。		review
#str_300063	{furrow}Lieutenant Voss is gonna have your ass in a sling if you don't find Rhino Squad right now.	{furrow}你再不去找犀牛小队，Voss 中尉非扒了你的皮不可。		review
#str_300064	My arm! Where's my arm?	我的胳膊！我的胳膊哪儿去了？		review
#str_300065	Medic! Meeediiiic!	医疗兵！医——疗——兵——！		review
#str_300066	Heeelp! I need a medic!	救命！我需要医疗兵！		review
#str_300067	Huuuuuuh, cough.	（受伤音）		done
#str_300068	Huuuuuuh, aaaahh, huuuuuuh aaahh.	呼……啊……呼……啊……		review
#str_300069	Cough... cough, cough.	（受伤音）		done
#str_300070	This is Sargent Miller. I'm takin' Badger Squad in to clear out the facility.	我是 Miller 中士。我这就带猛獾小队进去清剿这处设施。		review
#str_300071	Mayday! Mayday! This is the U.S.S. Patton. We have sustained heavy damage...	求救！求救！这里是巴顿号。我舰受创严重……	airdefense @ airdefense	review
#str_300072	... aircraft loss of 65 percent. We're taking a lot of heat from the air defense cannon. Ground based troops...	……战机损失 65%。防空炮的火力压得我们抬不起头。地面部队……		review
#str_300073	We were dropped in the wrong freakin' zone! There's Strogg everywhere!! Get me outta here!!!	我们他妈投错空降区了！到处都是 Strogg！！快把我弄出去！！！	airdefense @ airdefense	review
#str_300074	Let me go! LET ME GO!!!	放开我！放开我！！！	airdefense @ airdefense	review
#str_300075	No! NOOOOOOO!!!	不！不——！！！	airdefense @ airdefense	review
#str_300076	Behind you!	小心背后！	marine_1 @ ai	review
#str_300077	H Q, we can't advance. Dust is clogging the intakes of the hover tanks.	总部，我们无法推进。沙尘堵住了悬浮坦克的进气口。	airdefense @ airdefense	review
#str_300078	We're being overrun! Launch an air strike on my position now!	我们被冲垮了！立刻对我的位置发动空袭！	airdefense @ airdefense	review
#str_300079	We're a lost cause! Do not attempt to evac us.	我们没救了！不要再来撤离我们。	airdefense @ airdefense	review
#str_300080	Kane, this is sargent Miller. What's the hold up? Get back here with a medic!	Kane，我是 Miller 中士。磨蹭什么呢？赶紧带医疗兵回来！		review
#str_300081	Corporal Kane, this is Miller! I need that medic now!	Kane 下士，我是 Miller！我现在就要医疗兵！		review
#str_300082	Where are you, Kane? We need that medic!	你在哪儿，Kane？我们等着医疗兵救命呢！		review
#str_300083	{confused}There's a marine down? {idle}Yeah, I can go. Lead the way.	{confused}有陆战队员倒下了？{idle}行，我可以去。带路吧。		review
#str_300084	{furrow}Let's not lose focus here. Get me to that injured man.	{furrow}别分心了，带我去伤员那儿。		review
#str_300085	{furrow}We can't afford to waste time. Show me where the injured man is.	{furrow}时间耽误不起，带我去看伤员。		review
#str_300086	Morris, this is Lt.Voss. Move to the location I'm uploading now.	Morris，我是 Voss 中尉。前往我正在上传的坐标。		review
#str_300087	Yes, sir. Give me a couple minutes to pack up. Morris, out. Finally, a chance for some action.	是，长官。给我几分钟收拾装备。Morris 完毕。终于有仗打了。		review
#str_300088	{pain}So many lives wasted...	{pain}这么多人白白送了命……		review
#str_300089	Finally, a medic.	可算来了个医疗兵。	airdefense @ airdefense	review
#str_300090	My legs... they're numb.	我的腿……没知觉了。	airdefense @ airdefense	review
#str_300091	Don't worry. You aren't missing out on the fun today. Here.	别担心，今天的热闹少不了你的份。来。		review
#str_300092	I gave him a medpack and sedated him, but in ten minutes he'll be up and ready to fight the Strogg.	我给他用了医疗包，还打了镇静剂。不过十分钟后他就能爬起来接着打 Strogg 了。		review
#str_300093	Thanks, son. Kane, you're free to go now. Take that door and it'll get you to your squad.	谢了，小伙子。Kane，你可以走了。从那扇门过去，就能找到你的小队。		review
#str_300094	{happy}Ah, so you did survive. Ha, ha! I won the bet with Rhodes.	{happy}啊，你果然活下来了。哈哈！我赢了和 Rhodes 打的赌。		review
#str_300095	We were not properly introduced. I am Alejandro Cortez, Rhino squad's sharp shooter. Lieutenant Voss stationed me here to guard the flank. But you are to proceed that way and rendezvous with the rest of our squad.	还没正式介绍过。我是 Alejandro Cortez，犀牛小队的神枪手。Voss 中尉派我在这儿守侧翼。你呢，从那边过去，和小队其他人会合。		review
#str_300096	Kane, this is Sergeant Bidwell. Rendezvous with Rhino squad A S A P. Follow the trenches that start just outside.	Kane，我是 Bidwell 中士。尽快和犀牛小队会合。沿着外面那条战壕走。		review
#str_300097	Kane! This is sargent Bidwell. We need you here ASAP. We've gotta bring the air defense cannon down.	Kane！我是 Bidwell 中士。马上过来，我们得把防空炮干掉。		review
#str_300098	What's the hold up, Kane? Find us immediately.	磨蹭什么呢，Kane？立刻来找我们。	airdefense @ airdefense	review
#str_300099	Kane, this is sargent Bidwell. Stop pissin'around and hook up with us.	Kane，我是 Bidwell 中士。别瞎晃悠了，赶紧归队。		review
#str_300100	Kane, this is Bidwell. Don't make me come lookin' for you.	Kane，我是 Bidwell。别逼我亲自去找你。	airdefense @ airdefense	review
#str_300101	I gotta stay here in case the Lieutenant needs us.	我得守在这儿，中尉随时可能要用我们。		review
#str_300102	No can do, partner. The L T gave orders for me to stay put.	不行啊，伙计。中尉下令让我在这儿待命。		review
#str_300103	Medic! I need a medic!	医疗兵！我需要医疗兵！	building_b @ building_b	review
#str_300104	Nyet. I cannot go. Rhodes and I are to stay here.	Nyet，不行。我走不开，我和 Rhodes 得守在这儿。		review
#str_300105	No, thank you. I must remain here.	不了，谢谢。我必须留在这里。		review
#str_300106	What are we waiting for? Let's find those hangars!	还等什么？我们去找机库！		review
#str_300107	Kane, trust me. You don't wanna see lieutenant Voss mad. Let's follow his orders.	Kane，信我一句，你可不想见识 Voss 中尉发火的样子。照他的命令办吧。		review
#str_300108	{furrow}Enough foolin' around, Kane. Let's haul ass.	{furrow}别瞎混了，Kane。赶紧开拔！		review
#str_300109	Was I hit? You see any blood? It's a freakin' meat grinder out there!	我中弹了吗？看到血没有？外面简直就是台绞肉机！		review
#str_300110	Sure, I'll follow you. Safety in numbers, right?	行，我跟你走。人多安全，对吧？		review
#str_300111	Okay, I'll stay here and keep this area secure.	好，我留在这儿守住这片区域。		review
#str_300112	Walker Squad Bison, advance. Fire at will.	野牛机甲小队，前进。自由开火。	airdefense @ airdefense	review
#str_300113	Come on! Come on!!	来啊！来啊！！	airdefense @ airdefense	review
#str_300114	Damn, that was close!	妈的，好险！	airdefense @ airdefense	review
#str_300115	Yeah! Got ya!!	爽！干掉你了！！	airdefense @ airdefense	review
#str_300116	Eat it!	吃我一发！	airdefense @ airdefense	review
#str_300117	That the best you got, freak?	就这点本事吗，怪胎？	airdefense @ airdefense	review
#str_300118	I've got orders to stay here.	我奉命守在这里。	airdefense @ airdefense	review
#str_300119	You go on. I can't leave my post.	你先走吧，我不能离开岗位。	airdefense @ airdefense	review
#str_300120	Look, buddy, I'm not leaving this position. So get lost!	听着，伙计，我是不会离开这个位置的。一边儿去！	airdefense @ airdefense	review
#str_300121	The trench!! Finally I've made it!!!	战壕！！我总算到了！！！		review
#str_300122	Didn't see that comin' did ya?	没料到这招吧？	airdefense @ airdefense	review
#str_300123	C'mon, show yourself!	来啊，有种出来！	airdefense @ airdefense	review
#str_300124	Oh yeah	哦耶	anderson @ ai	review
#str_300125	Choke it down, squib!	给我咽下去，杂碎！	airdefense @ airdefense	review
#str_300126	Oh, somebody's gettin' brave.	哟，有人胆子肥了。	airdefense @ airdefense	review
#str_300127	Did ya hear the U.S.S. Patton went down?	听说了吗？巴顿号坠毁了。	airdefense @ airdefense	review
#str_300128	She flew through a minefield and got her starboard side ripped open.	它闯进了雷区，右舷整个被撕开了。	airdefense @ airdefense	review
#str_300129	There were twenty two hundred crewmen on board the Patton...	巴顿号上可是有两千二百名船员啊……		review
#str_300130	We're having no luck making a run on the air defense cannon. Strogg fliers are protecting it.	我们冲防空炮冲了几次都没成。Strogg 的飞行器护着它。		review
#str_300131	{puzzled}So you are alive. {furrow}Damn, Cortez won the bet.	{puzzled}你还真活着。{furrow}该死，赌是 Cortez 赢了。		review
#str_300132	{puzzled}What have I missed?	{puzzled}我错过什么了？		review
#str_300133	We're just getting started. We've gotta take out that air defense cannon but the Strogg fliers are keeping us pinned us down. There's no way to...	好戏才刚开场。我们得干掉那门防空炮，可 Strogg 的飞行器把我们压得死死的。根本没办法……	airdefense @ airdefense	review
#str_300134	Sargent Bidwell, this is Voss. I think I've found a way to get at that cannon. Can you reach Kane?	Bidwell 中士，我是 Voss。我好像找到接近那门炮的路子了。你能联系上 Kane 吗？		review
#str_300135	He's right here, sir.	他就在我旁边，长官。	airdefense @ airdefense	review
#str_300136	Good. Kane, go to the Strogg hangars. Viper squad will rendezvous with you there. If you can take out the launching bays, the fliers won't be a problem. Voss out.	很好。Kane，前往 Strogg 机库，毒蛇小队会在那儿和你会合。只要端掉发射舱，飞行器就不足为惧了。Voss 完毕。	airdefense @ airdefense	review
#str_300137	{furrow}You heard the man, Kane. Get to the hangars. Morris, you're with him. Move out!	{furrow}都听见了吧，Kane。去机库。Morris，你跟他一起。出发！		review
#str_300138	{furrow}Marine, what are you waiting for? Get to the Strogg hangars.	{furrow}大兵，还愣着干什么？去 Strogg 机库。		review
#str_300139	{furrow}You heard the Lieutenant. Move out and find those hangars!	{furrow}中尉的命令你也听到了。出发，去找机库！		review
#str_300140	{furrow}Kane! Lieutenant Voss gave you an order! Get to those hangars now!	{furrow}Kane！Voss 中尉给你下了命令！立刻去机库！		review
#str_300141	Hey! Hey you!	嘿！嘿，说你呢！		review
#str_300142	Got any extra rounds? I...aaaahhhhhh!	有多余的弹药吗？我……啊——！		review
#str_300143	Stay right there, Marine. I'll patch you up.	待在那儿别动，大兵。我来给你包扎。	anderson @ ai	review
#str_300144	Here. You'll be healthy in no time.	来。马上就让你生龙活虎。	anderson @ ai	review
#str_300145	Stay put for a minute and I'll heal you up.	稍微待一会儿别动，我给你治伤。	anderson @ ai	review
#str_300146	Armadillo Squad, you have to flank left. Flank left, damn it!	犰狳小队，从左翼包抄。左翼，妈的！	airdefense @ airdefense	review
#str_300147	Aaaah! My leg...! I need a medic! Meedic!	啊——！我的腿……！我需要医疗兵！医疗兵！		review
#str_300148	Hold tight, Marine. We have your location and help is on the way. 	撑住，大兵。我们已锁定你的位置，救援马上就到。	airdefense @ airdefense	review
#str_300149	H Q, we're in the bunker now. All is quiet.	总部，我们已进入地堡。一切平静。		review
#str_300150	We copy. See if you can...	收到。看看你们能不能……	airdefense @ airdefense	review
#str_300151	We got movement!	有动静！	building_b @ building_b	review
#str_300152	Where? Where, dammit!	哪儿？妈的，到底在哪儿！		review
#str_300153	Behind us! Right behind us!	在我们后面！就在正后方！		review
#str_300154	It's a trap. Do not send another squad. I repeat, do not send...	这是陷阱。不要再派小队来。重复，不要再派……		review
#str_300155	H Q, this is Viper squad. we're pinned down and request backup.	总部，这里是毒蛇小队。我们被火力压制，请求支援。		review
#str_300156	This is H Q, Viper squad. Sting Ray squad has been notified. E T A ten minutes.	这里是总部，毒蛇小队。已通知黄貂鱼小队，预计十分钟后到达。		review
#str_300157	H Q, the Strogg bunker has been tagged with laser.	总部，已用激光标记 Strogg 地堡。		review
#str_300158	Orbital artillery has just been informed. Bombardment to commence in three...two...one.	轨道炮兵已接到通知。轰炸倒计时：三……二……一。		review
#str_300159	They did it, H Q! Target has been neutralized!	他们成功了，总部！目标已被摧毁！		review
#str_300160	Walker squad Bison has landed and is fully deployed.	野牛机甲小队已着陆，全员部署完毕。		review
#str_300161	Comm uplink has been established and systems are in the green. Proceed to your first target Bison squad.	通讯链路已建立，各系统一切正常。野牛小队，前往你们的第一个目标。	airdefense @ airdefense	review
#str_300162	Roget that, H Q. Bison, advance!	收到，总部。野牛小队，前进！		review
#str_300163	Come on, you sons of bitches! You want a belly full of plasma? Step right up!	来啊，狗娘养的！想尝尝一肚子等离子的滋味吗？尽管上！		review
#str_300164	Viper squad, this is H Q. Sting Ray squad is M I A and unresponsive. Fall back to rally point alpha niner four.	毒蛇小队，这里是总部。黄貂鱼小队失踪，无法取得联系。后撤至 Alpha 94 集结点。		review
#str_300165	We'll try, H Q. But this zone is pretty hot. Give us an artillery strike nearby. Fire for effect.	我们尽力，总部。但这片区域交火太激烈了。请在附近来一轮炮击，效力射。		review
#str_300166	We copy that. Strike to occur in thirty seconds.	收到。炮击将于三十秒后开始。		review
#str_300167	Armadillo squad, it worked! The Strogg are trapped in the trench now! They aint goin nowhere!	犰狳小队，成了！Strogg 被困在战壕里了！它们哪儿也去不了！		review
#str_300168	We copy that, Cougar squad! It's like shottin fish in a barrel!	收到，美洲狮小队！这简直是瓮中捉鳖！		review
#str_300169	H Q, this is Bison Squad. Our primary target has been nullified. If possible, we'd like to aid the infantry now.	总部，这里是野牛小队。首要目标已被清除。如果可以，我们想立即支援步兵。		review
#str_300170	We copy that, bison squad. You are cleared to aid the foot soldiers.	收到，野牛小队。批准你们支援步兵。	airdefense @ airdefense	review
#str_300171	Thanks, H Q. All right, boys. Time ta kick the shit outta some Strogg. Let's move!	多谢，总部。好了，弟兄们，该去把 Strogg 揍出屎来了。行动！		review
#str_300172	Freaks are streaming over the sides of the trenches! We cant hold em off. Fuck, there's hundreds of em! They just keep comin!	怪胎们从战壕两侧涌进来了！我们挡不住了。操，有好几百个！它们还在源源不断地冲！		review
#str_300173	The L T is dead! A squib tore his head off! H Q, what do we do? Help!	中尉阵亡了！一个杂碎把他的头拧了下来！总部，我们怎么办？救命！		review
#str_300174	Bison Walker squad has been informed of your status.	已将你们的状况通报野牛机甲小队。		review
#str_300175	Don't you get it? We're toast, H Q! There's no way...	你们还不明白吗？我们完蛋了，总部！根本不可能……		review
#str_300176	Holy shit! they're here already! The Walker squad made it!	我操！他们这就到了！机甲小队赶到了！		review
#str_300177	H Q, this is Bison Squad. The situation is under control.	总部，这里是野牛小队。局势已在掌控之中。	airdefense @ airdefense	review
#str_300178	Roger that, Bison squad.	收到，野牛小队。		review
#str_300179	Yeee haa! Good job, men! We nailed their Strogg asses good!	呀哈！干得漂亮，弟兄们！把这帮 Strogg 揍得屁滚尿流！		review
#str_300180	Marine, switch to another frequency for inter squad communications.	陆战队员，小队内部通讯请切换到其他频率。		review
#str_300181	Oh, sorry about that, sweetheart. It won't happen again.	哦，抱歉啦，小甜心。下不为例。		review
#str_300182	H Q, this is Viper squad. We have arrived at the rally point.	总部，这里是毒蛇小队。我们已抵达集结点。		review
#str_300183	Well done. Wait there for further orders.	干得好。在原地等待进一步命令。	airdefense @ airdefense	review
#str_300184	Holy crap! The fliers are chewing us up! H Q, we need help!	我的天！飞行器快把我们撕碎了！总部，请求支援！		review
#str_300185	We have been informed of the situation. A strategy is being formulated. H Q, out.	情况已了解。正在制定对策。总部，完毕。		review
#str_300186	H Q, H Q, this is Cougar Squad. Were havin no luck getting to the Air Defense Cannon.	总部，总部，这里是美洲狮小队。我们怎么也接近不了防空炮。		review
#str_300187	It is imperative you succeed, Cougar Squad.	美洲狮小队，你们务必成功。		review
#str_300188	There's too many damn fliers. They aren't letting us anywhere near the cannon.	该死的飞行器太多了，根本不让我们靠近那门炮。		review
#str_300189	H Q, this is Cougar Squad. You've gotta do something about the Strogg air support. Those fliers are stopping us from getting to the Air Defense Cannon.	总部，这里是美洲狮小队。你们得想办法解决 Strogg 的空中支援。那些飞行器拦着，我们根本到不了防空炮那儿。		review
#str_300190	I copy that, Cougar Squad. Options are being considered. H Q, out.	收到，美洲狮小队。正在研究方案。总部，完毕。		review
#str_300191	Yes sir!	是，长官！	hangar_2 @ hangar_2	review
#str_300192	{furrow}We need to get a cutting torch up here or we're gonna get slaughtered!	{furrow}赶紧弄一把切割枪上来，不然我们都得死在这儿！		review
#str_300193	{furrow}Hey, the torch is here!	{furrow}嘿，切割枪到了！		review
#str_300194	Hang on, helps comin. {scared}Medic, I need a MEDIC!	撑住，救援就来。{scared}医疗兵，快来医疗兵！		review
#str_300195	{scared}Seal it!  Seal the damn window, NOW!	{scared}封上！把那扇该死的窗户封上，快！		review
#str_300196	{confused}Where the hell did that come from?	{confused}那玩意儿到底是从哪儿冒出来的？		review
#str_300197	I got no idea!	我哪儿知道！		review
#str_300198	{scared}Shit!  {furrow}You almost got your fucking head ventilated.  Marines take your positions, we got company!	{scared}妈的！{furrow}你脑袋差点被打出个窟窿。陆战队员们，各就各位，有敌人来了！		review
#str_300199	Scanner's clean.  Whatever it is, it's gone.	扫描仪没信号。不管那是什么，已经走了。		review
#str_300200	Hey!  HEY!  Turn on your freaking comlink!	嘿！嘿！把你那该死的通讯器打开！		review
#str_300201	There's your objective, get in there and deactive the defense grid!	目标就在那儿，进去关掉防御网！		review
#str_300202	Primary lock is cut.  Secondary lock is cut.  Cutting final interlock.  Done.  Hold up a second, let Jones check it out.	主锁已切开。副锁已切开。正在切最后一道联锁。搞定。稍等，让 Jones 先去查看。		review
#str_300203	Hey. Good job. The defense grid is down. We've got...	嘿，干得好。防御网瘫痪了。我们已经……		review
#str_300204	{confused}What the hell?  {scared}They got the main power!	{confused}搞什么鬼？{scared}它们把主电源弄断了！		review
#str_300205	{furrow}Quiet!  Keep your eyes open!	{furrow}安静！都睁大眼睛！		review
#str_300206	They could be anywhere!	它们可能藏在任何地方！		review
#str_300207	{confused}Who's got a scanner?	{confused}谁带了扫描仪？		review
#str_300208	Gimme a second!	等我一下！	building_b @ building_b	review
#str_300209	Scanner reads clear.  Whatever happened is already done.	扫描显示安全。不管刚才发生了什么，都已经结束了。		review
#str_300210	Medic! Medic! Where's the damn medic?	医疗兵！医疗兵！该死的医疗兵在哪儿？	building_b @ building_b	review
#str_300211	Get your shit wired, Marines! I want this perimeter secured now!	都给我打起精神来，陆战队员们！立刻把警戒线布好！	building_b @ building_b	review
#str_300212	Uplink established with H Q.	已与总部建立链路。	building_b @ building_b	review
#str_300213	The Strogg do some seriously weird shit to prisoners.	Strogg 对俘虏干的那些事，真是变态到家了。	building_b @ building_b	review
#str_300214	Yeah, {puzzled}like what?	是吗，{puzzled}比如说？		review
#str_300215	They remove different organs just to see how long a human can last without em.	它们把人的器官一个个摘掉，就为了看人没了器官还能撑多久。	building_b @ building_b	review
#str_300216	Hey, buddy! Whats the word? Has the perimeter been secured?	嘿，伙计！有什么消息？警戒线布好了吗？		review
#str_300217	What the hell? They got to main power!	搞什么鬼？它们把主电源弄断了！	building_b @ building_b	review
#str_300218	Quiet! Keep your eyes open.	安静！睁大眼睛。	building_b @ building_b	review
#str_300219	Watch the ceilings.	注意天花板。	building_b @ building_b	review
#str_300220	Whos got a scanner?	谁带了扫描仪？	building_b @ building_b	review
#str_300221	Gimmee a second.	等我一下。		review
#str_300222	Scanner reads clear. Theyre gone.	扫描显示安全。它们走了。	building_b @ building_b	review
#str_300223	H Q, this is Fox Squad in sector six A. We have engaged the Strogg.	总部，这里是狐狸小队，位于 6A 区。我们已与 Strogg 交火。		review
#str_300224	Do you require assistance?	需要支援吗？	building_b @ building_b	review
#str_300225	Affirmative. Send an additional squad immediately.	需要。请立即增派一个小队。	building_b @ building_b	review
#str_300226	H Q, H Q, our squads pinned down and meeting heavy resistance. Weve run out of... aaaah!	总部，总部，我队被火力压制，遭遇顽强抵抗。我们的弹药已经……啊——！	building_b @ building_b	review
#str_300227	Sarge. We got movement at bearing 2 2 1. I count six signals.	中士，方位 221 有动静。我数到六个信号。	building_b @ building_b	review
#str_300228	I want a straight V formation. Holtz, you take point.	摆一个标准 V 字队形。Holtz，你打头。	building_b @ building_b	review
#str_300229	Got it.	明白。	building_b @ building_b	review
#str_300230	Dont bunch up and remember to check the ceilings.	别扎堆，记得留意天花板。	building_b @ building_b	review
#str_300231	Destroyer, U S S Madison, has achieved sub orbital position. Com links established with primary tactical operation H Q. All company commanders transmit sit reps immediately.	驱逐舰麦迪逊号已进入亚轨道位置。已与主战术指挥总部建立通讯链路。各连指挥官立即上报战况。		review
#str_300232	H Q, we have engaged the Strogg.	总部，我们已与 Strogg 交火。	building_b @ building_b	review
#str_300233	Roger that. We read you at sector twenty five L.	收到。定位显示你们在 25L 区。		review
#str_300234	Affirmative, H Q. Were meeting heavy resistance.	确认，总部。我们遭遇顽强抵抗。	building_b @ building_b	review
#str_300235	Watch the left flank!	注意左翼！	building_b @ building_b	review
#str_300236	Over here!	在这边！	building_b @ building_b	review
#str_300237	Throw a charge!	扔炸药！	building_b @ building_b	review
#str_300238	Get down!	卧倒！	building_b @ building_b	review
#str_300239	Do you require reinforcements?	需要增援吗？		review
#str_300240	I repeat. Do you require reinforcements?	重复，需要增援吗？	building_b @ building_b	review
#str_300241	Negative. The situation is under control.	不需要。局势已在掌控之中。	building_b @ building_b	review
#str_300242	Private, whats your status?	列兵，你那边什么情况？		review
#str_300243	Its a difficult job, sir.	这活儿不好干，长官。		review
#str_300244	Son, I got two dozen Marines anxious to frag some Strogg and this door is keeping them from their fun.	小子，我这儿有二十几个陆战队员正等着杀 Strogg 解闷呢，就这扇门扫了他们的兴。		review
#str_300245	Another moment sir. Got it!	再等一下，长官。开了！		review
#str_300246	Good job. Lets go, Marines!	干得好。出发，陆战队员们！		review
#str_300247	Hey, back it up. The torch is here.	嘿，都让让，切割枪来了。		review
#str_300248	Ahhh... aaaaah... uuuuh...	（死亡音）	building_b @ building_b	done
#str_300249	Hang on. Helps comin.	撑住，救援就来。	building_b @ building_b	review
#str_300250	{scared}Medic! I NEED A MEDIC!	{scared}医疗兵！快来医疗兵！		review
#str_300251	Seal it! Seal the damn window now!	封上！马上把那扇该死的窗户封上！	building_b @ building_b	review
#str_300252	Where the hell did that come from?	那玩意儿到底是从哪儿冒出来的？	building_b @ building_b	review
#str_300253	Dont know. But we better inform the Sarge.	不知道。但最好报告中士。	building_b @ building_b	review
#str_300254	Sarge, we got movement on the scanner.	中士，扫描仪上有动静。	building_b @ building_b	review
#str_300255	Okay, be sure to lay down suppressing...	好，记得进行火力压制……	building_b @ building_b	review
#str_300256	{scared}Shit. {furrow}You almost got your freakin head ventilated.	{scared}妈的。{furrow}你脑袋差点被打出个窟窿。		review
#str_300257	Marines, take your positions! We got company.	陆战队员们，各就各位！有敌人来了。	building_b @ building_b	review
#str_300258	Scanners clean. Whatever it was, its gone.	扫描仪没信号。不管那是什么，已经走了。	building_b @ building_b	review
#str_300259	Hey! HEY!! Turn on your freakin comm link!	嘿！嘿！！把你那该死的通讯器打开！	building_b @ building_b	review
#str_300260	Theres your objective, Corporal. Get to that console and deactivate the defense grid.	目标就在那儿，下士。到那个控制台前，关掉防御网。	building_b @ building_b	review
#str_300261	This is Famine Convoy, grid is down.	这里是「饥荒」车队，防御网已瘫痪。	building_b @ building_b	review
#str_300262	This is Pestilence Convoy, grid is down.	这里是「瘟疫」车队，防御网已瘫痪。	building_b @ building_b	review
#str_300263	This is War. The Defense Grid is fully deactivated.	这里是「战争」车队。防御网已完全关闭。	building_b @ building_b	review
#str_300264	Shit! Weve been spotted by Strogg fliers! Theyre coming in for a...	该死！我们被 Strogg 飞行器发现了！它们正俯冲过来……	building_b @ building_b	review
#str_300265	War. Come in. War, please respond.	「战争」车队，请回答。「战争」车队，请回应。	building_b @ building_b	review
#str_300266	Kane, we're movin out before the Strogg finds our convoy. We've left a hover tank for you. Grab it and you'll be able to rendezvous with us in no time. Bidwell, out.	Kane，趁 Strogg 还没发现车队，我们先行出发了。给你留了一辆悬浮坦克，开上它很快就能赶上我们。Bidwell 完毕。	building_b @ building_b	review
#str_300267	Wait here. Jones, you take point.	在这儿等着。Jones，你打头。	building_b @ building_b	review
#str_300268	Gaahhh!	（受伤音）		done
#str_300269	Primary lock is cut.	主锁已切开。	building_b @ building_b	review
#str_300270	Secondary lock is cut.	副锁已切开。	building_b @ building_b	review
#str_300271	Cutting final interlock.	正在切最后一道联锁。	building_b @ building_b	review
#str_300272	Done.	搞定。	building_b @ building_b	review
#str_300273	{scared}Were gonna lose this war. I can feel it.	{scared}这场仗我们要输。我有预感。		review
#str_300274	{furrow}Dont you be talkin like that.	{furrow}别说这种丧气话。		review
#str_300275	{scared}Hey, youve heard the news from the front. You know how bad things are.	{scared}嘿，前线的消息你也听到了。情况有多糟你心里清楚。		review
#str_300276	{furrow}I dont know nothin. I do my job and shut the hell up. Just like you should.	{furrow}我什么都不知道。我只管干好自己的活，闭紧嘴巴。你也该这样。		review
#str_300277	Youre part of the Rhino Squad, arent ya? Is it true Sledge over there killed a Strogg with nothing but a lead pipe?	你是犀牛小队的吧？那边那个 Sledge，真用一根铅管干掉过一个 Strogg？		review
#str_300278	I heard he did it with his bare hands.	我听说他是赤手空拳干掉的。	building_b @ building_b	review
#str_300279	Hang on, we got Strogg moving in for the kill!	抓稳了，Strogg 冲上来了，要下死手！	building_b @ building_b	review
#str_300280	Ramming speed!	全速撞过去！	building_b @ building_b	review
#str_300281	Keep back! We're coming in fast!	都让开！我们要冲进来了！	building_b @ building_b	review
#str_300282	Take positions! This zone is hot!	各就各位！这里是交战区！	building_b @ building_b	review
#str_300283	Hey, Kane!	嘿，Kane！	building_b @ building_b	review
#str_300284	You must be my escort. Nice of you to show up. Lead the way back to this door they want cut.	你就是护送我的人吧。可算露面了。带路吧，去他们要切开的那扇门。		review
#str_300285	What are you standing around for? Lead me to the door Im supposed to cut!	还傻站着干什么？带我去我该切的那扇门！		review
#str_300286	Troops are waitin on us, Marine. Get me to that door pronto.	部队都在等咱们呢，大兵。赶紧带我去那扇门。	building_b @ building_b	review
#str_300287	Damn it! You have to get me to the door Im supposed to cut!	该死！你得带我去我该切的那扇门！		review
#str_300288	You go ahead and get Newberry to the door they need opened.	你先走，把 Newberry 带到那扇要开的门那儿去。	building_b @ building_b	review
#str_300289	Don't worry about us. We're stayin' right here.	别担心我们，我们就守在这儿。	building_b @ building_b	review
#str_300290	Really, kid. Get going.	真的，小子，快走吧。	building_b @ building_b	review
#str_300291	Thanks for getting us out of there. I thought we were goners.	多谢把我们救出来。我还以为我们死定了。		review
#str_300292	We were trapped in the tunnel because the power went out and locked us in.	断电把门全锁死了，我们被困在隧道里出不来。		review
#str_300293	We must have been stuck in that section of tunnel for over three hours.	我们在那段隧道里少说困了三个多小时。		review
#str_300294	Ah, Corporal Kane. You continue to surprise me by staying alive. Go to Lieutenant Voss in that control room. He has orders for you.	啊，Kane 下士。你还活着，真是一次次让我意外。去那间控制室找 Voss 中尉，他有命令给你。		review
#str_300295	I don't think it is wise to keep Lieutenant Voss waiting. He is in that control room.	让 Voss 中尉久等可不明智。他就在那间控制室里。		review
#str_300296	I advise you to go see lutenant Voss immediately.	我建议你立刻去见 Voss 中尉。		review
#str_300297	{furrow}Corporal, go see lutenant Voss now!	{furrow}下士，马上去见 Voss 中尉！		review
#str_300298	Rhino Squad, huh? You guys are supposed to be pretty badass.	犀牛小队？听说你们都是狠角色。	building_b @ building_b	review
#str_300299	{puzzled}Yeah, did Rhino really save Austin, back when the Strogg attacked Earth?	{puzzled}对了，当年 Strogg 打地球的时候，奥斯汀真是犀牛小队救下来的？		review
#str_300300	Rodriguez, Singer. Go to containment door twelve. I am running a test.	Rodriguez、Singer，去十二号隔离门。我要做个测试。		review
#str_300301	Rodger that.	收到。	building_b @ building_b	review
#str_300302	{happy}Glad you made it back, Kane. {idle}Strauss, what's our situation?	{happy}很高兴你回来了，Kane。{idle}Strauss，现在什么情况？		review
#str_300303	I now control almost all containment doors. We cannot reach the controls to turn off the laser fence. The security door is locked and I cannot open it from here.	隔离门现在几乎都归我控制了。但我们够不到关闭激光栅栏的控制装置——安全门锁着，我在这边打不开。	building_b @ building_b	review
#str_300304	That's where you come in, Kane. Get down to Sub entrance one and free the engineering team that's trapped. Then escort one of the engineers up here to cut through that door. Take Singer and Rodriguez with you. Good luck.	所以就轮到你了，Kane。下到一号副入口，救出被困的工程队，然后护送一名工程师上来切开那扇门。带上 Singer 和 Rodriguez。祝你好运。		review
#str_300305	You've got your orders, Kane. Move out.	命令已经下了，Kane。出发。	building_b @ building_b	review
#str_300306	{furrow}Kane, what are you doing here? Get down to Sub Entrance One. We need that engineer ASAP!	{furrow}Kane，你还在这儿干什么？快下到一号副入口。我们急需那位工程师！		review
#str_300307	{furrow}Damn it, Kane. Get to Sub Entrance One now!	{furrow}该死，Kane。立刻去一号副入口！		review
#str_300308	This Strogg technology is very complex. I'm much too busy to talk.	这套 Strogg 技术非常复杂，我忙得没空闲聊。	building_b @ building_b	review
#str_300309	I have no time to chat. Leave me alone.	我没时间闲扯。别烦我。	building_b @ building_b	review
#str_300310	{furrow}Go away!	{furrow}走开！		review
#str_300311	{furrow}Why don't you take a step back?	{furrow}你就不能退后一步吗？		review
#str_300312	{furrow}You're gettin' on my nerves, Soldier.	{furrow}你惹毛我了，大兵。		review
#str_300313	{furrow}Please, do not crowd me.	{furrow}拜托，别挤过来。		review
#str_300314	{furrow}I have no time for your games. Get away from me.	{furrow}我没工夫陪你玩，离我远点。		review
#str_300315	Just got orders from lutenant Voss. We're accompanying you to Sub Entrance one.	刚接到 Voss 中尉的命令，我们陪你去一号副入口。		review
#str_300316	About damn time we get to frag some squibs.	妈的，可算能宰几个杂碎了。	building_b @ building_b	review
#str_300317	Okay, Strauss. Open the door.	好了，Strauss，开门吧。	building_b @ building_b	review
#str_300318	I will be locking the door behind you.	你们过去之后，我会把门锁上。	building_b @ building_b	review
#str_300319	Let's get a move on. We're in Strogg territory.	抓紧走吧，这里可是 Strogg 的地盘。	building_b @ building_b	review
#str_300320	Come on. We've got orders to get to Sub  entrance one.	走吧，我们奉命前往一号副入口。		review
#str_300321	Let's go. Those engineers in Sub Entrance one are waiting for us.	出发吧。一号副入口的工程师们还等着我们呢。		review
#str_300322	Stay quiet or the Strogg will hear us.	保持安静，不然会被 Strogg 听见。	building_b @ building_b	review
#str_300323	Let's get down to Sub entrance one pronto.	赶紧下到一号副入口去。		review
#str_300324	We got our orders. Keep moving toward Sub entrance one.	命令在身，继续朝一号副入口前进。		review
#str_300325	Hit that console and get the elevator up here now!	快按那个控制台，把电梯升上来！	building_b @ building_b	review
#str_300326	Damn. It's locked. Strauss, can you open this door?	该死，锁住了。Strauss，这扇门你能打开吗？	building_b @ building_b	review
#str_300327	Negative.	不能。	building_b @ building_b	review
#str_300328	This door's open. Let's go.	这扇门开了，走。	building_b @ building_b	review
#str_300329	Kane, what's the hold up? It's imperative you get to Sub Entrance one ASAP.	Kane，你在磨蹭什么？务必尽快赶到一号副入口。		review
#str_300330	To continue you must find the console that manually primes the door to sub entrance two.	要想继续前进，你得找到那个能手动预启二号副入口大门的控制台。		review
#str_300331	Very good. Now activating the door.	很好。正在启动大门。	building_b @ building_b	review
#str_300332	Just got word the Engineering team has seen Strogg in their vicinity. Step it up, Kane.	刚收到消息，工程队在附近发现了 Strogg。加快速度，Kane。	building_b @ building_b	review
#str_300333	Yes, I see where you are. I cannot open that door from here. Find the console that allows you to manually prime it.	对，我看到你的位置了。那扇门我从这边打不开。去找那个能手动预启它的控制台。	building_b @ building_b	review
#str_300334	Ah, much better.	啊，这就好多了。	building_b @ building_b	review
#str_300335	The kid here got careless. Didn't check the door before opening it. A Strogg was waitin' for him.	这小子大意了，开门前没检查。一个 Strogg 正等着他呢。	building_b @ building_b	review
#str_300336	He's lost a lot of blood.	他失血很多。	building_b @ building_b	review
#str_300337	H Q said a medic would be here in five minutes. That was ten minutes ago.	总部说医疗兵五分钟就到。那都是十分钟前的事了。	building_b @ building_b	review
#str_300338	{confused}You know what I'm talking about, right? {scared}We're gettin' slaughtered on every front because the Strogg got us out numbered.	{confused}我说的这些你懂吧？{scared}每条战线我们都在被屠杀，因为 Strogg 的数量远超我们。		review
#str_300339	{scared}The third armored walker division fought Strogg infantry about thirty clicks from here. Normally it'd be no contest, but there were so many Strogg, they swarmed the walkers.	{scared}第三装甲机甲师在离这儿三十公里左右和 Strogg 步兵干了一仗。按理说毫无悬念，可 Strogg 实在太多，硬是把机甲给淹没了。		review
#str_300340	{scared}Hey, I'm just tellin' like it is. We're all gonna wind up Strogg.	{scared}嘿，我只是实话实说。我们最后都得变成 Strogg。		review
#str_300341	{furrow}Don't listen to mister Sunshine over there. {idle}I've heard about plenty of battles we've won.	{furrow}别听那边那位「阳光先生」瞎咧咧。{idle}我可听说我们打赢的仗多着呢。		review
#str_300342	We have to stand a chance of winning, {puzzled}right? {idle}I mean, H Q wouldn't just throw away our lives on a lost cause.	我们总该有赢的机会，{puzzled}对吧？{idle}我是说，总部不会拿我们的命去填一场必输的仗。		review
#str_300343	{furrow}We're gonna win this war, damn it. The Strogg can't be allowed to attack Earth again.	{furrow}这场战争我们一定会赢，妈的。绝不能让 Strogg 再打到地球去。		review
#str_300344	{puzzled}You've heard the stories about what the Strogg do to prisoners, haven't ya?	{puzzled}Strogg 怎么处置俘虏的那些传闻，你听说过吧？		review
#str_300345	{furrow}We're like animals to the freaks. They have no problems experimenting on us.	{furrow}在那帮怪胎眼里我们就是牲口，拿我们做实验眼都不眨一下。		review
#str_300346	{furrow}I think we're gonna be in for a big shock if we ever storm one of their prisons.	{furrow}真要是哪天攻进它们的监狱，我们怕是会被吓个半死。		review
#str_300347	{scared}Shit, did you see that? {idle}I thought I was dead meat.	{scared}妈的，你看见没？{idle}我还以为自己死定了。		review
#str_300348	The squibs are tryin' to psyche us out and it's starting to work.	那帮杂碎在打心理战，而且还真开始见效了。	building_b @ building_b	review
#str_300349	You can't take three steps around here without checkin' over your shoulder.	在这地方走三步就得回头看一眼。	building_b @ building_b	review
#str_300350	Watch your step, Marine. This place is crawlin' with squibs.	走路当心点，大兵。这地方到处都是杂碎。	building_b @ building_b	review
#str_300351	The Strogg are testing our defenses, hitting us in one place and pulling back, then hitting us in another.	Strogg 在试探我们的防线：打一下就撤，换个地方再打。	building_b @ building_b	review
#str_300352	So far we've done a damn good job of holdin' the squibs back. We just have to keep it up.	到目前为止，我们把杂碎挡得死死的。保持下去就行。	building_b @ building_b	review
#str_300353	This hit and run bullshit by the freaks is getting to be real annoying.	这帮怪胎打了就跑的把戏，真是越来越烦人了。	building_b @ building_b	review
#str_300354	Biessman was attacked a few minutes ago. Poor bastard opened a door and wound up flat on his back with a Strogg chewin' on his neck.	Biessman 几分钟前遇袭了。可怜的家伙刚开门就被扑倒在地，一个 Strogg 死死咬住他的脖子。	building_b @ building_b	review
#str_300355	Hey, you seen Biessman? I wonder how he's doin?	嘿，你见到 Biessman 了吗？不知道他现在怎么样了。	building_b @ building_b	review
#str_300356	Hey, {puzzled}didn't I see you around the Air Defense Cannon? {idle}Yeah, you were part of the team that took the gun.	嘿，{puzzled}我是不是在防空炮那儿见过你？{idle}对，你就是夺炮小队的人。		review
#str_300357	{happy}You Marines got a major set of balls to storm a cannon like that. {idle}You could have just set charges around it and blown it up.	{happy}你们这帮陆战队员胆子真够肥的，居然硬冲那门炮。{idle}明明在四周装点炸药，一炸了事就行。		review
#str_300358	{happy}Using the Strogg's own cannon to destroy the door was brilliant, absolutely brilliant.	{happy}用 Strogg 自己的炮轰开那扇门，绝了，实在是绝了。		review
#str_300359	Kane, this is Voss. Grab a ride with Corporal Spencer. Hes in a truck nearby. Report to Sergeant Bidwell when you get to the Death convoy. Voss, out.	Kane，我是 Voss。搭 Spencer 下士的车，他就在附近的一辆卡车上。到了「死亡」车队后，向 Bidwell 中士报到。Voss 完毕。	convoy @ convoy	review
#str_300360	This is Eagle three on flyby, if theres Strogg in the area, theyre keeping out of sight.	这里是雄鹰三号，正在空中巡查。就算这一带有 Strogg，它们也躲得严严实实。		review
#str_300361	If youre the one needin a ride to the convoy, you better haul ass in that direction, Marine. From the sound of it, theyre gettin tired of waitin on you.	要搭车去车队的是你吧？那就赶紧朝那边跑，大兵。听那口气，他们等你都等得不耐烦了。	convoy @ convoy	review
#str_300362	Watch yourself. This zone is not completely free of Strogg.	自己当心，这片区域还没完全肃清 Strogg。	convoy @ convoy	review
#str_300363	No matter how many times we make a sweep of this area we still run into Strogg.	这片区域扫荡多少遍都没用，照样能撞见 Strogg。	convoy @ convoy	review
#str_300364	Keep your head down. Theres no tellin when more of the bastards will pop up.	把头压低点，谁知道那帮混蛋什么时候又冒出来。	convoy @ convoy	review
#str_300365	This is Walker 4 of Bison Squad on patrol. All clear.	这里是野牛小队四号「步行者」（walker），巡逻中。一切安全。	convoy @ convoy	review
#str_300366	Hey! Hey, Corporal Kane! Get over here on the double!	嘿！嘿，Kane 下士！跑步过来，快点！	convoy @ convoy	review
#str_300367	Corporal Kane, Lieutenant Voss said youd be riding with us. Hop on up and well get going.	Kane 下士，Voss 中尉说你跟我们一辆车。快上来，我们这就出发。	convoy @ convoy	review
#str_300368	All right, Doyle. Get this shit heap moving.	好了，Doyle，把这堆破铜烂铁开起来。	convoy @ convoy	review
#str_300369	Roger that. Lets move out.	收到。出发。	convoy @ convoy	review
#str_300370	You got any idea how far into Strogg territory these convoys are goin?	你知道这些车队要往 Strogg 的地盘里开多深吗？	convoy @ convoy	review
#str_300371	Far enough that youre gonna have to be fluent in Strogg if you wanna ask for directions.	深到你要想问个路，都得会一口流利的 Strogg 话。	convoy @ convoy	review
#str_300372	{happy}Heh, guess we better not get lost, huh?	{happy}呵，那咱们最好别迷路，是吧？		review
#str_300373	You got that right.	说得没错。	convoy @ convoy	review
#str_300374	Kane here was with the squad that took that cannon out.	这位 Kane，就是端掉那门炮的小队里的人。	convoy @ convoy	review
#str_300375	{puzzled}No shit? {idle}Nice work, soldier. Shuttin that down allowed the Hannibal to land. This is the only area on Stroggos we really control.	{puzzled}真的假的？{idle}干得漂亮，大兵。那门炮一停，汉尼拔号才降得下来。这可是我们在 Stroggos 上唯一真正控制的区域。		review
#str_300376	We got nothin to worry about. Rhino squad is here. Right, Kane?	咱们没什么好怕的，犀牛小队在这儿呢。对吧，Kane？	convoy @ convoy	review
#str_300377	Yeah, you boys have pulled off all sorts of impossible shit, havent you?	是啊，你们这帮家伙什么不可能的事都干成过，不是吗？	convoy @ convoy	review
#str_300378	Theyre still talkin about what Rhino did in Dallas, during the Earth invasion.	地球保卫战那会儿犀牛小队在达拉斯的事迹，到现在还有人念叨呢。	convoy @ convoy	review
#str_300379	Taking out an entire command center all by themselves. With talent like that, we got no worries at all.	单凭自己就端掉了一整个指挥中心。有这种本事的人在，咱们一点都不用愁。		review
#str_300380	Cut the chatter, gentlemen, and keep your eyes wide. Theres reports of Strogg in this area.	少闲聊，先生们，眼睛都放亮点。有报告说这一带有 Strogg。	convoy @ convoy	review
#str_300381	Have you heard how things are going along the front?	你听说前线的战况了吗？	convoy @ convoy	review
#str_300382	Same as usual. Soldiers are fightin and dyin and neither sides winnin.	老样子。士兵们打着、死着，可两边谁也赢不了。	convoy @ convoy	review
#str_300383	The thing is though, we cant keep this battle up much longer. Weve got to win it soon or were just gonna run out of men.	问题是，这么耗下去撑不了多久。再不速战速决，我们的人就要拼光了。	convoy @ convoy	review
#str_300384	And thats exactly why these convoys are going out, to tip the scales in our favor.	所以才要派出这些车队——为的就是把胜利的天平扳向我们这边。	convoy @ convoy	review
#str_300385	{scared}What the hell is that?	{scared}那到底是什么鬼东西？		review
#str_300386	I don't know and I don't wanna find out. C'mon Doyle! Get us out of here!	我不知道，也不想知道。快，Doyle！带我们离开这儿！		review
#str_300387	{happy}Woo hoo! Another flier bites it! {idle}Destroying the Strogg hangars really gave our flyboys the advantage they needed to gain air superiority in this zone.	{happy}哇哦！又一架飞行器完蛋了！{idle}端掉 Strogg 机库这一手，真是让咱们的飞行员在这片空域占尽了上风。		review
#str_300388	You might want to keep your head down, Kane. This place is full of Strogg.	头最好压低点，Kane。这地方到处是 Strogg。	convoy @ convoy	review
#str_300389	All right, Marines, keep on our toes. We might control this area, but the Strogg still like to make hit and run attacks.	好了，陆战队员们，都打起精神。这片区域虽说归我们控制，可 Strogg 还是喜欢打了就跑地偷袭。		review
#str_300390	The Strogg have got a squad pinned down!	Strogg 把一支小队压制住了！	convoy @ convoy	review
#str_300391	Hop on the last truck. We'll get you out of here!	跳上最后那辆卡车，我们带你们撤！	convoy @ convoy	review
#str_300392	Move it, Marines! Go! Go! Go!	快跑，陆战队员们！上！上！上！	convoy @ convoy	review
#str_300393	That flier just took out the end truck!	那架飞行器把队尾的卡车干掉了！		review
#str_300394	The flier's making a seond pass. I can't get a lock on him.	飞行器又绕回来了。我锁定不了它。	convoy @ convoy	review
#str_300395	Don't worry. We got his ass dead in our sights.	别慌，它已经死死咬在我们的准星里了。	convoy @ convoy	review
#str_300396	Ambush! Let's light em up!	有埋伏！给我狠狠打！	convoy @ convoy	review
#str_300397	Cmon, bitch! Get a little closer!!	来啊，贱货！再靠近点！！	convoy @ convoy	review
#str_300398	See any more Strogg?	还看得到 Strogg 吗？	convoy @ convoy	review
#str_300399	Hey, squib! That all you freakin got?	嘿，杂碎！你就这么点能耐？	convoy @ convoy	review
#str_300400	Dont be getting near me if you dont wanna die!	不想死就别靠近我！	convoy @ convoy	review
#str_300401	Send some more friends my way!	再多叫几个同伙来送死啊！	convoy @ convoy	review
#str_300402	You aint so bad!	你也不过如此！	convoy @ convoy	review
#str_300403	Oooorah!	呜——啦！	convoy @ convoy	review
#str_300404	You enjoying the show, Kane?	这场好戏看得过瘾吧，Kane？	convoy @ convoy	review
#str_300405	Hooie, this is gettin fun.	嚯，越来越有意思了。		review
#str_300406	Damn this gun gets hot.	妈的，这枪烫得厉害。	convoy @ convoy	review
#str_300407	Holy shit! A dropship's gonna auger in!	我操！一艘运输船要栽下来了！		review
#str_300408	Those poor bastards.	那些可怜的家伙。		review
#str_300409	So this where Raven squad got it?	渡鸦小队就是在这儿全灭的？	convoy @ convoy	review
#str_300410	Yup, they took the brunt of it. Poor bastards never knew what they were walking into.	对，最狠的火力全砸他们头上了。可怜的家伙们到死都不知道自己踏进了什么鬼地方。	convoy @ convoy	review
#str_300411	This is Walker 12 of Bison squad. Got a bogie at 6 o clock.	这里是野牛小队十二号「步行者」（walker）。六点钟方向发现不明目标。	convoy @ convoy	review
#str_300412	Ive got signal lock. Hes not getting away from me this time.	信号已锁定。这次它别想从我手里溜掉。	convoy @ convoy	review
#str_300413	Where the hell did he go?	它到底跑哪儿去了？	convoy @ convoy	review
#str_300414	The target has been eliminated. Score one for the good guys.	目标已消灭。好人这边得一分。	convoy @ convoy	review
#str_300415	You can get off, Kane. This is your stop.	可以下车了，Kane。你到站了。	convoy @ convoy	review
#str_300416	See you around.	回头见。	convoy @ convoy	review
#str_300417	Kane, this is voss. We can't move the convoy forward until you take out the Strogg turrets ahead.	Kane，我是 Voss。你不把前面的 Strogg 炮塔清掉，车队就没法前进。		review
#str_300418	Get that door closed now!	马上把那扇门关上！	convoy @ convoy	review
#str_300419	Ah, I see the proverbial bad penny has turned up yet again. Sergeant Bidwell is waiting for you at the front of this tunnel.	啊，俗话说得好，祸害遗千年——你又出现了。Bidwell 中士在隧道前头等你。	convoy @ convoy	review
#str_300420	{furrow}Perhaps you do not realize that Sergeant Bidwell is not a man to be kept waiting.	{furrow}你恐怕还没搞清楚，Bidwell 中士可不是个能让人晾着的主儿。		review
#str_300421	If I were you, I would go and find Sergeant Bidwell as soon as possible. He can be much more frightening than any Strogg.	换成我，就赶紧去找 Bidwell 中士。他发起火来可比任何 Strogg 都吓人。	convoy @ convoy	review
#str_300422	{furrow}Kane, find Sergeant Bidwell immediately.	{furrow}Kane，立刻去找 Bidwell 中士。		review
#str_300423	Kane, we got landmines ahead. Youre gonna have to shoot em to detonate em.	Kane，前面有地雷。你得开枪把它们引爆。	convoy @ convoy	review
#str_300424	Crap, that must be one of those drop turrets. Theyre dropped by stealth air units flying in low orbit. Intel says these buggers are nasty.	见鬼，那肯定是那种空投炮塔，由低轨道上的隐形飞行器投放。情报说这玩意儿相当难缠。	convoy @ convoy	review
#str_300425	H Q, this is Famine. We are in transit now.	总部，这里是「饥荒」车队。我们已经上路。		review
#str_300426	Roger that, Famine. Pestilence is already underway. Godspeed.	收到，「饥荒」车队。「瘟疫」车队已经出发。一路顺风。	convoy @ convoy	review
#str_300427	Ah, Corporal Kane, I trust you are ready for our mission. {happy}Its not everyday you get to save the Earth, eh?	啊，Kane 下士，想必你已经为任务做好准备了。{happy}拯救地球的机会可不是天天有，对吧？		review
#str_300428	But is it really a surprise that Sledge could {puzzled}defeat a Strogg? {idle}Look at him. Hes as big as a Russian bear.	不过话说回来，Sledge 能{puzzled}打赢一个 Strogg 很意外吗？{idle}瞧瞧他，块头跟俄国棕熊一样大。		review
#str_300429	H Q, this is War.	总部，这里是「战争」车队。	convoy @ convoy	review
#str_300430	This is H Q, go ahead.	这里是总部，请讲。	convoy @ convoy	review
#str_300431	We are proceeding to checkpoint one.	我们正前往一号检查点。	convoy @ convoy	review
#str_300432	Kane, this is Voss. Keep your eyes open. Intelligence is reporting a high concentration of Strogg in your vicinity.	Kane，我是 Voss。提高警惕，情报显示你附近有大量 Strogg 集结。		review
#str_300433	H Q, this is Eagle eight. We are doing a flyby of Famine. Everything is in the green.	总部，这里是雄鹰八号。正在对「饥荒」车队进行空中巡查，一切正常。		review
#str_300434	{puzzled}Have you heard the claim to fame of our very own Nikolai Slidjonovitch? {idle}He is the only human to have ever killed a Strogg with his bare hands.	{puzzled}你听说过咱们这位 Nikolai Slidjonovitch 的成名事迹吗？{idle}他可是唯一一个赤手空拳杀死过 Strogg 的人类。		review
#str_300435	What makes Sledges encounter truly impressive is that he had a bullet lodged in his left lung during the battle.	Sledge 那一战真正了不起的地方在于：交手时他左肺里还卡着一颗子弹。	convoy @ convoy	review
#str_300436	Kane, you have to exit your tank to open the doors. But watch yourself. The Strogg might be waiting in ambush.	Kane，你得下坦克才能开门。多加小心，Strogg 可能设了埋伏。	convoy @ convoy	review
#str_300437	H Q, this is Death. We are moving forward and will keep you apprised of our status.	总部，这里是「死亡」车队。我们正在推进，会随时通报状况。	convoy @ convoy	review
#str_300438	Youre doing a great job, Corporal. But keep sharp, theres still reports of Strogg in the area.	干得很出色，下士。但保持警觉，仍有报告说这一带有 Strogg。	convoy @ convoy	review
#str_300439	H Q, H Q, this is War. We are under attack from Strogg infantry.	总部，总部，这里是「战争」车队。我们正遭到 Strogg 步兵袭击。	convoy @ convoy	review
#str_300440	Roger that, War. Air support has been dispatched.	收到，「战争」车队。空中支援已经出动。	convoy @ convoy	review
#str_300441	War, this is Eagle nine. You might want to duck and cover. This is going to get messy.	「战争」车队，这里是雄鹰九号。你们最好低头找好掩护，场面马上会很难看。		review
#str_300442	Woo hoo! Nice shootin, Eagle nine.	哇哦！打得漂亮，雄鹰九号。		review
#str_300443	My pleasure.	乐意效劳。	convoy @ convoy	review
#str_300444	H Q, this is War. We are resuming our mission.	总部，这里是「战争」车队。我们继续执行任务。	convoy @ convoy	review
#str_300445	H Q, this is Pestilence. We have reached check point one and are proceeding to check point two.	总部，这里是「瘟疫」车队。我们已抵达一号检查点，正前往二号检查点。	convoy @ convoy	review
#str_300446	Death, this is H Q. What is your status?	「死亡」车队，这里是总部。报告你们的状况。	convoy @ convoy	review
#str_300447	We are in the green and proceeding forward.	一切正常，正在继续推进。	convoy @ convoy	review
#str_300448	Very good. H Q out.	很好。总部完毕。	convoy @ convoy	review
#str_300449	Good job back there, Kane. You kept em off us. Heres your stop. Go ahead and get off.	刚才干得漂亮，Kane，是你把它们挡住的。你到站了，下车吧。	convoy @ convoy	review
#str_300450	Its been a pleasure, Kane. Watch yourself.	合作愉快，Kane。自己当心。	convoy @ convoy	review
#str_300451	Kane, this is Voss. You see that laser fence in front of you? Were gonna need your help taking it down.	Kane，我是 Voss。看到你面前那道激光栅栏了吗？我们需要你帮忙把它弄掉。	convoy @ convoy	review
#str_300452	H Q! H Q! This is the convoy Famine!! The Strogg have launched missiles on us.	总部！总部！这里是「饥荒」车队！！Strogg 朝我们发射了导弹。	convoy @ convoy	review
#str_300453	Famine, this is H Q. Air support is on its way.	「饥荒」车队，这里是总部。空中支援正在赶来。	convoy @ convoy	review
#str_300454	Negative. Do not send back up. The area is swarming with Strogg. Were a lost cause.	不必了。不要派增援，这一带全是 Strogg。我们已经没救了。	convoy @ convoy	review
#str_300455	Kane, you still there? Were down to three convoys so haul ass meet me at the building just up ahead. We need you to take down that fence. Voss, out.	Kane，还在吗？车队只剩三支了，赶紧跑步到前面那栋建筑跟我会合。我们需要你把那道栅栏弄掉。Voss 完毕。	convoy @ convoy	review
#str_300456	What the hell are we doing messing with a bomb like this?	我们到底为什么要摆弄这么个炸弹？	convoy @ convoy	review
#str_300457	Whats the worry? You got a pacemaker?	慌什么？你装了心脏起搏器？	convoy @ convoy	review
#str_300458	I know an electromagnetic burst wont hurt us, but if this thing went off, the charge would fry every piece of electronic gear for half a mile.	我知道电磁脉冲伤不了人，可这玩意儿一旦引爆，方圆半英里的电子设备全得烧成废铁。	convoy @ convoy	review
#str_300459	Dont worry, this isnt really a bomb, at least not a conventional one. Theres no explosion.	别担心，这其实算不上炸弹，至少不是常规炸弹。它不会爆炸。	convoy @ convoy	review
#str_300460	What this device does is generate a magnetic pulse. A wave of energy that overloads any nearby electrical equipment.	这个装置的作用是产生磁脉冲——一股能让附近所有电气设备过载的能量波。	convoy @ convoy	review
#str_300461	This bomb will burn out every electronic device in a half mile radius.	这颗炸弹能烧毁半英里半径内的所有电子设备。	convoy @ convoy	review
#str_300462	Doesnt it make you nervous were heading in the opposite direction of everyone else?	大部队都往那边走，咱们偏偏反着来，你就不发怵吗？		review
#str_300463	Its meant to draw the Strogg forces away from us.	那是为了把 Strogg 的兵力从我们这边引开。	convoy @ convoy	review
#str_300464	But what if were caught? The Strogg could turn around and use our E M P bombs against us.	可万一被抓住呢？Strogg 转手就能用我们的 EMP 炸弹来对付我们。	convoy @ convoy	review
#str_300465	Im sure H Qs thought of that. At least I hope they have.	总部肯定考虑过这点。至少我希望他们考虑过。	convoy @ convoy	review
#str_300466	I know the Rhino Squad is badass, but we really need more security on this convoy.	我知道犀牛小队很能打，可这支车队真该多派点警卫。	convoy @ convoy	review
#str_300467	You know where wed be if the Strogg captured an E M P and set it off near the Hannibal? Wed be fightin the rest of this war with rocks and sticks.	你知道要是 Strogg 缴获一颗 EMP，在汉尼拔号旁边引爆会怎样吗？这场仗剩下的日子，我们就只能拿石头和棍子打了。	convoy @ convoy	review
#str_300468	I know the war isnt exactly going our way, but this mission is too risky. Seems like we stand a good chance of making things a lot worse for ourselves.	我知道战局对我们不算有利，可这次任务风险太大了。搞不好反而把我们自己坑得更惨。	convoy @ convoy	review
#str_300469	Hannibal, this is Death. Do you read?	汉尼拔号，这里是「死亡」车队。能收到吗？	convoy @ convoy	review
#str_300470	Affirmative Death. Now switching to frequency 5 1 2.	收到，「死亡」车队。正在切换到 512 频率。	convoy @ convoy	review
#str_300471	Roger that. Switching to frequency five one two now.	明白。现在切换到 512 频率。		review
#str_300472	I cant believe the level of security on this mission. I tried calling home and a couple of M Ps jumped me. Said I couldnt have any outside access.	这次任务的保密级别真是离谱。我就想往家里打个电话，立马被两个宪兵按住，说我不许和外界有任何联系。	convoy @ convoy	review
#str_300473	Even if I was stupid enough to say something about our mission, it takes six freakin hours for messages to reach home. Were gonna be done long before that.	就算我蠢到把任务说漏了嘴，消息传回家也得六个钟头。那时候我们早就完事了。		review
#str_300474	Besides that do they think my Moms a Strogg sympathizer?	再说了，难道他们还怀疑我妈通 Strogg 不成？	convoy @ convoy	review
#str_300475	Can you imagine the party for us back on Earth when this is over? Were gonna be war heroes!	你能想象打完仗回到地球，给咱们办的庆功会吗？我们可是战争英雄！	convoy @ convoy	review
#str_300476	And, seein as how were the brave warriors who protected Earth, the girls are gonna be very appreciative. Oh, its gonna be a sweet time.	再说了，咱们可是保卫地球的勇士，姑娘们还不得对咱们感激涕零？哦，那日子想想都美。	convoy @ convoy	review
#str_300477	But Im not quitting the Corps, even after the war is over. Its the perfect place for a man of my skills... and temperament.	不过就算仗打完了，我也不打算退伍。这地方太适合我这种有本事……又有脾气的人了。	convoy @ convoy	review
#str_300478	{furrow}Kane! Where the hell have you been? Lieutenant Voss wants you to catch up with him. {idle}Hop on that truck and theyll get you where you need to be.	{furrow}Kane！你死哪儿去了？Voss 中尉要你去跟他会合。{idle}跳上那辆卡车，他们会把你送到地方。		review
#str_300479	{furrow}What are you doin wasting my time? Get on that truck and get movin.	{furrow}你在这儿浪费我时间干什么？上那辆卡车，赶紧走。		review
#str_300480	{furrow}Kane, you are tryin my patience. Get on that damn truck now!	{furrow}Kane，你是在挑战我的耐性。立刻给我上那辆该死的卡车！		review
#str_300481	{furrow}Corporal, get on that truck before I throw your sorry ass on it myself!	{furrow}下士，快上那辆卡车，别逼我亲手把你扔上去！		review
#str_300482	Welcome aboard, Corporal Kane. I hope youre handy with that weapon. Were gonna traveling through some pretty hot zones.	欢迎上车，Kane 下士。希望你那把枪使得顺手，我们要穿过几片相当危险的交战区。	convoy @ convoy	review
#str_300483	There, to the left!	那儿，左边！	convoy @ convoy	review
#str_300484	Over on the left!	在左边！	convoy @ convoy	review
#str_300485	To your left!	你的左边！	convoy @ convoy	review
#str_300486	Theres more on the left!	左边还有！	convoy @ convoy	review
#str_300487	Look left!	看左边！	bidwell @ ai	review
#str_300488	To the right!	右边！	convoy @ convoy	review
#str_300489	Over to the right!	在右边！	convoy @ convoy	review
#str_300490	On the right!	就在右边！	convoy @ convoy	review
#str_300491	There, to your right!	那儿，你的右边！	convoy @ convoy	review
#str_300492	Look right!	看右边！	convoy @ convoy	review
#str_300493	Weve been hit!	我们中弹了！	convoy @ convoy	review
#str_300494	Youve gotta stop em, Kane!	你得拦住它们，Kane！	convoy @ convoy	review
#str_300495	Were takin damage!	我们一直在挨打！	convoy @ convoy	review
#str_300496	Hey! Theyre hittin us!	嘿！它们在打我们！	convoy @ convoy	review
#str_300497	Shoot em, damn it!	开枪打它们啊，妈的！	convoy @ convoy	review
#str_300498	Kane, this is Morris. Youre supposed to take that vehicle elevator just ahead. From there you shouldnt have any trouble hooking up with us. Morris out.	Kane，我是 Morris。走前面那部载具电梯上来，之后跟我们会合应该就不难了。Morris 完毕。	convoy @ convoy	review
#str_300499	H Q, this is Armadillo Squad. We entered the vehicle tunnels just as the power went out. Now were trapped because all doors are in lockdown. Well keep you apprised of our situation.	总部，这里是犰狳小队。我们刚进载具隧道就断电了。现在所有门都进入封锁状态，我们被困住了。有情况会随时向你们通报。	convoy @ convoy	review
#str_300500	Kane, this is Lieutenant Voss. Head towards the facility dead ahead. See you there. Voss, out.	Kane，我是 Voss 中尉。朝正前方的设施前进，我们在那儿碰头。Voss 完毕。		review
#str_300501	An admirable job, Corporal.	干得可圈可点，下士。	core @ core	review
#str_300502	Quite easily because I won. Pay up.	很简单，因为我赢了。掏钱吧。		review
#str_300503	All right. All right. Hey, what do ya say we go for double or nothing? That okay with you, Kane?	行行行。嘿，要不咱们来把双倍或全免？Kane，你没意见吧？	core @ core	review
#str_300504	ha ha ha	哈哈哈		review
#str_300505	What's the meaning of this?	这是什么意思？		review
#str_300506	Yes?	什么事？	core @ core	review
#str_300507	Yes, sir. What is it?	是，长官。什么事？	core @ core	review
#str_300508	But sir. Kane just got back.	可是长官，Kane 才刚回来。	core @ core	review
#str_300509	Yes, sir. I'll see to it.	是，长官。我这就去办。	core @ core	review
#str_300510	Kane, you have new orders...	Kane，你有新的命令……	core @ core	review
#str_300511	An admirable job? What the hell are you talkin about? Kane kicked the Makrons ass! Good job, buddy!	可圈可点？你说的这是什么屁话？Kane 把 Makron 揍了个稀巴烂！干得漂亮，伙计！		review
#str_300512	Come on back in, Kane. Your work's done.	回来吧，Kane。你的活儿干完了。	core @ core	review
#str_300513	The Makron's dead and the Nexus is destroyed. Not a bad bit of work, Kane.	Makron 死了，Nexus 也毁了。干得不赖，Kane。	core @ core	review
#str_300514	And because of that, we have finally established a foothold on Stroggos.	正因如此，我们终于在 Stroggos 上站稳了脚跟。		review
#str_300515	It is more than just a foothold, Strauss. The Strogg forces are falling back as quickly as we can chase after them. And that is due entirely to the efforts of one man, Corporal Kane.	这可不只是站稳脚跟，Strauss。Strogg 部队正在全线溃退，我们追都追不上。而这一切，全靠一个人的功劳——Kane 下士。		review
#str_300516	lutenant Voss would have been proud of ya, buddy. You survived the impossible.	Voss 中尉要是还在，一定会为你骄傲，伙计。你从绝境里活着回来了。		review
#str_300517	And speaking of that, there is the small matter of the wager I have won. Kane still lives.	说到这个，还有件小事——我赢的那个赌。Kane 还活着。	core @ core	review
#str_300518	Alex, how could you bring up money at a time like this?	Alex，都什么时候了，你还提钱？		review
#str_300519	Corporal Kane, can you hear me? Hopefully the shielding around the Core will not completely block my signal.	Kane 下士，听得到吗？但愿核心周围的屏蔽层不会把我的信号完全隔断。	core @ core	review
#str_300520	Kane. Security has been activated and The Core is lowering back into the ground. You are being sealed in the building and completely cut off from our help. But I will continue to track you as best I can. Remember your primary goal is to locate and destroy the Nexus.	Kane，安保系统已经启动，核心正在沉回地下。你会被封死在建筑里，完全得不到我们的支援。但我会尽力持续追踪你。记住，你的首要目标是找到并摧毁 Nexus。		review
#str_300521	I must admit to being envious of you, Corporal Kane. The technology you are witnessing must be truly spectacular.	我必须承认我很嫉妒你，Kane 下士。你亲眼所见的科技，想必蔚为壮观。	core @ core	review
#str_300522	Intruder detected in Security Bay. Tactical team dispatched.	安保区检测到入侵者。战术小队已出动。		review
#str_300523	Core security set to full alert.	核心安保进入全面警戒。		review
#str_300524	Invader detected. Terminate immediately.	检测到入侵者。立即消灭。		review
#str_300525	Teleportation to exterior locations deactivated.	通往外部地点的传送已关闭。		review
#str_300526	Scanners activated.	扫描器已启动。		review
#str_300527	Corporal Kane, you must find an elevator to the lower levels. There you will locate the Nexus.	Kane 下士，你必须找到通往下层的电梯。Nexus 就在那里。		review
#str_300528	You are about to enter the room that houses the Nexus, Corporal Kane. Watch yourself, security will be at its strongest there.	你就要进入安置 Nexus 的房间了，Kane 下士。当心，那里的安保是最严密的。		review
#str_300529	You did it, Kane! You are now looking at a sight only the Makron has ever laid eyes on. The Nexus is the backbone of the Strogg war machine. Destroy it, and you save Earth.	你做到了，Kane！你眼前的景象，从前只有 Makron 亲眼见过。Nexus 是 Strogg 战争机器的支柱。摧毁它，你就拯救了地球。	core @ core	review
#str_300530	This is H Q to all squads. A Marine named Matthew Kane is missing but presumed to be enroute to the waste level. Despite his Strogg appearance, he is friend not foe. Be careful of your targets.	总部呼叫各小队。陆战队员 Matthew Kane 目前失踪，推测正在前往废料层。虽然他外表像 Strogg，但他是友非敌。开火前务必认清目标。		review
#str_300531	What is this place?	这是什么地方？		review
#str_300532	It's where the Strogg ship Stroyant to their troops.	Strogg 就是在这里把 「斯托伊文特」（Stroyent） 输送给部队的。		review
#str_300533	What's Stroyant?	「斯托伊文特」（Stroyent） 是什么？		review
#str_300534	Food for the Strogg.	Strogg 的食物。		review
#str_300535	It sure as hell reeks.	这味儿可真他妈冲。		review
#str_300536	To any Marines... Head to the Waste Facility. Just outside is your extraction point.	全体陆战队员……前往废料处理厂。撤离点就在厂外。	dispersal_1 @ dispersal_1	review
#str_300537	Holy shit! They've got machines here chopping up the bodies of captured Marines.	妈的！这里的机器在把被俘陆战队员的尸体剁碎。		review
#str_300538	That's what Stroyant is. They get rid of the body armor and bones, then they liquefy the flesh and add steroids.	这就是 「斯托伊文特」（Stroyent） 的来历。他们先去掉盔甲和骨头，再把血肉液化，掺进类固醇。		review
#str_300539	This is Sasaki of Kodiak Squad. My squad was ambushed. I’m the only survivor. What are my orders?	我是棕熊小队的 Sasaki。小队遭到伏击，只有我一个人活下来了。请指示。		review
#str_300540	This is Cobra squad in the Waste Level. We're under attack! Three men are dead and Lieutenant Melendez is missing! Any teams nearby, please respond.	这里是废料层的眼镜蛇小队。我们遭到攻击！三人阵亡，Melendez 中尉失踪！附近的小队，请回话。		review
#str_300541	Morrison this is Cooper. We're in the level just below you and we're meeting heavy resistance. Get down here ASAP!	Morrison，我是 Cooper。我们就在你们下面一层，遭遇顽强抵抗。赶紧下来支援！		review
#str_300542	To all Marines. Meet up at the primary extraction point just outside the Waste facility.	全体陆战队员注意。到废料处理厂外的主撤离点集合。		review
#str_300543	This is Cobra squad. We are entering the Waste Level.	这里是眼镜蛇小队。我们正在进入废料层。		review
#str_300544	H Q, this is Condor squad. Request permission to retreat. We have sustained heavy casualties.	总部，这里是神鹰小队。请求批准撤退。我们伤亡惨重。		review
#str_300545	Request granted, Condor squad. Return to the extraction point outside the waste facility.	批准撤退，神鹰小队。返回废料处理厂外的撤离点。		review
#str_300546	Roger that H Q.	收到，总部。		review
#str_300547	{scared}Shit, you need to be careful, I thought you were one of those freaks!	{scared}妈的，你可小心点，我还以为你是那帮怪胎！		review
#str_300548	{puzzled}Rhino Squad, eh?	{puzzled}犀牛小队的，是吧？		review
#str_300549	{puzzled}So what are we gonna do here?	{puzzled}那我们在这儿要干什么？		review
#str_300550	Our mission's to clear hostiles out of the hangars so a demolitions team can work safely. Unfortunately comlink signals can't penetrate the rock of this mountain.	我们的任务是清除机库里的敌人，好让爆破组安全作业。可惜通讯信号穿不透这座山的岩层。	hangar_1 @ hangar_1	review
#str_300551	I suppose I could stay here and relay the com signals for you guys.	要不我留在这儿，帮你们中继通讯信号。	hangar_1 @ hangar_1	review
#str_300552	{happy}That'd be great. C'mon, let's go.	{happy}那太好了。走，出发。		review
#str_300553	Viper Squad, this is Morris. H Q's finally located a demolition team for the hangars. They should be there soon.	毒蛇小队，我是 Morris。总部总算给机库找到了一支爆破组，他们应该很快就到。		review
#str_300554	Thanks, Morris. Viper Squad, out.	多谢，Morris。毒蛇小队，完毕。	hangar_1 @ hangar_1	review
#str_300555	C'mon. We gotta move fast.	走吧，我们得快点。		review
#str_300556	{furrow}You should be the one who has to hang back while I get to frag Strogg.	{furrow}该留守的是你才对，让我去宰 Strogg。		review
#str_300557	{furrow}Here I am, the most talented war machine ever trained by the Marine Corps, and I'm kept out of action.	{furrow}我，陆战队有史以来训练出的最天才的战争机器，居然被晾在一边没仗打。		review
#str_300558	Go. Just go. But ice a few freaks for me, would ya?	走吧走吧。不过替我多干掉几个怪胎，行不？	hangar_1 @ hangar_1	review
#str_300559	{furrow}Ya mind? You're crowding me.	{furrow}介意让让吗？你都快贴到我身上了。		review
#str_300560	{furrow}What? What do you want?	{furrow}干嘛？你想怎样？		review
#str_300561	There's no time to jaw. We gotta take out those hangars.	没时间闲扯了，我们得去端掉那些机库。	hangar_1 @ hangar_1	review
#str_300562	{furrow}Kid, men are dyin' every second we allow those hangars to operate.	{furrow}小子，机库多运转一秒，就有弟兄在送命。		review
#str_300563	Why don't we just keep movin'?	我们还是继续前进吧？	hangar_1 @ hangar_1	review
#str_300564	The Strogg hangars operate on the same principle as old Earth aircraft carriers	Strogg 机库的运作原理，和地球上的老式航空母舰如出一辙。	hangar_1 @ hangar_1	review
#str_300565	Strogg fliers are pretty much thrown out of the hangars like a rock in a kid's slingshot.	Strogg 飞行器基本上是被机库甩出去的，就像小孩弹弓里射出的石子。	hangar_1 @ hangar_1	review
#str_300566	Strogg machinery is an odd combination of high and low tech. I guess once they find something that works, they don't try to improve it.	Strogg 的机械是高科技和土办法的古怪结合。我猜他们只要发现什么好使，就懒得再改进了。	hangar_1 @ hangar_1	review
#str_300567	{puzzled}Are you the Matthew Kane everyone was talking about a few months back?	{puzzled}你就是几个月前大家都在议论的那个 Matthew Kane？		review
#str_300568	{confused}Are you really under orders not to discuss what happened on that space station?	{confused}上头真下了命令，不许你谈那个空间站上发生的事？		review
#str_300569	{puzzled}C'mon. What really happened up there?	{puzzled}说嘛，上面到底发生了什么？		review
#str_300570	Here. Take Lieutenant Hughes weapon. I dont think hes gonna be needing it anytime soon. 	给，拿上 Hughes 中尉的武器。我看他一时半会儿是用不上了。		review
#str_300571	{confused}Corporal Kane, right? {idle}I'm Corporal Mahler.	{confused}Kane 下士，对吧？{idle}我是 Mahler 下士。		review
#str_300572	{furrow}Strogg fliers are a tremendous pain in the ass to our ground forces so it's our mission to destroy those hangars.	{furrow}Strogg 飞行器让我们的地面部队吃尽了苦头，所以我们的任务就是摧毁那些机库。		review
#str_300573	Once we disable the hangars all these fliers'll be useless.	只要瘫痪机库，这些飞行器就全成废铁了。	hangar_1 @ hangar_1	review
#str_300574	{furrow}Damn. The door's locked and it's our only way through.	{furrow}该死。门锁死了，这可是唯一的通路。		review
#str_300575	That window's reinforced glass. It'd take a lot more than our weapons to break it.	那扇窗是强化玻璃，光凭我们这些武器可打不破。	hangar_1 @ hangar_1	review
#str_300576	Hey, Kane. You're the scout. {puzzled}Why don't you see if there's another way into that section?	嘿，Kane，你是侦察兵。{puzzled}去看看有没有别的路能进那片区域？		review
#str_300577	{puzzled}What the Sam Hill's going on?	{puzzled}这到底是搞什么名堂？		review
#str_300578	{confused}Kane, what are you doing?	{confused}Kane，你在干什么？		review
#str_300579	{furrow}Son of a bitch! {scared}You're gonna kill us!	{furrow}狗娘养的！{scared}你会害死我们的！		review
#str_300580	{happy}It worked! Good job, Kane!	{happy}成功了！干得漂亮，Kane！		review
#str_300581	{happy}I bet the eggheads back at H Q would love to get their hands on this baby.	{happy}我敢说总部那帮书呆子肯定想把这宝贝弄到手。		review
#str_300582	{puzzled}Wow, would ya look how they store their aircraft?  {idle}We could learn a lot from this place.	{puzzled}哇，瞧瞧他们存放飞行器的方式。{idle}这地方能让我们学到不少东西。		review
#str_300583	{confused}Shit, no wonder they're giving our infantry so much trouble. {idle}Look at the number of fliers they got.	{confused}妈的，难怪我们步兵被折腾得够呛。{idle}瞧瞧他们这飞行器的数量。		review
#str_300584	{furrow}Keep your shit wired tight. {idle}Were the first humans to ever set foot here and you can bet your ass we arent welcome.	{furrow}都给我打起十二分精神。{idle}我们是头一批踏上这里的人类，我敢打包票，这儿不欢迎我们。		review
#str_300585	Aint this just fuckin sweet? Hold up a sec.	这可真他妈带劲，是吧？停一下。	hangar_2 @ hangar_2	review
#str_300586	Stay calm.	保持冷静。	hangar_2 @ hangar_2	review
#str_300587	Dont let em spook ya.	别被它们吓住。	hangar_2 @ hangar_2	review
#str_300588	Hold up.	停下。	hangar_2 @ hangar_2	review
#str_300589	Ready? . . . Go!	准备好了？……上！	hangar_2 @ hangar_2	review
#str_300590	{furrow}Cease fire! Cease fire!	{furrow}停火！停火！		review
#str_300591	{furrow}Hold your fire!	{furrow}别开枪！		review
#str_300592	The area appears secure. Hey, Morris, whats the E T A on the demo team?	这片区域看来安全了。嘿，Morris，爆破组还要多久到？		review
#str_300593	Lock and load!	子弹上膛！		review
#str_300594	{scared}Holy shit! Take those turrets out now!	{scared}妈的！快把那些炮塔干掉！		review
#str_300595	The demolition team is waiting for the all clear before advancing.	爆破组正在等待安全信号，然后才会推进。		review
#str_300596	{scared}Puccini's been hit! He's down!	{scared}Puccini 中弹了！他倒下了！		review
#str_300597	{scared}We just lost Elgar!	{scared}Elgar 牺牲了！		review
#str_300598	{scared}Elgar's been killed!	{scared}Elgar 阵亡了！		review
#str_300599	{scared}Damn it! We just lost Puccini!	{scared}该死！Puccini 没了！		review
#str_300600	Morris, this is Viper squad. We've made a successful sweep of the area. Give an all clear to the demo team.	Morris，这里是毒蛇小队。区域清剿完毕，通知爆破组可以推进了。	hangar_2 @ hangar_2	review
#str_300601	Kane, this is Morris. The demo team should be near the top of the elevator. Go meet 'em. There should be a little surprise for you.	Kane，我是 Morris。爆破组应该快到电梯顶层了，去接应他们。那儿还有个小惊喜等着你。		review
#str_300602	{happy}Still alive and kickin', eh Kane? {idle}I'm beginning to see how you made it off that space station.	{happy}还活蹦乱跳呢，Kane？{idle}我算明白你是怎么从那个空间站活着出来的了。		review
#str_300603	{puzzled}Wait a minute. This is the Corporal Kane? {confused}I thought he'd be a lot bigger.	{puzzled}等等，这就是那位 Kane 下士本尊？{confused}我还以为他块头会大得多。		review
#str_300604	Rhodes, if you're done with Viper squad, send em on down to my position.	Rhodes，要是毒蛇小队那边完事了，就让他们下来我这边。	hangar_2 @ hangar_2	review
#str_300605	They're on their way, Morris. Rhodes out. You heard Morris. Get goin.	他们这就过去，Morris。Rhodes 完毕。都听到 Morris 说的了，出发。	hangar_2 @ hangar_2	review
#str_300606	Yes, sir.	是，长官。	hangar_2 @ hangar_2	review
#str_300607	{happy}C'mon, Kane. Let's go make some noise.	{happy}来吧，Kane，咱们去闹出点大动静。		review
#str_300608	Wish I could go, but I've got orders to meet Corporal Morris.	我也想去，可我奉命要去见 Morris 下士。		review
#str_300609	Sorry. I've gotta meet up with Corporal Morris.	抱歉，我得去和 Morris 下士会合。		review
#str_300610	I can't go with you. My orders are to rendezvous with Corporal Morris.	我不能跟你们走。我的命令是去和 Morris 下士会合。		review
#str_300611	You heard Rhodes. I'm supposed to meet up with Corporal Morris.	你也听到 Rhodes 说的了，我得去找 Morris 下士。		review
#str_300612	Corporal Rhodes wants me to meet Corporal Morris.	Rhodes 下士要我去见 Morris 下士。		review
#str_300613	You go on. I have to meet up with Corporal Morris.	你们先走，我得去和 Morris 下士会合。		review
#str_300614	What are you waitin' for? Lead the way to the hangars.	还等什么？带路去机库。		review
#str_300615	I can't find the hangars alone. Let's get going.	光靠我一个人可找不到机库。走吧。		review
#str_300616	Kane, try and keep the Strogg off me. These charges I'm carrying don't react well to gettin' hit by weapons fire. And, just so you know, these puppies do go off, they're gonna take out you, me and half this mountain.	Kane，尽量别让 Strogg 近我的身。我背的这些炸药可经不起枪林弹雨。先跟你说清楚，这些宝贝真要是炸了，你、我，连半座山都得一起报销。		review
#str_300617	Aw shit, its gonna blow.	妈的，要炸了！		review
#str_300618	Okay, that's one.	好，这是第一处。	hangar_2 @ hangar_2	review
#str_300619	That's number two. C'mon, Kane. Let's get somewhere safe then we can fire these charges off. Follow me.	第二处搞定。来，Kane，咱们先找个安全的地方，再引爆这些炸药。跟我来。	hangar_2 @ hangar_2	review
#str_300620	{happy}C'mon. Let's go see the fireworks.	{happy}来吧，咱们看焰火去。		review
#str_300621	Watch over there, Kane. H Q, charges are prepped to detonate.	盯着那边，Kane。总部，炸药已就绪，随时可以引爆。	hangar_2 @ hangar_2	review
#str_300622	Detonation in 3... 2... 1	起爆倒计时 3……2……1	hangar_2 @ hangar_2	review
#str_300623	{happy}Haaa, haaaa!! Those hangars are permanently closed for business.	{happy}哈哈——！那些机库这下永久歇业了。		review
#str_300624	Hey, Rhodes. If you kids are done playin' around, why don't you send Kane down my way? Voss wants us back at the air defense cannon on the double.	嘿，Rhodes，你们这帮小子玩够了的话，就把 Kane 派到我这边来吧？Voss 要我们马上回防空炮那里。	hangar_2 @ hangar_2	review
#str_300625	Good. I've been lookin' forward to blowing that up.	好啊，我早就盼着把那玩意儿炸上天了。	hangar_2 @ hangar_2	review
#str_300626	Sorry, big boy. Voss wants you to stay put. Another team may need your services. Morris, out.	抱歉了，大块头。Voss 要你原地待命，别的小队可能还用得上你。Morris 完毕。	hangar_2 @ hangar_2	review
#str_300627	{furrow}Damn it. All right. Kane, go hook up with Morris. I'm gonna hang here. See ya later.	{furrow}该死。行吧。Kane，你去和 Morris 会合，我就守在这儿。回头见。		review
#str_300628	You better go find Morris. Sounds like Rhino squad need you.	你最好去找 Morris，听起来犀牛小队需要你。	hangar_2 @ hangar_2	review
#str_300629	{furrow}Go on. Get out of here. Morris is waiting for you.	{furrow}走吧，快去，Morris 还等着你呢。		review
#str_300630	{furrow}Kane, get your ass movin'. {idle}Rhino squad needs you and Morris.	{furrow}Kane，赶紧给我动起来。{idle}犀牛小队需要你和 Morris。		review
#str_300631	{scared}Exactly how far behind enemy lines are we?	{scared}我们到底深入敌后多远了？		review
#str_300632	{happy}Far enough that it doesnt matter anymore.	{happy}远到多远都无所谓了。		review
#str_300633	{scared}What do you mean by that?	{scared}这话是什么意思？		review
#str_300634	Were completely on our own.	我们完全只能靠自己了。	hub_1 @ hub_1	review
#str_300635	{scared}You mean it could take several minutes before we receive any back up?	{scared}你是说增援可能要好几分钟才能到？		review
#str_300636	No, I mean we arent receiving any back up at all. Were cut off from the rest of the human forces.	不，我是说根本不会有任何增援。我们和人类大部队已经彻底断了联系。	hub_1 @ hub_1	review
#str_300637	{scared}I had no idea we would be so vulnerable. {puzzled}What if the Strogg should attack?	{scared}我没想到我们会这么孤立无援。{puzzled}万一 Strogg 打过来怎么办？		review
#str_300638	{happy}Dont worry, Strauss. The Strogg wouldnt kill you. Theyd probably keep your brain alive in a jar so they could study it.	{happy}别担心，Strauss，Strogg 不会杀你的。他们八成会把你的脑子泡在罐子里养着，好慢慢研究。		review
#str_300639	{furrow}I fail to understand why anyone would consider you amusing.	{furrow}我实在无法理解，怎么会有人觉得你风趣。		review
#str_300640	All right, Marines. Listen up. The Strogg have taken out the other convoys, we're all that's left. This mission's too big for any screw ups. No one take any chances, no one try to be the hero. Voss out.	好了，陆战队员们，都听好。Strogg 干掉了其他车队，就剩我们了。这次任务事关重大，不容有失。谁都别去冒险，谁都别逞英雄。Voss 完毕。	hub_1 @ hub_1	review
#str_300641	{confused}Why is it so cold down here, Strauss?	{confused}Strauss，这下面怎么这么冷？		review
#str_300642	The frigid atmosphere is no doubt the result of the Strogg communications equipment requiring cryogenic technologies.	这种严寒无疑是因为 Strogg 的通讯设备需要低温冷冻技术。	hub_1 @ hub_1	review
#str_300643	Kane, youre assigned to Strauss. Bring him up front. Voss out.	Kane，你负责 Strauss，带他到前面来。Voss 完毕。		review
#str_300644	{confused}Why does he assign me only one guard? {Puzzled}Must I die to show Lieutenant Voss how important I am?	{confused}他怎么只给我派一个护卫？{Puzzled}非得我死了，Voss 中尉才明白我有多重要吗？		review
#str_300645	{furrow}We're looking to get the E M P below the Teranode, the brains of this facility.	{furrow}我们要把 EMP 送到四元节点下方，那玩意儿是这座设施的大脑。		review
#str_300646	The Tetranode routes billions of Strogg communications signals every second from the Nexus. If that were destroyed it'd effectively shut down the Strogg for this area.	四元节点每秒都在为 Nexus 中转数十亿条 Strogg 通讯信号。一旦摧毁它，这一带的 Strogg 就基本瘫痪了。	hub_1 @ hub_1	review
#str_300647	Once we get the Nexus down, our troops will have an easy time of it. The Strogg military will be completely disorganized.	只要搞垮 Nexus，我们的部队就轻松了。Strogg 的军队会彻底乱成一盘散沙。	hub_1 @ hub_1	review
#str_300648	{furrow}Damn is it cold down here.	{furrow}妈的，这下面可真冷。		review
#str_300649	{furrow}Isn't there one spot, {confused}somewhere on Stroggos, {furrow}where I'm not either freezing my ass off or drowning in my own sweat?	{furrow}这 Stroggos 上就没有一个地方，{confused}随便哪儿，{furrow}能让我既不冻掉屁股，也不被自己的汗淹死吗？		review
#str_300650	{puzzled}So who did you piss off that you always get stuck baby sitting Strauss?	{puzzled}你到底得罪谁了，怎么总轮到你给 Strauss 当保姆？		review
#str_300651	{pain}It pains me that we must destroy this Strogg facility. {idle}The knowledge we could gain by studying it.	{pain}非要摧毁这座 Strogg 设施，我实在心疼。{idle}好好研究它，我们能学到多少东西啊。		review
#str_300652	I had recommended that I head up a party to investigate this building before the convoys arrived. But, of course, my request was ignored.	我早就建议由我带队，赶在车队抵达之前勘察这栋建筑。当然了，我的请求被无视了。	hub_1 @ hub_1	review
#str_300653	Admittedly an exploratoration of this facility would have kept the war going on for another day or two. But imagine how this technology would benefit mankind.	不可否认，勘察这座设施会让战争多打上一两天。可想想看，这些科技能给人类带来多大的好处。	hub_1 @ hub_1	review
#str_300654	Corporal Kane, get back to Strauss immediately.	Kane 下士，立刻回到 Strauss 身边。		review
#str_300655	Kane! You're Strauss's escort. Remain with him.	Kane！你是 Strauss 的护卫，跟紧他。		review
#str_300656	Kane, I want you to stay near Strauss at all times!	Kane，我要你时刻守在 Strauss 身边！		review
#str_300657	{scared}Corporal Kane, you must protect me at all costs.	{scared}Kane 下士，你必须不惜一切代价保护我。		review
#str_300658	{furrow}You cannot leave me unprotected, Corporal Kane. I am far too important.	{furrow}你不能丢下我不管，Kane 下士。我这个人实在太重要了。		review
#str_300659	{furrow}Corporal Kane, I cannot allow you to risk my life. Stay with me!	{furrow}Kane 下士，我不允许你拿我的性命冒险。留在我身边！		review
#str_300660	Glad you gentlemen could make it. Listen up, Marines. We need to locate the console thatll open up the hatchways and allow the convoy through.	很高兴各位赶到了。都听好，陆战队员们。我们得找到那台控制台，它能打开舱门，放车队通过。		review
#str_300661	All clear.	安全。	hub_1 @ hub_1	review
#str_300662	Okay, men. Lets move out.	好了，弟兄们，出发。	hub_1 @ hub_1	review
#str_300663	{confused}What the hell was that?	{confused}那他妈是什么东西？		review
#str_300664	{furrow}I dont know, but leave it alone.	{furrow}不知道，别去招惹它。		review
#str_300665	Ah, very good. This looks to be the correct control room.	啊，很好。看来就是这间控制室没错。		review
#str_300666	Good job, Kane. You unlocked the hatchways.	干得好，Kane，你把舱门解锁了。		review
#str_300667	{furrow}Yes . . . well . . . I would have done that.	{furrow}是啊……呃……我本来也能搞定的。		review
#str_300668	All right, convoy. Open the hatchways and advance.	好了，车队，打开舱门，前进。	hub_1 @ hub_1	review
#str_300669	{furrow}Negative. Do not open the hatchways and remain where you are.	{furrow}不行。不要打开舱门，原地待命。		review
#str_300670	{furrow}I hope you have a real good reason for doin that, soldier.	{furrow}你最好有个非常充分的理由，士兵。		review
#str_300671	I apologize but if they were to open the hatchway they would have been subjected to super cooled air. Their lungs would have frozen in a matter of seconds.	抱歉，可他们一旦打开舱门，就会暴露在超低温空气里，几秒钟内肺就会冻结。	hub_1 @ hub_1	review
#str_300672	Okay . . . {confused}so what do we do?	好吧……{confused}那我们该怎么办？		review
#str_300673	I must find the console that controls life support. From there, I should be able to raise the temperature to something a little less hostile.	我得找到控制生命维持系统的控制台。在那里，我应该能把温度调到不那么要命的程度。		review
#str_300674	Sounds good. Kane, youre with Strauss. Find that console.	好主意。Kane，你跟着 Strauss，去找那台控制台。		review
#str_300675	This way, Corporal Kane.	这边走，Kane 下士。		review
#str_300676	{scared}No! Thats a Strogg Gladiator! Protect me, Corporal!	{scared}不！那是 Strogg 的 「角斗士」（Gladiator）！保护我，下士！		review
#str_300677	{scared}Corporal Kane! Do not let that thing near me!	{scared}Kane 下士！别让那东西靠近我！		review
#str_300678	{scared}Kill it, Corporal! Destroy it!	{scared}杀了它，下士！干掉它！		review
#str_300679	{furrow}I demand you save me!	{furrow}我要求你救我！		review
#str_300680	{furrow}You must kill that beast, Corporal!	{furrow}你必须干掉那头怪物，下士！		review
#str_300681	Ignore the Harvester, Corporal. It shouldnt bother us.	别理那台 「收割者」（Harvester），下士。它应该不会来烦我们。		review
#str_300682	Ah, yes. {puzzled}This is the correct console. {idle}Give me a moment.	啊，对。{puzzled}就是这台控制台。{idle}稍等片刻。		review
#str_300683	Corporal Kane, I should warn you it will be a rather lengthy journey so please move quickly. I do not wish to arrive at the rendezvous point before you.	Kane 下士，我得提醒你，这段路相当漫长，请抓紧赶路。我可不希望比你先到会合点。		review
#str_300684	Corporal Kane, this is Strauss. I am in great danger. Rendezvous with me immediately!	Kane 下士，我是 Strauss。我的处境非常危险，立刻来和我会合！	hub_2 @ hub_2	review
#str_300685	This is Strauss. You must move faster, Corporal Kane!	我是 Strauss。你必须再快一点，Kane 下士！		review
#str_300686	Corporal, this is Strauss. Hurry. I'm certain the Strogg know I'm here.	下士，我是 Strauss。快点，我敢肯定 Strogg 已经知道我在这儿了。		review
#str_300687	{furrow}Corporal Kane, you should have been here a long time ago! {idle}But we will speak of this later. Right now, we must concern ourselves with the Nexus. To destroy the Tetranode we must overheat it and that will require several steps. Our first objective is the power plant. Lead the way.	{furrow}Kane 下士，你早就该到了！{idle}不过这笔账以后再算。现在，我们得专心对付 Nexus。要摧毁四元节点，就必须让它过热，这需要好几个步骤。第一个目标是发电厂。带路吧。		review
#str_300688	Please, let me open the doors. I can do it without activating security alarms.	请让我来开门。我能做到不触发警报。		review
#str_300689	Corporal Kane, go to the console over there and I will use this one. We must activate them in the correct sequence so as not to alert security. I will wait for you to activate yours first.	Kane 下士，你去那边的控制台，我用这一台。我们必须按正确顺序启动，才不会惊动安保系统。我等你先启动你那台。		review
#str_300690	{furrow}Corporal Kane, you must go to the other console in this room and activate it.	{furrow}Kane 下士，你必须去启动这个房间里的另一台控制台。		review
#str_300691	{furrow}I must insist that you activate the other console. I cannot overdrive the Tetranode until you do.	{furrow}我必须坚持让你去启动另一台控制台。你不动手，我就没法让四元节点超载。		review
#str_300692	{furrow}Corporal Kane, activate the other console! We do not have much time.	{furrow}Kane 下士，快启动另一台控制台！我们时间不多了。		review
#str_300693	There. Now I will raise the power plant output and that will cause a heat buildup.	好了。现在我来调高发电厂的输出功率，热量就会不断积聚。	hub_2 @ hub_2	review
#str_300694	Next we must disable the emergency shutoff or it will deactivate the Tetranode at the first sign of danger.	接下来必须废掉紧急停机装置，否则一有危险迹象，它就会关停四元节点。		review
#str_300695	{happy}Ah! A primary console. {idle}Exactly what I was searching for. This allows me to monitor all systems. I must remain here but I will guide you through the rest of our mission. You will have to go on without me.	{happy}啊！一台主控制台。{idle}正是我要找的东西。有了它，我就能监控所有系统。我必须留在这里，但我会引导你完成余下的任务。接下来你得独自前进了。		review
#str_300696	Allow me to open the proper doors for you. It would be most unfortunate to have you alert security.	让我来为你打开该走的门。你要是惊动了安保系统，那可就太不妙了。		review
#str_300697	Corporal Kane, go through that door.	Kane 下士，从那扇门过去。		review
#str_300698	That is the door you wish to use, Corporal Kane.	你要走的就是那扇门，Kane 下士。		review
#str_300699	Corporal Kane, use the door I just opened.	Kane 下士，走我刚打开的那扇门。		review
#str_300700	Corporal Kane, in the next section is a system that stretches between all facilities in this area. Its name roughly translates to Cable Swamp. That is your destination.	Kane 下士，下一区有一套连接这一带所有设施的系统，它的名字大致可以译作「线缆沼泽」。那就是你的目的地。		review
#str_300701	Nearby is a maintenance platform. It rides on top of the cables and allows the Strogg to perform upkeep. Get onboard the platform.	附近有一座维护平台，它在线缆上方行驶，供 Strogg 进行检修。登上那座平台。		review
#str_300702	Very good. I will now override the steering controls and take you to the desired cable bundle.	很好。现在我会接管转向控制，把你送到目标线缆束那里。		review
#str_300703	Go to the right.	往右。		review
#str_300704	Move the platform to the right.	把平台向右移。		review
#str_300705	Go to the left.	往左。		review
#str_300706	Move the platform to the left.	把平台向左移。		review
#str_300707	Move the platform forward.	把平台向前移。		review
#str_300708	Proceed forward.	继续向前。		review
#str_300709	Move the platform backward.	把平台向后移。		review
#str_300710	Go backward.	向后退。		review
#str_300711	Corporal Kane, I have taken you to the proper cable bundle. Activate the splicing arms. They will disable communication between the emergency shutoff and the Tetranode.	Kane 下士，我已经把你送到了正确的线缆束。启动熔接臂，它们会切断紧急停机装置和四元节点之间的通讯。		review
#str_300712	I trust the wire bundle nearby has melted through? That means emergency shutoff has been deactivated. Now you must locate the next maintenance platform. From there I will take you to an area near the coolant pumps. Then you will be able to destroy the Tetranode.	我想你旁边那束线缆已经熔断了吧？这说明紧急停机装置已经失效。现在你得找到下一座维护平台，我会从那里送你去冷却泵附近的区域。然后你就能摧毁四元节点了。		review
#str_300713	Well done. You have arrived at the next maintenance platform. I will now steer you to the next area.	干得好，你已经到达下一座维护平台。现在我来送你去下一个区域。		review
#str_300714	The ride is over, Corporal Kane. Now you must locate the coolant pumps. Go, quickly.	旅程到此为止，Kane 下士。现在你必须找到冷却泵。快去。		review
#str_300715	The door I just opened for you leads to the coolant pumps.	我刚为你打开的那扇门通向冷却泵。		review
#str_300716	There should be a console in the center of the room, Corporal Kane. Activate that and the coolant pumps will shut down. In a matter of minutes, the Tetranode will overheat and destroy itself. And this will render the Nexus useless to the Strogg.	房间中央应该有一台控制台，Kane 下士。启动它，冷却泵就会停机。用不了几分钟，四元节点就会过热自毁。这样一来，Nexus 对 Strogg 就毫无用处了。	hub_2 @ hub_2	review
#str_300717	Ah, excellent. Corporal Kane, the Tertanode will soon be destroyed and the Nexus will become inoperative.	啊，太好了。Kane 下士，四元节点很快就会被摧毁，Nexus 也将随之瘫痪。	hub_2 @ hub_2	review
#str_300718	Hello? Do you read? We seem to be experiencing comlink difficulty	喂？收到吗？我们的通讯链路好像出了故障……		review
#str_300719	Corporal Kane, this is Strauss. I have detected a tremendously large life form in your vicinity. You must get out of there quickly.	Kane 下士，我是 Strauss。我在你附近探测到一个体型极其庞大的生命体。你必须赶快离开那里。	hub_2 @ hub_2	review
#str_300720	Kane... Oh no! It can't be! ... It's the Makron!! He lives!!!	Kane……不！不可能！……是 Makron！！他还活着！！！		review
#str_300721	Get out of there, Kane! Get out!!	快离开那里，Kane！快跑！！		review
#str_300722	... who is there?	……谁在那儿？	hub_2 @ hub_2	review
#str_300723	Drop ships prepped and awaiting assigned troops.	登陆艇已就绪，等待指定部队登舰。		review
#str_300724	Alright you maggots. Haul ass or die!	好了，你们这帮蛆虫。不跑就等死！	intro @ intro	review
#str_300725	All squads. Report for planetside dispersal.	各小队注意，前往报到，准备地面部署。	intro @ intro	review
#str_300726	Go, go, go!	快快快！	intro @ intro	review
#str_300727	We're clear!	全员就位！	intro @ intro	review
#str_300728	Battle wave Delta launching in five...four...three...two...one	Delta 攻击波次发射倒计时：五……四……三……二……一		review
#str_300729	Holy shit! This is some ride, hey buddy?	妈的！这一路够劲吧，伙计？	intro @ intro	review
#str_300730	Who's the new guy?	新来的是谁？	intro @ intro	review
#str_300731	Matthew Kane. One certified badass.	Matthew Kane，官方认证的狠角色。	intro @ intro	review
#str_300732	No shit. Nah, that can't be the Matthew Kane. He's got both eyes.	少来。不对，那不可能是那个 Matthew Kane，他两只眼睛都还在。		review
#str_300733	If you would notice, his eyes do not match.	你仔细看就会发现，他两只眼睛并不一样。		review
#str_300734	A man like Kane could get us killed.	Kane 这种人会害死我们所有人。	intro @ intro	review
#str_300735	Shut the hell up Strauss.	闭上你的臭嘴，Strauss。	intro @ intro	review
#str_300736	Gentlemen.	先生们。		review
#str_300737	About that sir...um.	长官，那个……呃。		review
#str_300738	And I trust he has yours.	我也相信，他同样得到了你们的信任。		review
#str_300739	Good news in the war against the Strogg. A lone marine battled through enemy lines and killed the Strogg's leader, the Makron.	对 Strogg 的战争传来好消息：一名陆战队员孤身杀穿敌军防线，击毙了 Strogg 的首领 Makron。	intro @ intro	review
#str_300740	Woo hoo yeah!	唔呼——好耶！		review
#str_300741	He's also disabled the Strogg's planetary defense guns. So it's a groundpounder's war from here on out. H Q's ordered us to assist clearing out a landing zone for a mobile command center.	他还瘫痪了 Strogg 的行星防御炮。所以接下来就是地面部队的仗了。总部命令我们协助清理出一片登陆区，好让移动指挥中心降落。		review
#str_300742	Anit aircraft's heavier than expected lieutenant. Make sure to...	防空火力比预想的猛，中尉。千万要……	intro @ intro	review
#str_300743	We're hit! Another missile's locked on. Firing counter measures.	我们中弹了！又一枚导弹锁定了我们。发射干扰弹。	intro @ intro	review
#str_300744	Get up! Get the fuck up!	起来！他妈的快起来！	intro @ intro	review
#str_300745	Get up! Get the hell up!	起来！快给我起来！		review
#str_300746	Okay, Marine. Time to kill anything that's not you.	好了，陆战队员。除了你自己，见什么杀什么。	mcc_1 @ mcc_1	review
#str_300747	Flooding chamber with trichlorite and septazine.	正在向舱内注入三氯剂与七嗪。		review
#str_300748	Chamber at maximum saturation.	舱内已达最大饱和度。	mcc_1 @ mcc_1	review
#str_300749	Purging chamber.	正在排净舱室。	mcc_1 @ mcc_1	review
#str_300750	Decontamination cycle complete.	消毒流程完成。	mcc_1 @ mcc_1	review
#str_300751	You're clean. Come on through.	你没问题了，过来吧。	mcc_1 @ mcc_1	review
#str_300752	Hello, soldier.	你好，士兵。		review
#str_300753	Hey.	嘿。	anderson @ ai	review
#str_300754	{furrow}Hay? Hay? !! ? Do I look like a horse to you soldier? Is that how you greet a superior officer?	{furrow}嘿？嘿？！！？我看着像匹马吗，士兵？你就是这么问候上级军官的？		review
#str_300755	{scared}Sir, yes, sir.	{scared}长官，是，长官！		review
#str_300756	Good. So why don't we try it again? Hello, soldier.	很好。那我们再来一遍？你好，士兵。		review
#str_300757	Sir, hello, sir.	长官，您好，长官！		review
#str_300758	As you were, soldier.	稍息，士兵。		review
#str_300759	Hey, Meadows! Brandt! Your shift is over.	嘿，Meadows！Brandt！你们换班了。	mcc_1 @ mcc_1	review
#str_300760	Be right up.	马上就上来。		review
#str_300761	How's it been?	情况怎么样？	mcc_1 @ mcc_1	review
#str_300762	A couple of sightings. Other than that it's been quiet as a graveyard.	发现过几次目标。除此之外，安静得跟坟场一样。	mcc_1 @ mcc_1	review
#str_300763	Let's hope it stays that way.	但愿一直这么安静。	mcc_1 @ mcc_1	review
#str_300764	I'm sorry, sir, but you don't have clearance to enter the gun pods.	抱歉，长官，您没有进入炮舱的权限。	mcc_1 @ mcc_1	review
#str_300765	Sir, you cannot enter the pods. Please step away.	长官，您不能进入炮舱。请退开。	mcc_1 @ mcc_1	review
#str_300766	I don't want any problems so back it up, Marine.	我不想惹麻烦，退后，陆战队员。	mcc_1 @ mcc_1	review
#str_300767	You don't have clearance to be near the pods, so why don't you move along?	你没权限靠近炮舱，还是赶紧走吧。	mcc_1 @ mcc_1	review
#str_300768	Move it, soldier. This is a restricted area.	走开，士兵。这里是禁区。	mcc_1 @ mcc_1	review
#str_300769	I heard the mechanics are prepping four heavy trucks.	我听说机修工正在整备四辆重型卡车。	mcc_1 @ mcc_1	review
#str_300770	{puzzled}So what's that mean?	{puzzled}那说明什么？		review
#str_300771	I'm not sure, but with that many trucks, H Q's planning something.	说不好，但要用上这么多卡车，总部肯定在盘算什么。	mcc_1 @ mcc_1	review
#str_300772	I also heard the war ain't goin' so well for us. What we've got around Stroggos is the last of our forces.	我还听说这仗打得不太妙。围在 Stroggos 周围的，已经是我们最后的家底了。	mcc_1 @ mcc_1	review
#str_300773	Our equipment's worn out and the soldiers are tired. We can't maintain this war much longer.	装备磨损殆尽，士兵疲惫不堪。这仗我们撑不了多久了。	mcc_1 @ mcc_1	review
#str_300774	H Q better have some big plan up it's collective sleeve or we're all gonna be Strogg.	总部最好是憋着什么大招，不然我们全都得变成 Strogg。	mcc_1 @ mcc_1	review
#str_300775	I heard the Strogg attacked Earth because it's a strategic location. From our planet they'd be able to get at dozens of other civilizations.	我听说 Strogg 攻打地球是因为它位置关键。以我们的星球为跳板，他们就能染指其他几十个文明。	mcc_1 @ mcc_1	review
#str_300776	I've also heard the Strogg are super soldiers left over from some major war in another part of our galaxy.	我还听说 Strogg 是银河系另一头某场大战留下的超级士兵。	mcc_1 @ mcc_1	review
#str_300777	Someone else told me the Strogg are the next step in human evolution. When you think about how much we rely on technology, maybe that's not too far from bein' right.	还有人跟我说，Strogg 是人类进化的下一步。想想我们现在多依赖科技，这话也许还真没说错多少。	mcc_1 @ mcc_1	review
#str_300778	{scared}I've been in the Corps six years and I've never seen carnage like today's landing. So many men died the ground couldn't soak up the blood.	{scared}我入伍六年，从没见过今天登陆这样的惨状。死的人多到血都渗不进土里。		review
#str_300779	Tell me about. I jumped into a foxhole and found myself lying face down in the intestines of some other Marine.	可不是嘛。我跳进一个散兵坑，结果整张脸埋进了某个弟兄的肠子里。	mcc_1 @ mcc_1	review
#str_300780	{confused}Rhino Squad, eh? {idle}Well, it's good to finally meet one of you bastards.	{confused}犀牛小队的？{idle}好啊，总算见着你们这帮混蛋中的一个了。		review
#str_300781	I heard your Lieutenant Voss is one tough son of a bitch. Word has it he was captured during the Mars uprising and they tortured him for six months.	听说你们的 Voss 中尉是条硬汉。传闻他在火星暴动时被俘，被折磨了整整六个月。		review
#str_300782	Yep, you gotta admire a soldier like Voss. He could have left the Marines after he was freed from that prison but Voss reenlisted.	是啊，Voss 这样的军人你不得不服。从那座监狱获释后，他本可以退伍，结果他又重新入伍了。		review
#str_300783	I worked with your squad mate, Rhodes, during a mission at Alpha Centauri. That man knows his shit about demolitions.	我在半人马座阿尔法星执行任务时，和你们队友 Rhodes 共过事。那家伙玩爆破是真有两下子。	mcc_1 @ mcc_1	review
#str_300784	I saw Rhodes cave in an underground bunker with nothing but three one pound charges. Just incredible.	我亲眼见过 Rhodes 只用三包一磅装药，就掀塌了一整座地下碉堡。简直不可思议。	mcc_1 @ mcc_1	review
#str_300785	{happy}And it took me two weeks to recover from the R and R we went on after that mission. Rhodes is a wild man.	{happy}那次任务后我们一起去休假，玩得我整整两个星期才缓过来。Rhodes 就是个疯子。		review
#str_300786	{happy}So the Makron's dead, eh? The Marine who iced that squib deserves a chest full of medals and a years R and R.	{happy}这么说 Makron 死了？宰了那杂碎的陆战队员，该给他挂满一胸口勋章，外加一年大假。		review
#str_300787	You heard the Makron was killed right? You know, the leader of the Strogg?	你听说 Makron 被干掉了吧？就是 Strogg 的那个头儿？	mcc_1 @ mcc_1	review
#str_300788	Some Marine managed to work his way behind enemy lines and frag the Makron. What I wouldn't give to see a vid of that fight.	有个陆战队员一路摸到敌后，把 Makron 给宰了。要能看上那场架的录像，让我出什么都行。	mcc_1 @ mcc_1	review
#str_300789	Hey, {puzzled}you're Matthew Kane, aren't you?	嘿，{puzzled}你是 Matthew Kane，对吧？		review
#str_300790	{furrow}No way.	{furrow}不可能吧。		review
#str_300791	I saw you when they brought you back from Space Station Armstrong. You looked like you'd been mauled by a dozen pitbulls.	他们把你从 Armstrong 空间站送回来的时候我见过你。你那样子，就像被十几条斗牛犬撕咬过。	mcc_1 @ mcc_1	review
#str_300792	{furrow}I thought Matthew Kane was just a story they made up to scare recruits.	{furrow}我一直以为 Matthew Kane 只是他们编来吓唬新兵的故事。		review
#str_300793	No, he's real and he's standing in front of us.	不，他是真人，就站在咱们面前。	mcc_1 @ mcc_1	review
#str_300794	You don't remember me, {confused}do you? {idle}I was one of the orderlies at the hospital when they wheeled you in from Armstrong.	你不记得我了，{confused}是吧？{idle}你从 Armstrong 被推进医院那会儿，我就是那儿的护工之一。		review
#str_300795	{puzzled}So what really happened at Space Station Armstrong? Was it some military experiment that went haywire?	{puzzled}Armstrong 空间站到底出了什么事？是军方实验失控了吗？		review
#str_300796	{confused}How's that new eye of yours? {idle}I was surprised how much the military spent. It's top of the line, not like the usual replacements.	{confused}你那只新眼睛怎么样？{idle}军方这次下的血本让我很意外。那可是顶级货，跟一般的替换品可不一样。		review
#str_300797	{puzzled}So you're really him, huh? Can you say what happened to the rest of your squad on that space station?	{puzzled}你真是本尊啊？能说说你小队其他人在那个空间站上的遭遇吗？		review
#str_300798	When I heard the story about Armstrong, I figured it was made up by drill instructors.	我头回听到 Armstrong 的事时，还以为是教官编出来的。	mcc_1 @ mcc_1	review
#str_300799	{puzzled}What really went on up there?	{puzzled}上面到底发生了什么？		review
#str_300800	{happy}This guy, Sargent Bidwell, has one guy thrown over his shoulder and is barking out orders as he blazes away with a rifle in his hand. The man was a freakin' machine.	{happy}那个叫 Bidwell 的中士，肩上扛着一个人，一边吼着下命令，一边端着步枪扫射。那家伙简直就是台机器。		review
#str_300801	{puzzled}What squad was he with?	{puzzled}他是哪个小队的？		review
#str_300802	Not sure, but he was protecting some obnoxious computer tech.	不清楚，反正他护着一个讨人嫌的电脑技术员。	mcc_1 @ mcc_1	review
#str_300803	Just heard we're moving up to the front. Our whole platoon is being mobilized.	刚听说我们要开赴前线了，全排都在动员。	mcc_1 @ mcc_1	review
#str_300804	There must be some major offensive in the works. They're getting all kinds of mechanized infantry prepped in the walker bays.	肯定是在筹备什么大规模攻势。「步行者」（walker）库里各式机械化步兵都在整备。	mcc_1 @ mcc_1	review
#str_300805	{furrow}I've got a real bad feeling about this one.	{furrow}这次我有种很不祥的预感。		review
#str_300806	Aaah, you get a real bad feeling all the time.	嗐，你哪次没有不祥的预感。	mcc_1 @ mcc_1	review
#str_300807	Hey, you're the Matthew Kane I heard about back on the Hannibal, {confused}aren't you?	嘿，你就是我在汉尼拔号上听说的那个 Matthew Kane，{confused}对吧？		review
#str_300808	After Space Station Armstrong you'd think they wouldn't send you to Stroggos.	经历过 Armstrong 空间站那档子事，按理说他们不该再把你派来 Stroggos。		review
#str_300809	{puzzled}Didn't you wind up spending some time in a psych ward after Space Station Armstrong?	{puzzled}Armstrong 空间站的事之后，你不是进精神病房待过一阵吗？		review
#str_300810	{furrow}Did you need something, soldier?	{furrow}有事吗，士兵？		review
#str_300811	{furrow}What do you want, soldier?	{furrow}你想干什么，士兵？		review
#str_300812	{furrow}Got no time for this. I'm a busy man.	{furrow}没工夫搭理这个，我忙着呢。		review
#str_300813	I told the Colonel the system would be operational at thirteen hundred hours.	我跟上校说了，系统会在十三点整投入运行。	mcc_1 @ mcc_1	review
#str_300814	But I've got a power coupling to overhaul, a plasma transducer to realign, and a faulty router to replace.	可我还得大修一个电力耦合器，校准一个等离子换能器，再换掉一个出故障的路由器。	mcc_1 @ mcc_1	review
#str_300815	{furrow}I don't want excuses. I want that system functional by thirteen hundred hours.	{furrow}我不要借口。十三点整之前，系统必须能用。		review
#str_300816	But...	可是……	mcc_1 @ mcc_1	review
#str_300817	{furrow}That's an order!	{furrow}这是命令！		review
#str_300818	Yes, sir!	是，长官！	hangar_2 @ hangar_2	review
#str_300819	Shit, I haven't slept in 28 hours trying to keep this old girl patched together.	妈的，为了让这条老船撑住不散架，我已经 28 个小时没合眼了。	mcc_1 @ mcc_1	review
#str_300820	Now don't get me wrong. The Hannibal's a great ship, she just needs a couple months in dry dock is all.	别误会，汉尼拔号是条好船，她只是需要进干船坞修上几个月罢了。	mcc_1 @ mcc_1	review
#str_300821	Okay, maybe she needs a year in dry dock. But the Hannibal's still a great ship.	好吧，也许得修上一年。但汉尼拔号依然是条好船。	mcc_1 @ mcc_1	review
#str_300822	The plasma coil in panel twenty four A has been reactivated.	24A 面板的等离子线圈已重新启动。		review
#str_300823	Report to life support services immediately. They're having a problem with a purification unit.	立刻到生命维持部门报到。他们有台净化装置出了问题。	mcc_1 @ mcc_1	review
#str_300824	Will do. Stills out.	这就去。Stills 完毕。	mcc_1 @ mcc_1	review
#str_300825	{confused}You want me to do what?	{confused}你要我干什么？		review
#str_300826	Reroute the energy stabilizers. Wait two seconds and then purge 'em. The hit will cause the system to depolarize.	把能量稳定器改道，等两秒，然后排空。这一下冲击会让系统去极化。	mcc_1 @ mcc_1	review
#str_300827	{puzzled}But I could burn out every circuit on this deck.	{puzzled}可这样会把这层甲板上的电路全烧了。		review
#str_300828	Kid, I know what this ship can and can't do.	小子，这船的斤两我一清二楚。	mcc_1 @ mcc_1	review
#str_300829	All right.	好吧。	marine_7 @ ai	review
#str_300830	Power restored in three... two... one.	电力恢复倒计时，三……二……一。		review
#str_300831	{happy}It worked!	{happy}成功了！		review
#str_300832	Of course it worked. Now recalibrate that console, then get back here.	当然能成。现在把那台控制台重新校准，然后回来。	mcc_1 @ mcc_1	review
#str_300833	Sorry, I've got to recalibrate this console.	抱歉，我得重新校准这台控制台。	mcc_1 @ mcc_1	review
#str_300834	Did I mention I'm very busy and that I've got no time to talk?	我说过我很忙、没空聊天吗？	mcc_1 @ mcc_1	review
#str_300835	{furrow}Hey, buddy. Not to be antisocial, but why don't you take a hike?	{furrow}嘿，伙计，不是我不合群，你还是哪儿凉快哪儿待着去吧？		review
#str_300836	{pain}Damn it! That hurt!!	{pain}该死！疼死了！！		review
#str_300837	I told you these systems are finicky.	我说过这些系统很娇气。	mcc_1 @ mcc_1	review
#str_300838	These systems are ancient.	这些系统都老掉牙了。	mcc_1 @ mcc_1	review
#str_300839	Tell me about it. My grandfather served on this ship right out of bootcamp.	可不是嘛。我爷爷刚出新兵营那会儿，就在这条船上服役了。	mcc_1 @ mcc_1	review
#str_300840	You'd think they'd retire the old girl. Well, old or not, we gotta fix her.	按说早该让这老姑娘退役了。唉，老归老，咱们还得把她修好。	mcc_1 @ mcc_1	review
#str_300841	Not here.	不在这儿。	mcc_1 @ mcc_1	review
#str_300842	Not here either.	这儿也没有。	mcc_1 @ mcc_1	review
#str_300843	I'm not seeing it.	我没看到。	mcc_1 @ mcc_1	review
#str_300844	The glitch is in that sector.	故障就在那个扇区。	mcc_1 @ mcc_1	review
#str_300845	All right. I'll keep looking.	好吧，我再找找。	mcc_1 @ mcc_1	review
#str_300846	{scared}Oh, tell me I didn't do that. I did not forget to salute Colonel Thompson.	{scared}噢，告诉我这不是真的。我不会真忘了向 Thompson 上校敬礼吧。		review
#str_300847	The Colonel will forget this, {puzzled}won't he? {idle}He's got plenty of other things to worry about, right?	上校会忘了这茬的，{puzzled}对吧？{idle}他要操心的事多着呢，是吧？		review
#str_300848	Who am I kidding? I said hey to a Colonel. {scared}I'm dead meat.	我骗谁呢？我居然对一位上校说「嘿」。{scared}我死定了。		review
#str_300849	How about now?	现在呢？	mcc_1 @ mcc_1	review
#str_300850	Nope. It's at fifty four percent.	不行，才百分之五十四。		review
#str_300851	Now?	现在呢？	mcc_1 @ mcc_1	review
#str_300852	Seventy four percent.	百分之七十四。		review
#str_300853	Okay, what's the reading?	好，读数多少？	mcc_1 @ mcc_1	review
#str_300854	Now it's at eighty three percent.	现在是百分之八十三。		review
#str_300855	{confused}Is it at least in the low nineties?	{confused}好歹上九十了吧？		review
#str_300856	{happy}All right, a Rhino.	{happy}好家伙，犀牛小队的。		review
#str_300857	I've been tryin' to get assigned to Rhino squad for a year now. I guess my ratings aren't high enough.	我申请调进犀牛小队都一年了，估计是我的评级还不够高。		review
#str_300858	Hey, who doesn't want to be a Rhino. I mean after what you guys did in Austin? That's the stuff of legends.	嘿，谁不想进犀牛小队啊。你们在奥斯汀干的那票？那可是传奇级别的。		review
#str_300859	You can't blame a guy for wanting to be part of the best, right?	想加入最强的队伍，这总不能怪我吧？		review
#str_300860	... but the H B six oh seven has internal compensators and the X K one thousand doesn't.	……可 HB-607 有内置补偿器，XK-1000 没有。		review
#str_300861	I know that. But if you'd read the manual you'd know the X K one thousand has primary and secondary converters.	这我知道。可你要是读过手册，就该知道 XK-1000 有主副两组转换器。		review
#str_300862	{confused}What kind of converters?	{confused}哪种转换器？		review
#str_300863	Radcliff twelves. They operate at twenty five milliamps.	Radcliff 12 型，工作电流二十五毫安。		review
#str_300864	Twenty five milliamps isn't nearly enough.	二十五毫安可远远不够。		review
#str_300865	{furrow}You're crazy. {idle}Maybe if you use a G Moss splitter, but those are highly unstable.	{furrow}你疯了吧。{idle}除非配上 G-Moss 分流器，可那玩意儿极不稳定。		review
#str_300866	Could you be any more misinformed? G Moss is the wave of the future.	你还能更孤陋寡闻点吗？G-Moss 可是未来的大势所趋。	mcc_1 @ mcc_1	review
#str_300867	That's ludicrous! G Moss is a fad. Reformattable K splitters will soon be the norm.	太荒唐了！G-Moss 就是一阵风。可重构 K 型分流器很快就会成为主流。	mcc_1 @ mcc_1	review
#str_300868	Private Mark Lorenzi, please report to medical bay 3.	列兵 Mark Lorenzi，请到 3 号医疗舱报到。	mcc_1 @ mcc_1	review
#str_300869	You are{confused}... Corporal Kane of Rhino Squad. {idle}Welcome aboard the Hannibal. You aren't expected at the briefing for a while. Feel free to look around the ship.	你是{confused}……犀牛小队的 Kane 下士。{idle}欢迎登上汉尼拔号。简报还要过一会儿才开始，你可以随意在舰上转转。		review
#str_300870	Continue on through the hangar and report to decontamination.	穿过机库，到消毒区报到。	mcc_1 @ mcc_1	review
#str_300871	Lieutenant Voss, report to briefing room 8.	Voss 中尉，请到 8 号简报室报到。		review
#str_300872	Memorial Services for Colonel Westmore will be held at oh eight hundred hours.	Westmore 上校的追悼仪式将于八点整举行。	mcc_1 @ mcc_1	review
#str_300873	Bison Squad, report to walker deck 2 immediately.	野牛小队，立即到 2 号「步行者」（walker）甲板报到。	mcc_1 @ mcc_1	review
#str_300874	Testing launch PODs 1 and 2.	正在测试 1 号和 2 号发射舱。	mcc_1 @ mcc_1	review
#str_300875	Say again, Hyena Squad.	请重复，鬣狗小队。	mcc_1 @ mcc_1	review
#str_300876	My team is pinned down by heavy fire. I'm requesting an artillery strike on a Strogg bunker.	我队被猛烈火力压制。请求对一处 Strogg 碉堡实施炮击。	mcc_1 @ mcc_1	review
#str_300877	I will relay your request to tactical. One moment.	我会把请求转给战术部门。请稍候。	mcc_1 @ mcc_1	review
#str_300878	Private Looms, G P S has located you.	Looms 列兵，GPS 已定位到你。	mcc_1 @ mcc_1	review
#str_300879	Great, so where's my squad located?	太好了，那我的小队在哪儿？	mcc_1 @ mcc_1	review
#str_300880	They are three klicks north east of your current position.	他们在你当前位置东北方三公里处。		review
#str_300881	Okay, let 'em know I'm on my way.	好，告诉他们我这就过去。	mcc_1 @ mcc_1	review
#str_300882	Affirmative.	收到。	mcc_1 @ mcc_1	review
#str_300883	Thanks for the help. Looms out.	多谢帮忙。Looms 完毕。	mcc_1 @ mcc_1	review
#str_300884	Crew Chief Hammond, report to walker bay eight D immediately.	机务长 Hammond，立即到 8D 「步行者」（walker）库报到。		review
#str_300885	A welding crew is needed in armament.	军械部需要一支焊接班组。	mcc_1 @ mcc_1	review
#str_300886	All walkers for Bison Squad will need to be pre prepped by oh four hundred hours.	野牛小队的所有「步行者」（walker）须在四点整之前完成预整备。	mcc_1 @ mcc_1	review
#str_300887	Specialist Herman Ways, report to the main office immediately.	专业军士 Herman Ways，立即到总办公室报到。	mcc_1 @ mcc_1	review
#str_300888	A computer tech is needed in walker bay six C.	6C 「步行者」（walker）库需要一名电脑技术员。		review
#str_300889	Crew Chief Hanks, call two three two. Crew Chief Hanks, call two three two.	机务长 Hanks，请拨 232。机务长 Hanks，请拨 232。		review
#str_300890	We are unable to send or receive signals in that area due to Strogg interference.	由于 Strogg 干扰，我们无法在那片区域收发信号。	mcc_1 @ mcc_1	review
#str_300891	But a Strogg unit is headed directly for Cougar squad.	可有一支 Strogg 部队正直扑美洲狮小队。	mcc_1 @ mcc_1	review
#str_300892	Sorry, there's nothing we can do, Corporal.	抱歉，我们无能为力，下士。		review
#str_300893	Then they're all dead men. Richards out.	那他们就死定了。Richards 完毕。	mcc_1 @ mcc_1	review
#str_300894	Signal check for Pestilence.	这里是「瘟疫」，请求信号检测。	mcc_1 @ mcc_1	review
#str_300895	Your signal is strong Pestilence. Switch to secured frequency four six one.	「瘟疫」，你的信号很强。切换到加密频率 461。		review
#str_300896	Roger that. Switching to four six one.	收到。正在切换到 461。		review
#str_300897	{scared}Hannibal! I need a medic!	{scared}汉尼拔号！我需要医疗兵！		review
#str_300898	Who are you? I'm not able to get a reading on your medchip.	你是谁？我读不到你的医疗芯片数据。	mcc_1 @ mcc_1	review
#str_300899	{pain}Corporal Thomas Alvarez. My medchip is damaged.	{pain}下士 Thomas Alvarez。我的医疗芯片损坏了。		review
#str_300900	But that chip's implanted near your heart.	可那芯片是植入在心脏附近的。	mcc_1 @ mcc_1	review
#str_300901	{pain}I know. I'm looking at it right now.	{pain}我知道。我现在正盯着它看呢。		review
#str_300902	I'm a scout on special assignment.	我是执行特殊任务的侦察兵。	mcc_1 @ mcc_1	review
#str_300903	Your identity has been confirmed. What is the message?	你的身份已确认。请讲内容。	mcc_1 @ mcc_1	review
#str_300904	Tell General Harper that there should be no problem entering the Hub from the lower level.	转告 Harper 将军，从下层进入 Hub 应该没有问题。	mcc_1 @ mcc_1	review
#str_300905	He will be informed. Hannibal out.	会转达给他。汉尼拔号完毕。	mcc_1 @ mcc_1	review
#str_300906	From D N A the subject has been identified as Samuel Darr. Listed as missing and presumed dead after the Strogg invasion of Earth.	根据 DNA，实验对象已确认为 Samuel Darr。Strogg 入侵地球后被列为失踪，推定死亡。	mcc_1 @ mcc_1	review
#str_300907	Apparently he was captured and forced to endure biomechanical implants.	看来他是被俘后，被迫接受了生物机械植入。	mcc_1 @ mcc_1	review
#str_300908	The procedure for attaching the implants is evidently quite traumatic. The subject must be kept alive by a combination of steroids and health packs.	植入体安装手术的过程显然极具创伤性。必须靠类固醇加医疗包的组合，才能维持对象存活。	mcc_1 @ mcc_1	review
#str_300909	Mmmhmm... Yes... Interesting.	嗯哼……对……有意思。	mcc_1 @ mcc_1	review
#str_300910	Fascinating...	妙极了……	mcc_1 @ mcc_1	review
#str_300911	Now I see...	原来如此……	mcc_1 @ mcc_1	review
#str_300912	Easy... a little left...	慢点……往左一点……	mcc_1 @ mcc_1	review
#str_300913	At ninety five percent.	百分之九十五。		review
#str_300914	I don't understand. Okay, let's try it again.	我搞不懂了。好吧，再试一次。	mcc_1 @ mcc_1	review
#str_300915	Baaack... baaaaack. Aaaaaand stop!	倒——倒——好，停！	mcc_1 @ mcc_1	review
#str_300916	Okay, so what's the problem with this beast?	好，这大家伙什么毛病？	mcc_1 @ mcc_1	review
#str_300917	The back shields cut out.	背部护盾失灵了。	mcc_1 @ mcc_1	review
#str_300918	Run a diagnostics on the primary emitter.	给主发射器跑一遍诊断。	mcc_1 @ mcc_1	review
#str_300919	Primary emitter is in the green.	主发射器一切正常。	mcc_1 @ mcc_1	review
#str_300920	So try the secondary emitters.	那就查副发射器。	mcc_1 @ mcc_1	review
#str_300921	Secondary emitters check out.	副发射器没有问题。	mcc_1 @ mcc_1	review
#str_300922	How about the ion converters?	那离子转换器呢？	mcc_1 @ mcc_1	review
#str_300923	All higher brain functions have atrophied, which indicates the subject was incapable of independent thought. The transceiver located at the base of the skull shows almost all action was dictated by an external source.	所有高级脑功能均已萎缩，说明实验对象已无法独立思考。颅底的收发器表明，他几乎所有行动都由外部信号支配。	mcc_1 @ mcc_1	review
#str_300924	I believe for a short time after Stroggification, the subject was aware of his actions but was unable to control them. A chilling scenario to say the least.	我认为在 Strogg 化后的短时间内，对象能意识到自己的行为，却无法控制。说是毛骨悚然都算轻的。	mcc_1 @ mcc_1	review
#str_300925	{happy}Hmmmmhmmmmm... hmmmmhmmm... hmmmhmm	{happy}哼哼哼……哼哼……哼哼		review
#str_300926	Now there's something I didn't expect...	这倒是出乎我的意料……	mcc_1 @ mcc_1	review
#str_300927	My goodness...	我的天……	mcc_1 @ mcc_1	review
#str_300928	Do you see? It's just as I predicted.	看到了吗？和我预测的一模一样。	mcc_1 @ mcc_1	review
#str_300929	Indeed. The nanites infesting the muscle are repairing the tissue even after it's separated from the body.	确实。侵入肌肉的纳米机器人在组织脱离躯体后，仍在修复它。	mcc_1 @ mcc_1	review
#str_300930	Look at this. And this.	看这个。还有这个。	mcc_1 @ mcc_1	review
#str_300931	{puzzled}Why they would do that?	{puzzled}他们为什么要这么做？		review
#str_300932	Here's something I didn't expect.	这是我没料到的。	mcc_1 @ mcc_1	review
#str_300933	Indeed.	确实。	mcc_1 @ mcc_1	review
#str_300934	Fascinating.	妙极了。	mcc_1 @ mcc_1	review
#str_300935	Yes, yes it is.	是啊，确实如此。	mcc_1 @ mcc_1	review
#str_300936	It won't work, Jacobson. The exoskeleton is harden tribinium.	没用的，Jacobson。这外骨骼是硬化 tribinium。	mcc_1 @ mcc_1	review
#str_300937	Nonsense. These saws cut through Marine body armor, it should have no trouble with this Strogg metal.	胡说。这锯子连陆战队的盔甲都锯得开，对付 Strogg 这点金属不在话下。	mcc_1 @ mcc_1	review
#str_300938	I just have to press a little harder.	我只要再用点力就行。	mcc_1 @ mcc_1	review
#str_300939	So... are they certain it's dead?	那……他们确定它死透了？	mcc_1 @ mcc_1	review
#str_300940	I was assured by Lieutenant Peers it's completely dead.	Peers 中尉向我保证过，它已经彻底死了。		review
#str_300941	{scared}You remember this morning? {idle}They told us that one was dead too.	{scared}还记得今天早上吗？{idle}那只他们也说死透了。		review
#str_300942	That I'll never forget.	那事我一辈子都忘不了。	mcc_1 @ mcc_1	review
#str_300943	You're more than welcome to stay and watch.	非常欢迎你留下来观摩。		review
#str_300944	We had a rather unpleasant experience with our last Strogg cadaver. It attacked us.	上一具 Strogg 尸体给我们留下了相当不愉快的经历——它袭击了我们。	mcc_1 @ mcc_1	review
#str_300945	If you see this corpse move, feel free to shoot it.	要是看见这具尸体动了，尽管开枪。		review
#str_300946	Get them away! GET THEM AWAY FROM ME!!	让它们走开！让它们离我远点！！	mcc_1 @ mcc_1	review
#str_300947	I don't understand... I gave him enough sedative to knock out an elephant.	我不明白……我给他打的镇静剂足够放倒一头大象了。	mcc_1 @ mcc_1	review
#str_300948	Doctor. If you would, please.	医生，麻烦你了。	mcc_1 @ mcc_1	review
#str_300949	Help! SOMEBODY HELP ME!!!!	救命！谁来救救我！！！！	mcc_1 @ mcc_1	review
#str_300950	Corporal Matthew Kane, the rest of Rhino Squad has already arrived. The briefing will commence shortly.	Matthew Kane 下士，犀牛小队其他成员均已到达。简报会即将开始。	mcc_1 @ mcc_1	review
#str_300951	Looks like Kane made it back.	看来 Kane 平安回来了。	mcc_1 @ mcc_1	review
#str_300952	The blast will overload a device known as the Tetranode and effectively cut off the Strogg forces from the nexus and therefore their commanders. To ensure success, three other squads will be escorting additional E M Ps to the same location. Their convoys are code named War, Famine, and Pestilence.	爆炸将使一种名为「四元节点」（Tetranode）的装置过载，从而切断 Strogg 部队与 Nexus 乃至其指挥官的联系。为确保成功，另有三支小队将护送额外的 EMP 前往同一地点。他们的车队代号分别是「战争」「饥荒」和「瘟疫」。	mcc_1 @ mcc_1	review
#str_300953	Which means we are Death.	也就是说，我们是「死亡」。	mcc_1 @ mcc_1	review
#str_300954	Yeah, we're Death. Any questions?	没错，我们就是「死亡」。有问题吗？	mcc_1 @ mcc_1	review
#str_300955	The convoy will be deployed soon. Go to the armory and suit up. Dismissed.	车队很快就会出发。去军械库整装。解散。	mcc_1 @ mcc_1	review
#str_300956	Quit givin' him shit, Dell. Kane's all right.	别再挤兑他了，Dell。Kane 靠得住。	mcc_1 @ mcc_1	review
#str_300957	As you were.	稍息。	mcc_1 @ mcc_1	review
#str_300958	Rhino Squad, the following is highly classified and is not to be spoken of outside these walls.	犀牛小队，以下内容属最高机密，出了这间屋子谁也不许提。	mcc_1 @ mcc_1	review
#str_300959	The death of the Makron, couldn't have come at a better time. It's imperative we press that advantage which is the reason for our next operation. Lieutenant Voss, take over.	Makron 死得正是时候。我们必须乘胜追击，这正是下一步行动的目的。Voss 中尉，交给你了。		review
#str_300960	Intelligence division has discovered that the Strogg function through a massive communication system called The Nexus. With it, Strogg leaders can instantly send instructions to soldiers in the field. And, although it's their strength, it's also their Achilles Heel.	情报部门发现，Strogg 依靠一套名为 Nexus 的庞大通讯系统运作。凭借它，Strogg 的首领能把指令即时下达给前线士兵。这既是他们的强项，也是他们的致命弱点。	mcc_1 @ mcc_1	review
#str_300961	Our target, known as The Hub, houses major communication lines to the Nexus.	我们的目标名为 Hub（枢纽），那里容纳着通往 Nexus 的主干通讯线路。	mcc_1 @ mcc_1	review
#str_300962	We will be escorting a convoy carrying an electromagnetic bomb to a sublevel of this building.	我们将护送一支运载电磁炸弹的车队，前往这座建筑的地下层。	mcc_1 @ mcc_1	review
#str_300963	The convoy will proceed to the  designated position and detonate it.	车队将开赴指定位置并引爆炸弹。	mcc_1 @ mcc_1	review
#str_300964	The Nexus sounds most intriguing. To be able to process the thoughts of billions of Strogg would require technology that is many generations beyond us.	Nexus 听起来极为耐人寻味。要处理数十亿 Strogg 的思维，所需的技术得领先我们好几个世代。	mcc_1 @ mcc_1	review
#str_300965	Backup, would ya? I got work to do here.	退后行吗？我这儿还有活要干。	mcc_1 @ mcc_1	review
#str_300966	{furrow}Quit bustin' my chops, kid. I'm busy.	{furrow}别烦我了，小子，我忙着呢。		review
#str_300967	{furrow}I've got 8 walkers I'm supposed to repair in six hours, so get the hell out of my way.	{furrow}我得在六小时内修好 8 台「步行者」（walker），所以给我让开。		review
#str_300968	Just who are they gonna call in when the life of every man, woman and child on Earth hangs in the balance? Rhino Squad of course.	等到地球上男女老幼的性命都悬于一线时，他们会找谁来救场？当然是犀牛小队。	mcc_1 @ mcc_1	review
#str_300969	{happy}You've gotta love the Marine Corps. Sure the pay ain't the greatest and the chow tastes like crap but where else am I gonna make a living blowin shit up?	{happy}你不得不爱陆战队。工资确实不高，伙食也难吃得要命，可除了这儿，我上哪儿靠炸东西吃饭去？		review
#str_300970	You've done some good work today, Corporal. Lieutenant Voss had a feeling about you. Said you'd be trouble but you'd be worth it. The Lieutenant's never wrong.	你今天干得不错，下士。Voss 中尉早就看好你，说你是个麻烦，但值这个价。中尉从来没看走眼过。		review
#str_300971	Just think of it. Rhino Squad is participating in a mission that will turn the tide of this war. We will be saving the human race.	想想看，犀牛小队正在参与一场足以扭转战局的任务。我们将拯救全人类。	mcc_1 @ mcc_1	review
#str_300972	Kane, you've surprised a lot of people today. You've stood shoulder to shoulder with Rhino Squad and survived. {happy}Congratulations.	Kane，你今天让很多人刮目相看。你和犀牛小队并肩作战，还活了下来。{happy}恭喜。		review
#str_300973	Kane, when we first dropped on Stroggos, I was certain you wouldn't last a day with Rhino Squad. {happy}I am pleased to say I was incorrect.	Kane，刚空降到 Stroggos 那会儿，我笃定你在犀牛小队撑不过一天。{happy}我很高兴地承认，是我看走眼了。		review
#str_300974	Hey, Marine.  Youre gonna need this.  The extended clip should help in taking down the squibs.	嘿，陆战队员，你会用得上这个的。加长弹匣，打那些杂碎正合适。	mcc_1 @ mcc_1	review
#str_300975	Corporal Kane, your ride to the convoy is waiting for you. Step on through.	Kane 下士，送你去车队的载具已经在等你了。过去吧。	mcc_1 @ mcc_1	review
#str_300976	How long we been at this now?	我们干了多久了？	mcc_1 @ mcc_1	review
#str_300977	18 hours, Chief.	18 个小时了，头儿。	mcc_1 @ mcc_1	review
#str_300978	{furrow}Shit. Okay, let's warm this one up.	{furrow}妈的。行，把这台预热起来。		review
#str_300979	Activate the torso batteries.	启动躯干电池组。	mcc_1 @ mcc_1	review
#str_300980	Check.	确认。	mcc_1 @ mcc_1	review
#str_300981	Boot up primary servo controls.	启动主伺服控制系统。	mcc_1 @ mcc_1	review
#str_300982	Cycle up navigation AI.	启动导航 AI。	mcc_1 @ mcc_1	review
#str_300983	Look at this, would ya? The M B L Bs weren't built for this kind of punishment.	你瞧瞧这个。MBLB 可不是造来挨这种蹂躏的。	mcc_1 @ mcc_1	review
#str_300984	What have the Strogg got that can do this kind of damage?	Strogg 到底有什么家伙，能造成这种破坏？		review
#str_300985	Never seen damage like this. The battlefields must be hell.	从没见过这样的损伤。前线战场肯定跟地狱一样。	mcc_1 @ mcc_1	review
#str_300986	Hey, you're with Rhino Squad. When you see Rhodes, remind him he still owes me money from our last poker game.	嘿，你是犀牛小队的吧。见到 Rhodes 提醒他一声，上回打牌他还欠我钱呢。	mcc_1 @ mcc_1	review
#str_300987	Good ol Rhodes. Lucky with women, unlucky with cards.	好个 Rhodes，情场得意，牌场失意。	mcc_1 @ mcc_1	review
#str_300988	Hey, take it from someone who knows. Never go out on R and R with Rhodes. You'll end the night fighting with an M P.	嘿，听过来人一句劝：千万别跟 Rhodes 一起休假。到了半夜，你准得跟宪兵干上一架。		review
#str_300989	{confused}They call this Stroggification? {idle}Looks more like mutilation to me. Barely half of his original body left.	{confused}这就是他们说的 Strogg 化？{idle}要我看更像肢解。他原来的身体连一半都不剩了。		review
#str_300990	I'll bring a scanner over. {furrow}Let's see what they've done to his brain.	我去把扫描仪推过来。{furrow}看看他们把他的脑子弄成了什么样。		review
#str_300991	{puzzled}Amazing. {idle}His arm was sheared off with a dirty saw blade.	{puzzled}难以置信。{idle}他的手臂是被一片脏锯片生生锯下来的。		review
#str_300992	{furrow}He must have received a massive dosage of steroids to keep him alive through the process.	{furrow}肯定给他打了大剂量的类固醇，才让他熬过了整个改造过程。		review
#str_300993	{puzzled}You know, I bet we could get a research grant studying this one.	{puzzled}话说，研究这一具，说不定能申请到一笔科研经费。		review
#str_300994	I'll get the paper work started. {puzzled}Who knows, maybe we'll get lucky.	我这就去准备文书。{puzzled}谁知道呢，也许我们真能走运。		review
#str_300995	{furrow}Step back, freak.	{furrow}退后，怪胎。		review
#str_300996	{furrow}You don't wanna be doin' this.	{furrow}你最好别乱来。		review
#str_300997	{furrow}Don't come anywhere near me.	{furrow}离我远点。		review
#str_300998	That is good because I would like to take Corporal Kane to a mission briefing.	那正好，我正想带 Kane 下士去参加任务简报。	mcc_2 @ mcc_2	review
#str_300999	Well, keep a close eye on him. Most of the men won't take kindly to having a Strogg walking through the Hannibal.	行，那你盯紧他。一个 Strogg 在汉尼拔号上走来走去，大多数弟兄可不会给好脸色。		review
#str_301000	I will make certain he remains safe. Kane, let us go to the briefing room.	我会确保他的安全。Kane，我们去简报室吧。	mcc_2 @ mcc_2	review
#str_301001	{furrow}I hope they brought you here to experiment on.	真希望他们把你弄来是当实验品的。		review
#str_301002	{puzzled}Is anything human left of you?	你身上还剩下几分人样？		review
#str_301003	You were human once but no more. {furrow}Now you're one of them.	你曾经是人类，但现在不是了。你已经是他们的一员。		review
#str_301004	{furrow}Get outta my face now!	马上从我眼前消失！		review
#str_301005	{furrow}Step back or this ain't gonna end well.	退后，不然没你好果子吃。		review
#str_301006	{furrow}You got a death wish, squib?	你是活腻了吗，杂碎？		review
#str_301007	{furrow}What's a piece of shit Strogg doin' onboard the Hannibal?	一坨 Strogg 烂货怎么会在汉尼拔号上？		review
#str_301008	{puzzled}How many Marines did they tear apart to build you?	他们拆了多少陆战队员，才拼出你这玩意儿？		review
#str_301009	{furrow}Be careful, freak. Lose your bodyguard and you're dead meat.	小心点，怪胎。哪天没了保镖，你就是块死肉。		review
#str_301010	{furrow}You eyeballing me, Strogg?	瞪我干什么，Strogg？		review
#str_301011	{furrow}You're real tough so long as you got a bodyguard, aren't ya?	有保镖撑腰就觉得自己很硬气，是吧？		review
#str_301012	{furrow}What do ya say we find out if your blood is still red?	不如咱们试试，看你的血还是不是红的？		review
#str_301013	{scared}Strogg! That's a Strogg!!	Strogg！那是个 Strogg！！		review
#str_301014	{scared}No, this can't be happening...	不，这不可能……		review
#str_301015	{scared}Get away from me! Get back!!	离我远点！退后！！		review
#str_301016	{scared}What are you doing here? Why are you doing this?	你来这儿干什么？你为什么要这样？		review
#str_301017	{furrow}Leave me alone.	别来烦我。		review
#str_301018	{furrow}Why are you here? Go away.	你来干什么？走开。		review
#str_301019	{furrow}Stop looking at me!	别盯着我看！		review
#str_301020	{furrow}A Strogg! Kill it!!	Strogg！宰了它！！		review
#str_301021	That's Matthew Kane. He's one of us.	那是 Matthew Kane。他是我们的人。	mcc_2 @ mcc_2	review
#str_301022	Don't tell me you're fallin' for that bullshit. {furrow}He's a Strogg.	你不会真信那套鬼话吧。他就是个 Strogg。		review
#str_301023	You're not a Strogg? Right. {furrow}Like I believe that.	你不是 Strogg？呵，鬼才信。		review
#str_301024	{furrow}You better haul ass off the Hannibal, freak.	你最好赶紧滚下汉尼拔号，怪胎。		review
#str_301025	{furrow}It might be worth the court martial to ice you right now!	就算上军事法庭，现在崩了你也值！		review
#str_301026	{confused}You just look like a Strogg. {puzzled}You're really one of us, right?	你只是长得像 Strogg 而已。你真是我们的人，对吧？		review
#str_301027	You might want to keep out of sight. Most of the other Marines are gonna want to see you dead.	你最好别太招摇。船上大多数陆战队员都巴不得你死。	mcc_2 @ mcc_2	review
#str_301028	We need to get to the mission briefing soon.	我们得尽快去参加任务简报。	mcc_2 @ mcc_2	review
#str_301029	Kane, we are expected at the mission briefing.	Kane，任务简报在等着我们。	mcc_2 @ mcc_2	review
#str_301030	{puzzled}Perhaps you could walk a little faster? {idle}We need to get to the mission briefing.	能不能走快一点？我们还得赶去任务简报。		review
#str_301031	On Venus, the city of Portsmith is scheduled to have temperatures in the low to mid seventie's with rain from seven to eight am.	金星方面，Portsmith 市气温预计在华氏七十到七十五度之间，早间七点至八点有雨。		review
#str_301032	The city of New Berlin be in the mid to upper seventie's and clear.	New Berlin 市气温华氏七十五度上下，天气晴朗。		review
#str_301033	And the spaceport, Aldrin, is still under repair from the meteor storm so the average temperature will be in the mid to upper four hundred's.	至于 Aldrin 航天港，流星风暴造成的损坏仍在抢修，平均气温将在华氏四百五十度左右。		review
#str_301034	{scared}Sir....	长官……		review
#str_301035	{furrow}At ease, Private.	稍息，列兵。		review
#str_301036	Rhino squad is waiting for you in the briefing room.	犀牛小队正在简报室等你。	mcc_2 @ mcc_2	review
#str_301037	Welcome back, Corporal Kane. {happy}May I be the first to say you look like shit.	欢迎归队，Kane 下士。请允许我第一个告诉你：你这模样简直惨不忍睹。		review
#str_301038	Son, you've got a lot of Strogg hardware attached to you. {furrow}And we don't have the equipment here to remove it.	孩子，你身上装了一大堆 Strogg 的机件。而我们这里没有能拆除它们的设备。		review
#str_301039	{furrow}Frankly, I don't think even one of our advanced medical facilities could do much. Those Strogg implants are too deeply connected to your central nervous system.	说实话，就算是我们最先进的医疗设施恐怕也无能为力。那些 Strogg 植入体和你的中枢神经系统连接得太深了。		review
#str_301040	But the good news is, the Strogg have no control over you. {happy}So we've given you a clean bill of health.	不过好消息是，Strogg 控制不了你。所以我们给你开了健康证明。		review
#str_301041	Shit, Kane really does look like a freakin' Strogg.	妈的，Kane 看上去还真像个该死的 Strogg。	mcc_2 @ mcc_2	review
#str_301042	Very good.	很好。	mcc_2 @ mcc_2	review
#str_301043	It's been determined The Nexus is too vast to be hurt by one E M P bomb or a dozen for that matter. The Strogg communication network needs to be cut off at the source.	已经查明，Nexus 太过庞大，一枚 EMP 炸弹奈何不了它，十几枚也一样。必须从源头掐断 Strogg 的通讯网络。	mcc_2 @ mcc_2	review
#str_301044	And that source housed in this building The Core.	而这个源头，就设在这座建筑里——核心区。	mcc_2 @ mcc_2	review
#str_301045	Were about to execute a massive assault to destroy the Core. Unfortunately its very well protected. we'll need to access the security stations at the tops of these nearby towers.	我们即将发动一场大规模突击，一举摧毁核心区。可惜那里防守得极其严密，我们必须先进入附近这几座高塔顶部的安保站。		review
#str_301046	That's enough, Rhodes.	够了，Rhodes。	mcc_2 @ mcc_2	review
#str_301047	General on deck!	将军到！	mcc_2 @ mcc_2	review
#str_301048	Ah... yeah. Matthew Kane. Our wayward Strogg. Can he be trusted?	啊……对。Matthew Kane，我们那位迷途知返的 Strogg。他信得过吗？		review
#str_301049	The doctors have given him a clean bill of health.	医生已经给他开了健康证明。	mcc_2 @ mcc_2	review
#str_301050	{happy}Kane, I've seen corpses that look healthier than you.	Kane，我见过的尸体都比你气色好。		review
#str_301051	{happy}Heh, heh, heh. Sounds like it was pretty touch and go with you for a while.	呵呵呵，听说你有阵子可是在鬼门关前走了一遭。		review
#str_301052	They're really hoping you're going to be able to walk through Strogg security and get into the Core. If not, this mission may fail.	他们指望你能直接穿过 Strogg 的安保系统进入核心区。做不到的话，这次行动很可能会失败。	mcc_2 @ mcc_2	review
#str_301053	{confused}Didn't I say brute force would not win this war? {idle}We are too far from the resources of Earth to fight a battle like that.	我不是说过吗，靠蛮力赢不了这场战争？我们离地球的补给太远，打不起那种消耗战。		review
#str_301054	Ja, Head Quarters must now realize we need superior intellect to defeat the Strogg. And with my knowledge, I am that intellect.	Ja，总部现在总算明白，要击败 Strogg 得靠超群的智慧。而凭我的学识，这智慧非我莫属。		review
#str_301055	Finally I will be given the respect that I deserve. And believe me, {furrow}I will not make it easy on those who have ignored me for so long.	我终于能得到应有的尊重了。相信我，那些无视了我这么久的人，我不会让他们好过的。		review
#str_301056	If anybody on the Hannibal gives you shit about how you look, let me know. {furrow}I'd be more than happy to straighten 'em out.	要是汉尼拔号上有谁拿你这副模样说三道四，跟我讲一声。我很乐意帮他们端正一下态度。		review
#str_301057	{confused}Does all that Strogg gear stuck to you hurt? {scared}'Cause, damn, it sure looks painful.	你身上那堆 Strogg 玩意儿疼不疼？妈呀，看着可真够受的。		review
#str_301058	{happy}You know, once the war's over, you're gonna have a hell of a time finding a girl that's gonna settle down and raise a family with you.	话说，等仗打完了，想找个姑娘跟你成家过日子，你可有得愁了。		review
#str_301059	{furrow}This war has taken quite a toll on our squad.  {idle}Private Anderson, Sargent Bidwell and Lieutenant Voss. {furrow}And almost you.	这场战争让我们小队损失惨重。列兵 Anderson、Bidwell 中士，还有 Voss 中尉。差一点连你也算上。		review
#str_301060	{happy}Morris was an excellent choice as squad leader. He knows the team better than anyone else. {idle}Sledge is an interesting choice as Sergeant. I believe he will perform quite well.	让 Morris 当队长是个绝佳的选择，没人比他更了解这支队伍。让 Sledge 当中士倒是挺有意思，不过我相信他会干得很出色。		review
#str_301061	{confused}Have you spoken to Strauss? {idle}He had a most interesting adventure after being captured by the Strogg.	你和 Strauss 聊过了吗？他被 Strogg 抓走之后，可是经历了一段相当有趣的冒险。		review
#str_301062	To hear Strauss talk, {furrow}he escaped all by himself. {idle}But I believe he had a small amount of help.	按 Strauss 的说法，他是全靠自己逃出来的。不过我相信，他多少还是得了点帮助。		review
#str_301063	Step right in, sir. This pod's for you.	请登舱吧，长官。这艘投送舱是给您准备的。	mcc_2 @ mcc_2	review
#str_301064	{furrow}Kane, I would remind you the existence of all humanity rests on your shoulders. But I wouldn't want you to feel any pressure. So all I will say, is {happy}don't get yourself killed, my friend.	Kane，我本想提醒你，全人类的存亡都压在你的肩上。但我可不想给你任何压力。所以我只说一句——别把命丢了，我的朋友。		review
#str_301065	Good luck, sir. Automated navigation will take you right to the Data Storage Terminal. Have a safe flight.	祝您好运，长官。自动导航会把您直接送到数据存储终端。一路平安。	mcc_2 @ mcc_2	review
#str_301066	Paging Private Herman. Paging Private Paul Herman. Please report to General Harper's office.	呼叫列兵 Herman。呼叫列兵 Paul Herman。请立即到 Harper 将军办公室报到。	mcc_2 @ mcc_2	review
#str_301067	Evac drills for decks four and five to commence at oh two hundred hours.	四号与五号甲板的撤离演习将于零二〇〇时开始。		review
#str_301068	Security, report to deck two. A Strogg Warrior has been sighted.	警卫队请前往二号甲板。发现一名 Strogg 战士。		review
#str_301069	Condor squad, report to briefing room four.	神鹰小队，请到四号简报室报到。		review
#str_301070	I've tried bypassing node three, it's no use....	我试过绕开三号节点了，没用……	mcc_2 @ mcc_2	review
#str_301071	{scared}Holy shit. You're never gonna believe what I'm seein' right now.	我的老天。你绝对不会相信我现在看到了什么。		review
#str_301072	Hey, I'm just a tech. I don't want any trouble.	嘿，我只是个技术兵，我不想惹麻烦。	mcc_2 @ mcc_2	review
#str_301073	Get away from me!	离我远点！	mcc_2 @ mcc_2	review
#str_301074	Leave me alone!!	别来烦我！！	mcc_2 @ mcc_2	review
#str_301075	I imagine with all the hardware, you can read and understand spoken Strogg.	我猜，装了那么多硬件，你应该能看懂 Strogg 文字、听懂他们说话吧。	mcc_2 @ mcc_2	review
#str_301076	It's really far too dangerous to attempt to remove any of the implants. We have no idea what failsafe mechanisms that might activate.	贸然拆除任何植入体都太危险了。谁也不知道那会触发什么样的保险机制。	mcc_2 @ mcc_2	review
#str_301077	I'm sure there're a lot of doctors back at Prime Command who'd like to take a look at you.	我敢肯定，总指挥部有一大堆医生想好好研究研究你。	mcc_2 @ mcc_2	review
#str_301078	You think he's got a multiphase transmitter?	你说他身上装的是多相发射器吗？	mcc_2 @ mcc_2	review
#str_301079	Yeah. And get a load of the temporal implants, Those must be wired directly into the cerebral cortex.	没错。再看看那对颞部植入体，肯定是直接接进大脑皮层的。	mcc_2 @ mcc_2	review
#str_301080	I wonder what his RAM is?	不知道他的内存有多大？	mcc_2 @ mcc_2	review
#str_301081	Probably using onboard memory.	八成用的是板载存储。	mcc_2 @ mcc_2	review
#str_301082	Use his cerebral cortex?	拿他的大脑皮层当存储？	mcc_2 @ mcc_2	review
#str_301083	Well, sure. It's there, why not put it to good use?	那当然，现成的东西，不用白不用嘛。	mcc_2 @ mcc_2	review
#str_301084	You've got a point. Maybe H Q would let us run some tests on him.	有道理。说不定总部会批准我们在他身上做几项测试。		review
#str_301085	Excellent idea. Let's find out.	好主意，去问问看。	mcc_2 @ mcc_2	review
#str_301086	Do you have any idea how many instructions per second you can perform?	你知道自己每秒能执行多少条指令吗？	mcc_2 @ mcc_2	review
#str_301087	How much additional memory is stored in your skull?	你脑壳里还装了多少额外存储？	mcc_2 @ mcc_2	review
#str_301088	Could I run some diagnostics on you later?	回头我能在你身上跑几个诊断程序吗？	mcc_2 @ mcc_2	review
#str_301089	Did the Strogg give you photographic memory?	Strogg 给你装了过目不忘的记忆力吗？	mcc_2 @ mcc_2	review
#str_301090	Do you have your own thoughts, or are you running purely on the A I programmed into the neurocyte?	你还有自己的思想吗？还是说完全靠神经控制体里预设的 AI 在运转？	mcc_2 @ mcc_2	review
#str_301091	Is it really that bad being a Strogg?	当个 Strogg 真有那么糟吗？	mcc_2 @ mcc_2	review
#str_301092	Security. This is Morrell on deck two. There's a freakin' Strogg down here!	警卫队！我是二号甲板的 Morrell。这下面有个该死的 Strogg！		review
#str_301093	That's Matthew Kane. He's not a Strogg and he's been given full clearance.	那是 Matthew Kane。他不是 Strogg，而且已获得完全通行权限。	mcc_2 @ mcc_2	review
#str_301094	Don't touch me!	别碰我！		review
#str_301095	What do you want from me?	你到底想把我怎么样？		review
#str_301096	Go away!!	走开！！	building_b @ building_b	review
#str_301097	Kane, you are making the Marines on this ship nervous. Perhaps we should get to the pod bay.	Kane，你让船上的陆战队员们很紧张。我们还是去投送舱区吧。	mcc_2 @ mcc_2	review
#str_301098	Morris was very specific that we go to the pod bay, Kane.	Morris 特意交代过要我们去投送舱区，Kane。	mcc_2 @ mcc_2	review
#str_301099	We have delayed long enough. Let us go to the pod bay.	我们耽搁得够久了。去投送舱区吧。	mcc_2 @ mcc_2	review
#str_301100	Here, I guess even you get one of these. Its a shotgun thats been modified to take clips. Should make things easier on the front.	拿着，看来连你也能领一把。这是改装过的霰弹枪，能用弹匣供弹。上了前线能省不少事。		review
#str_301101	There have been great changes in Rhino squad since you were freed.	自你获救以来，犀牛小队发生了不少变动。	mcc_2 @ mcc_2	review
#str_301102	Corporal Morris has been given a field promotion of lieutenant and I have been promoted to Sergeant.	Morris 下士战地晋升为中尉，而我升任了中士。	mcc_2 @ mcc_2	review
#str_301103	I know Morris will do a very good job, but this kind of responsibility is new to me. But rest assured I will do what is best for the squad.	我知道 Morris 会干得很出色，但这种担子对我来说还是头一回。不过放心，我一定会为小队做最好的打算。	mcc_2 @ mcc_2	review
#str_301104	What the hell is a squib doin' here?	一个杂碎跑到这儿来干什么？	mcc_2 @ mcc_2	review
#str_301105	The war can't be goin' that bad... can it?	战局总不至于糟到这地步吧……不至于吧？	mcc_2 @ mcc_2	review
#str_301106	Are we negotiating some kind of peace treaty with the Strogg?	难不成我们在跟 Strogg 谈什么和平条约？	mcc_2 @ mcc_2	review
#str_301107	You Strogg can't be trusted. Every human knows that.	你们 Strogg 根本信不得，这是人都知道。	mcc_2 @ mcc_2	review
#str_301108	Back the hell off!	给我滚远点！	mcc_2 @ mcc_2	review
#str_301109	Get outta my face, Strogg.	从我眼前消失，Strogg。	mcc_2 @ mcc_2	review
#str_301110	You don't scare me, freak.	你吓不倒我，怪胎。	mcc_2 @ mcc_2	review
#str_301111	Hey, look! A freak!!	嘿，快看！一个怪胎！！	mcc_2 @ mcc_2	review
#str_301112	What's that doin' onboard?	那玩意儿怎么上船的？	mcc_2 @ mcc_2	review
#str_301113	Has H Q lost it's mind? Why the hell are you being escorted around here?	总部是疯了吗？凭什么派人护送你在这儿晃悠？	mcc_2 @ mcc_2	review
#str_301114	Only dead Strogg should be on the Hannibal.	汉尼拔号上只欢迎死掉的 Strogg。	mcc_2 @ mcc_2	review
#str_301115	Better hope you don't lose your bodyguard, squib.	祈祷你的保镖别离身吧，杂碎。	mcc_2 @ mcc_2	review
#str_301116	Correct. Intelligence believes that because of his Strogg physiology, Kane is the only one who can deactivate the security stations. Kane, you most likely are our last, best hope of destroying the Nexus.	没错。情报部门认为，凭借 Strogg 化的身体机能，Kane 是唯一能解除安保站的人。Kane，你很可能是我们摧毁 Nexus 最后、也是最大的希望。	mcc_2 @ mcc_2	review
#str_301117	Strauss, we'll need your expertise at the Networking tower once we gain control.	Strauss，一旦我们夺得控制权，就需要你在数据网络塔发挥专长。	mcc_2 @ mcc_2	review
#str_301118	Hacking the Strogg network will not be an easy task. But with the proper equipment, it can be done.	入侵 Strogg 的网络绝非易事。不过只要设备齐全，还是可以办到的。	mcc_2 @ mcc_2	review
#str_301119	Very good. Lieutenant Morris, you have the floor.	很好。Morris 中尉，交给你了。		review
#str_301120	All right, Gentlemen. This one's gonna turn the tide of the war so stay sharp.	好了，先生们。这一仗将扭转整个战局，都给我打起精神来。	mcc_2 @ mcc_2	review
#str_301121	Strauss, you're being transported by land. Kane, you're going out with the next pod assault wave. The launch bay is nearby.	Strauss，你走陆路输送。Kane，你随下一波投送舱突击出发，发射舱区就在附近。	mcc_2 @ mcc_2	review
#str_301122	Battle stations. A Strogg force is incoming. Fliers and ground troops are confirmed.	全员进入战斗岗位。Strogg 部队来袭，已确认有飞行器和地面部队。	mcc_2 @ mcc_2	review
#str_301123	Guess they brought it to us. Let's make 'em regret it. Move out.	看来是他们先找上门的。那就让他们后悔来过。出发。	mcc_2 @ mcc_2	review
#str_301124	Data Storage...	数据存储……	mcc_2 @ mcc_2	review
#str_301125	Networking...	数据网络……	mcc_2 @ mcc_2	review
#str_301126	and Data Processing.	以及数据处理。	mcc_2 @ mcc_2	review
#str_301127	And that would be where Corporal Kane comes in.	这就要靠 Kane 下士出场了。	mcc_2 @ mcc_2	review
#str_301128	All systems are a go, you are cleared for launch, bay twelve.	各系统就绪。十二号舱位，准许发射。		review
#str_301129	Roger that, control.	收到，控制中心。	mcc_2 @ mcc_2	review
#str_301130	All right, Marine, just go down that corridor. Your pod is prepped and ready to launch.	好了，陆战队员，顺着那条走廊过去。你的投送舱已经准备就绪，随时可以发射。	mcc_2 @ mcc_2	review
#str_301131	Your pod is waiting for you at the end of that corridor. Good luck.	你的投送舱就在走廊尽头等着你。祝你好运。	mcc_2 @ mcc_2	review
#str_301132	Just go down that corridor. It'll take you straight to your pod.	顺着那条走廊走，直接就能到你的投送舱。	mcc_2 @ mcc_2	review
#str_301133	Bay eight, reload for launch. Your next passenger will be arriving shortly.	八号舱位，重新装载准备发射。下一位乘员马上就到。		review
#str_301134	I will be prepped for launch in two minutes, control.	控制中心，两分钟后完成发射准备。	mcc_2 @ mcc_2	review
#str_301135	{furrow}I'm a little busy here, pal. We've got a couple hundred pods to launch. {idle}Take that corridor, it'll get you to your pod.	伙计，我这儿忙得很，还有几百艘投送舱等着发射。走那条走廊，就能到你的舱位。		review
#str_301136	{furrow}Maybe you didn't hear the news, but we've got a major assault launching right now. Go on, move out.	你可能还没听说，大规模突击这会儿正在打响。快，出发。		review
#str_301137	{furrow}Marine, I've got zero time for this. Take that corridor to reach your pod.	陆战队员，我一秒钟都耗不起。走那条走廊去你的投送舱。		review
#str_301138	This is Bay 42. The pod is away. Running diagnostics for next launch cycle.	这里是 42 号舱位。投送舱已发射，正在为下一轮发射运行诊断。	mcc_2 @ mcc_2	review
#str_301139	Control, I'm having a little trouble with navigation.	控制中心，我的导航出了点问题。	mcc_2 @ mcc_2	review
#str_301140	I confirm that. Re transmitting pod flight plan.	已确认。正在重新传输投送舱飞行计划。	mcc_2 @ mcc_2	review
#str_301141	Yee ha! Man, is this a sight!	呀吼！伙计，这景象真带劲！		review
#str_301142	Humming to himself.	（自顾自地哼着歌）		review
#str_301143	Damn it! Now's not the time for this.	该死！偏偏这时候掉链子。	mcc_2 @ mcc_2	review
#str_301144	Piece of shit...	破烂玩意儿……	mcc_2 @ mcc_2	review
#str_301145	This old bucket of bolts should have been decommissioned a long time ago.	这堆老破铜烂铁早该退役了。	mcc_2 @ mcc_2	review
#str_301146	We aren't going to win this war using outdated ships like the Hannibal.	靠汉尼拔号这种过时的老船，我们赢不了这场战争。	mcc_2 @ mcc_2	review
#str_301147	We have Strogg boarding parties on decks two and three!	二号和三号甲板发现 Strogg 登舰部队！		review
#str_301148	Security, report to hangar, deck two. Strogg boarding parties have been reported.	警卫队请前往二号甲板机库。据报有 Strogg 登舰部队。		review
#str_301149	Wolf squad, report to engineering and repel boarding parties.	野狼小队，前往轮机舱击退登舰部队。	mcc_2 @ mcc_2	review
#str_301150	Welcome, Corporal Matthew Kane. Navigation online.	欢迎，Matthew Kane 下士。导航系统已上线。	mcc_2 @ mcc_2	review
#str_301151	Engine prep cycle complete.	引擎预热流程完成。	mcc_2 @ mcc_2	review
#str_301152	Prepare for launch.	准备发射。	mcc_2 @ mcc_2	review
#str_301153	First wave has launched. All Pods are in the green.	第一波已发射。所有投送舱状态正常。	mcc_2 @ mcc_2	review
#str_301154	Funny, the Hannibal doesn't look as damaged from here.	有意思，从这儿看，汉尼拔号伤得没那么重嘛。	mcc_2 @ mcc_2	review
#str_301155	Crap! There's anti aircraft coming from all directions.	糟了！四面八方全是防空火力。	mcc_2 @ mcc_2	review
#str_301156	Do not deviate from assigned flight plans.	不得偏离既定飞行计划。	mcc_2 @ mcc_2	review
#str_301157	Mayday! Mayday! I'm hit! I'm goin' down!	求救！求救！我中弹了！我要坠落了！	mcc_2 @ mcc_2	review
#str_301158	The shields around the terminals are affecting navigation. Watch your landing vectors.	终端周围的护盾正在干扰导航，注意你们的着陆矢量。	mcc_2 @ mcc_2	review
#str_301159	There's a fire in my pod! I can't get fire suppression to activate!	我的舱里起火了！灭火系统启动不了！	mcc_2 @ mcc_2	review
#str_301160	Dammit! Navigation is down. I'm flyin' blind!	该死！导航失灵了，我这是在盲飞！	mcc_2 @ mcc_2	review
#str_301161	Kane, this is Morris. I'm not getting any younger. Get a move on.	Kane，我是 Morris。我可没工夫陪你耗，赶紧行动。	mcclanding @ mcclanding	review
#str_301162	Research team Raven has arrived at the hangars and begun deploying equipment.	渡鸦研究小组已抵达机库，开始部署设备。		review
#str_301163	{confused}So I'm supposed to interface the secondary protocol?	所以我该接入二级协议？		review
#str_301164	Nein. I don't know how to make it any simpler, you have to engage the primary override first.	Nein。我不知道还能怎么说得更简单——你得先启动主超控。	mcclanding @ mcclanding	review
#str_301165	But you didn't say that.	可你之前没这么说。	mcclanding @ mcclanding	review
#str_301166	I shouldn't have to. It's plainly obvious. Do I have to come down there and walk you through it?	这还用我说？明摆着的事。非要我下去手把手教你吗？	mcclanding @ mcclanding	review
#str_301167	{furrow}No, that's not necessary. I'll figure it out.	不，不必了。我自己能搞明白。		review
#str_301168	Very well, Strauss out.	很好。Strauss，通话完毕。	mcclanding @ mcclanding	review
#str_301169	{puzzled}Rhino Squad, eh? {idle}Your Private Strauss is about as friendly as a Strogg.	犀牛小队的？你们那位列兵 Strauss，友善程度跟 Strogg 有一拼。		review
#str_301170	I know Strauss is a super genius but damn, does he have to be such a pain in the ass?	我知道 Strauss 是个超级天才，可妈的，他非得这么招人烦吗？	mcclanding @ mcclanding	review
#str_301171	I heard Strauss lost his cushy tech job after getting in a shouting match with a General. After that he was reassigned to your squad on the front lines.	听说 Strauss 跟一位将军对骂了一场，丢了原来那份清闲的技术差事，之后就被调到你们小队上前线了。	mcclanding @ mcclanding	review
#str_301172	Kane, I'm getting tired of coolin' my heels. Get down here before I leave without you!	Kane，我可等得不耐烦了。再不下来我就扔下你先走了！	mcclanding @ mcclanding	review
#str_301173	Look at the configuration of the turbine.	你看这台涡轮的构型。	mcclanding @ mcclanding	review
#str_301174	That has to be at least fifteen percent more efficient than anything we have.	这效率起码比我们手头任何型号都高百分之十五。		review
#str_301175	And see how they designed the fuel intake?	再看看他们这燃料进气道的设计？	mcclanding @ mcclanding	review
#str_301176	Wow. We have to get this to the Hannibal as soon as it lands.	哇。等汉尼拔号一着陆，就得把这东西送上去。	mcclanding @ mcclanding	review
#str_301177	Hmm, yeah? I'm a little busy here.	嗯，怎么？我这儿有点忙。	mcclanding @ mcclanding	review
#str_301178	Would you look at this? The pre ignition coils are triple wound!	你瞧瞧这个！预点火线圈居然是三重绕组的！	mcclanding @ mcclanding	review
#str_301179	Hmm? Maybe you should ask Baku.	嗯？这你恐怕得去问 Baku。		review
#str_301180	{confused}What? Did you want something?	什么？你有事吗？		review
#str_301181	I don't believe it! This has an avionic compensator built in to the onboard A I!	难以置信！这玩意儿的板载 AI 里居然内置了航电补偿器！	mcclanding @ mcclanding	review
#str_301182	Maybe you should talk to Murphy.	这你还是去找 Murphy 吧。		review
#str_301183	{furrow}Corporal, I refuse to repair this power transfer until I am assigned additional protection.	下士，在给我加派护卫之前，我拒绝修理这个电力传输装置。		review
#str_301184	Strauss, we've been over this. It's not gonna happen.	Strauss，这事我们谈过了。没门。	mcclanding @ mcclanding	review
#str_301185	{scared}But I am in mortal danger! This area is filled with Strogg!	可我命悬一线啊！这一带到处都是 Strogg！		review
#str_301186	Thank you, Private Strauss. Your grievance is noted.	谢谢，Strauss 列兵。你的不满已记录在案。	mcclanding @ mcclanding	review
#str_301187	Ah, hello, Corporal Kane, it is good to finally meet you. I am Private Johann Strauss, {puzzled}you have no doubt heard of me.	啊，你好，Kane 下士，总算见到你了。我是列兵 Johann Strauss——你想必早就听说过我。		review
#str_301188	I am far too valuable to be left defenseless. There should be a dozen soldiers guarding me.	我这么宝贵的人才，怎么能没人保护？起码该派一打士兵守着我。	mcclanding @ mcclanding	review
#str_301189	{furrow}How can they do this to me? To ME! Johann Strauss. {idle}The war effort cannot afford to have me die.	他们怎么能这样对我？对我！Johann Strauss！这场战争可死不起我这号人物。		review
#str_301190	I am one of eight humans fluent in Strogg. One of four who understands Strogg programming. And yet our leaders continue to risk my life on a daily basis.	全人类精通 Strogg 语的只有八个人，我是其中之一；看得懂 Strogg 程序的只有四个，我也算一个。可我们的长官们还天天拿我的命去冒险。	mcclanding @ mcclanding	review
#str_301191	{confused}What the hell were you doin'. Chattin' it up with some of local Strogg women? {idle}C'mon, let's get back to Rhino Squad.	你他妈干什么去了？跟本地的 Strogg 娘们儿唠嗑呢？走，回犀牛小队去。		review
#str_301192	C'mon, {confused}what are we stopping for? {idle}Let's get to the Air Defense Cannon.	走啊，停下来干什么？咱们去防空炮那边。		review
#str_301193	Kane, we've got no time to stop. Lieutenant Voss is waiting for us.	Kane，没时间停留了。Voss 中尉还等着我们呢。		review
#str_301194	{puzzled}What are you doing? {idle}Let's get to the Air Defense Cannon.	你在干什么？快去防空炮那边。		review
#str_301195	Look! We've got fliers to study!	看！有飞行器可以研究了！	mcclanding @ mcclanding	review
#str_301196	Kane, this is Morris. Where the hell are you? Get down here quick. We've got a war to win, remember?	Kane，我是 Morris。你死哪儿去了？赶紧下来。还等着打赢这场仗呢，忘了吗？	mcclanding @ mcclanding	review
#str_301197	H Q, H Q do you copy? H Q, this is Raven squad. I'm getting no response, Captain. We're gonna need a radio relay placed at the entrance of the mountain.	总部，总部，听到请回答？总部，这里是渡鸦小队。上尉，没有任何回应。我们得在山体入口架一台无线电中继器。		review
#str_301198	I want this gear prepped and ready in one hour.	一小时内，这批装备必须准备就绪。	mcclanding @ mcclanding	review
#str_301199	It takes a full hour just to uncrate this equipment, sir.	长官，光开箱就得整整一个小时。	mcclanding @ mcclanding	review
#str_301200	{furrow}I've got no time for excuses, Marine. I want results.	我没工夫听借口，陆战队员。我只要结果。		review
#str_301201	You mind, buddy? I've got a shit load of work to do.	让让行吗，伙计？我这儿一堆活儿要干。	mcclanding @ mcclanding	review
#str_301202	{furrow}Look, I don't mean to be a dick, but I'm really busy right now.	听着，我不是想摆脸色，但我现在真的很忙。		review
#str_301203	{furrow}Unless you wanna help me uncrate, hook up and activate this equipment, you better just step away.	除非你想帮我开箱、接线、调设备，不然就麻烦你靠边站。		review
#str_301204	I want a full analysis of that primary console in the southern hangar, and I want it five minutes ago.	南机库那台主控制台，我要一份完整分析——五分钟前就该交了。	mcclanding @ mcclanding	review
#str_301205	You. Download the launch software from that console in back.	你，去把后面那台控制台里的发射软件下载下来。	mcclanding @ mcclanding	review
#str_301206	{puzzled}Corporal Kane, right? {idle}Good job clearing out the hangars. We're gonna learn a lot about the Strogg from this facility.	Kane 下士，对吧？机库清剿得漂亮。这处设施能让我们摸清 Strogg 不少底细。		review
#str_301207	This is the first time we've been in a Strogg hangar. Why studying just one of the consoles is gonna keep us busy for months.	这是我们头一回进 Strogg 的机库。光研究其中一台控制台，就够我们忙上好几个月了。	mcclanding @ mcclanding	review
#str_301208	We've never had the chance to study an undamaged flier before. Now we have dozens to work with.	以前我们从没机会研究完好无损的飞行器，现在一下子有几十架可以摆弄。	mcclanding @ mcclanding	review
#str_301209	Once we've had some time to understand the fliers, we'll be knocking them out of the sky with ease.	等我们吃透了这些飞行器，把它们从天上打下来就是小菜一碟。	mcclanding @ mcclanding	review
#str_301210	Cmon, Marine! Lets get to the L Z and join the party!	快走，陆战队员！去着陆区凑凑热闹！	mcclanding @ mcclanding	review
#str_301211	Lets get to the landing zone, Marine!	去着陆区，陆战队员！	mcclanding @ mcclanding	review
#str_301212	{furrow}Stop pissing around. We have to get to the L Z.	别磨磨蹭蹭的，我们得赶去着陆区。		review
#str_301213	The Hannibals gonna be landing soon. We have to get there ASAP!	汉尼拔号马上就要着陆了，我们得尽快赶过去！	mcclanding @ mcclanding	review
#str_301214	{happy}Damn. That cannon sure knocked the shit out of the containment door.	好家伙，这门炮可把隔离门轰了个稀巴烂。		review
#str_301215	Where the hell are these things coming from?	这些鬼东西到底是从哪儿冒出来的？	mcclanding @ mcclanding	review
#str_301216	Time for a little more target practice.	又到打靶练习时间了。	mcclanding @ mcclanding	review
#str_301217	Come here, Strogg. I got a present for ya.	过来呀，Strogg，我给你备了份大礼。	mcclanding @ mcclanding	review
#str_301218	A little further and we should be at the Landing Zone.	再走一段，应该就到着陆区了。	mcclanding @ mcclanding	review
#str_301219	The L Z is straight through here.	着陆区就在这条路直走到头。	mcclanding @ mcclanding	review
#str_301220	This way to the Hannibals landing area.	往这边走，就是汉尼拔号的着陆场。		review
#str_301221	The U.S.S. Hannibal's landing cycle has begun.	汉尼拔号已进入着陆程序。	mcclanding @ mcclanding	review
#str_301222	Damn. We have to get to those Marines! Wait for the towers to reload, then run for it.	该死，我们得赶到那些陆战队员身边！等炮塔装填的间隙，抓紧冲过去。		review
#str_301223	The Hannibal is passing through the mesosphere. Heat shield is fully operational.	汉尼拔号正在穿越中间层。隔热罩运转正常。	mcclanding @ mcclanding	review
#str_301224	Now passing through the stratosphere. Breaking procedure has begun.	正在穿越平流层。减速程序已启动。	mcclanding @ mcclanding	review
#str_301225	The Hannibal is now in the troposphere. Landing zone in sight.	汉尼拔号已进入对流层。着陆区已在视野之内。	mcclanding @ mcclanding	review
#str_301226	Get down! Those guns are tearing us apart!	趴下！那些炮火快把我们撕碎了！	mcclanding @ mcclanding	review
#str_301227	Hannibal. Requesting air stike on that Strogg gun emplacement.	汉尼拔号，请求对那处 Strogg 炮位实施空袭。		review
#str_301228	We copy that.	收到。	mcclanding @ mcclanding	review
#str_301229	All right! Thanks Hannibal.	太好了！多谢，汉尼拔号。	mcclanding @ mcclanding	review
#str_301230	Our pleasure.	乐意效劳。	mcclanding @ mcclanding	review
#str_301231	Breaking jets activated. Deploying landing struts.	减速喷口已启动。着陆支架展开中。	mcclanding @ mcclanding	review
#str_301232	The U.S.S. Hannibal has landed. I repeat, the Hannibal has landed. Welcome aboard, Marines.	汉尼拔号已着陆。重复，汉尼拔号已着陆。欢迎登舰，陆战队员们。	mcclanding @ mcclanding	review
#str_301233	Fuckin A! Shes down! Come on, lets get to the Hannibal!	太他妈带劲了！她落地了！走，上汉尼拔号！	mcclanding @ mcclanding	review
#str_301234	What are you waiting for? Let’s get to the ship!	还愣着干什么？快上船！	mcclanding @ mcclanding	review
#str_301235	We can board the ship by getting on the lift.	搭那部升降梯就能登舰。		review
#str_301236	Cmon, lets get to The Hannibal.	走吧，上汉尼拔号。		review
#str_301237	Finally. A chance to get out of the line of fire for a couple hours.	可算能离开火线，清静几个小时了。		review
#str_301238	Corporal Kane, {puzzled}enjoying your first day with Rhino Squad? {idle}Here's something I found you might be able to use.	Kane 下士，在犀牛小队的第一天过得还愉快吗？我找到了点东西，你或许用得上。		review
#str_301239	Now that the hangars are out of commission we have a clear path to the air defense cannon. Lets move.	机库已经瘫痪，通往防空炮的路畅通无阻了。行动。	mcclanding @ mcclanding	review
#str_301240	That door's our only way into the gun control room. Find a way to open it. Good luck.	那扇门是进入炮控室的唯一通道。想办法打开它。祝你好运。		review
#str_301241	{furrow}Damn . . . {idle}this doors locked and its our only way in.	该死……门锁死了，这可是唯一的入口。		review
#str_301242	Kane, find a way to open this. Sledge and Morris, take up a position. Were staying here.	Kane，想办法把门打开。Sledge、Morris，占据位置。我们守在这里。	mcclanding @ mcclanding	review
#str_301243	Yes sir.	是，长官。	hangar_2 @ hangar_2	review
#str_301244	Go on, Kane. Find a way to open this door.	去吧，Kane。想办法打开这扇门。	mcclanding @ mcclanding	review
#str_301245	Kane, we have to take this cannon down now.	Kane，我们必须立刻拿下这门炮。	mcclanding @ mcclanding	review
#str_301246	{furrow}I just gave you an order, Soldier. Find a way to open this door.	我刚下过命令，士兵。想办法把这扇门打开。		review
#str_301247	Good job, Kane. Sledge, cmon. Youre with us. Morris stay here and watch our backs.	干得好，Kane。Sledge，走，你跟我们行动。Morris 留在这儿掩护后方。	mcclanding @ mcclanding	review
#str_301248	Shit, Im missing out on all the fun today.	妈的，今天的好戏全跟我没份。	mcclanding @ mcclanding	review
#str_301249	Its locked. This just isnt our day for doors.	锁死了。今天咱们跟门算是犯冲了。		review
#str_301250	We got squibs above us!	头顶上有杂碎！	mcclanding @ mcclanding	review
#str_301251	Get in there! Move!	冲进去！快！	mcclanding @ mcclanding	review
#str_301252	Sledge, gimme suppressing fire from that railing. Kaine, push forward!	Sledge，到栏杆那儿给我火力压制。Kane，向前推进！	mcclanding @ mcclanding	review
#str_301253	Good job, men. Mission accomplished.	干得好，弟兄们。任务完成。	mcclanding @ mcclanding	review
#str_301254	This is Lieutenant Voss to H Q, the cannon is under Marine control.	Voss 中尉呼叫总部，火炮已被陆战队控制。		review
#str_301255	Affirmative, Lieutenant. The Hannibal is now in geosynchronous orbit and beginning descent.	确认，中尉。汉尼拔号已进入同步轨道，开始下降。	mcclanding @ mcclanding	review
#str_301256	Sir, how are we gonna get to the landing zone with that locked surface door in our way?	长官，地表那扇门锁着，我们要怎么去着陆区？	mcclanding @ mcclanding	review
#str_301257	Good point. Kane, hop in the cannon and see if you cant open the door.	问得好。Kane，钻进炮座，看看能不能把那扇门「打开」。		review
#str_301258	Now what do you say we put this gun to good use? See that locked door over there? Let's blow it to hell.	现在，咱们让这门炮发挥点余热怎么样？看见那边那扇锁着的门了吗？把它轰上天。	mcclanding @ mcclanding	review
#str_301259	Kane, since you were first in, you do the honors.	Kane，你是第一个冲进来的，这份荣幸归你。	mcclanding @ mcclanding	review
#str_301260	Go ahead, Kane. Fire away.	来吧，Kane，开炮。	mcclanding @ mcclanding	review
#str_301261	All you gotta do is aim the cannon at the door and fire, Kane.	Kane，你只要把炮口对准那扇门，开火就行。	mcclanding @ mcclanding	review
#str_301262	If you use the controls there, you can point this cannon at that door and destroy it.	用那边的操纵装置，就能把炮口转向那扇门，把它摧毁。	mcclanding @ mcclanding	review
#str_301263	Nice shootin', Kane.	打得漂亮，Kane。	mcclanding @ mcclanding	review
#str_301264	This is Lieutenant Voss to all squads. Were in business. Make a sweep of the Hannibal landing zone! Rhodes, do you read me?	Voss 中尉呼叫各小队。行动开始，把汉尼拔号着陆区给我扫荡一遍！Rhodes，听到了吗？		review
#str_301265	Get to my position ASAP. I need your talents.	尽快赶到我的位置，我需要你的本事。	mcclanding @ mcclanding	review
#str_301266	On my way, sir.	马上到，长官。	mcclanding @ mcclanding	review
#str_301267	Sledge, youre with me on clean up detail. Kane, you go help clear out the L Z. Good luck.	Sledge，你跟我负责清剿扫尾。Kane，你去帮忙肃清着陆区。祝好运。	mcclanding @ mcclanding	review
#str_301268	Kane, you've got your orders. Go through that door and help clear out the landing zone.	Kane，命令已经下了。穿过那扇门，去帮忙肃清着陆区。	mcclanding @ mcclanding	review
#str_301269	Kane, I want you to get out there and help clear the landing zone.	Kane，我要你出去协助肃清着陆区。	mcclanding @ mcclanding	review
#str_301270	{furrow}Corporal Kane, I gave you an order! Get to the M C C landing zone!	Kane 下士，我下的是命令！立刻赶去 MCC 着陆区！		review
#str_301271	Did you not hear Lutenant Voss? He wants you to help secure the landing zone for the Mobile Command Center.	你没听见 Voss 中尉的话吗？他要你去协助保障移动指挥中心的着陆区。		review
#str_301272	I would strongly recommend you do not piss off the Lieutenant.	我强烈建议你别去惹恼中尉。		review
#str_301273	Kane, go to the L Z before the Lieutenant decides to make your life hell.	Kane，快去着陆区，免得中尉打定主意让你吃不了兜着走。		review
#str_301274	{happy}Todays turnin out to be pretty fun, eh, Kane? See ya on the Hannibal!	今天玩得挺痛快，是吧，Kane？汉尼拔号上见！		review
#str_301275	Clear the cannon for detonation!	火炮周围清场，准备起爆！	mcclanding @ mcclanding	review
#str_301276	Charges activated.	炸药已激活。	mcclanding @ mcclanding	review
#str_301277	Detonation in three . . two . . . one.	起爆倒计时：三……二……一。		review
#str_301278	{happy}Ha, haaa! Do I love my job!	哈哈！我可太爱这份工作了！		review
#str_301279	Cleared for detonation.	已清场，可以起爆。		review
#str_301280	Look! They're gonna destroy the cannon.	看！他们要把那门炮炸掉了。		review
#str_301281	There's been a cave in further down. There's nothing to see here.	前面塌方了，这儿没什么好看的。	mcclanding @ mcclanding	review
#str_301282	Go on, soldier. This cave's unstable.	走吧，士兵。这个洞窟不稳固。	mcclanding @ mcclanding	review
#str_301283	Didn't you hear me? Get out of here. The cave could collapse.	没听见吗？快离开这儿，洞窟随时可能塌。	mcclanding @ mcclanding	review
#str_301284	{furrow}Dammit, soldier. Walk the hell out of here before you need to be carried out.	该死的，士兵，趁还能自己走，赶紧滚出去，别等着被人抬出去。		review
#str_301285	Behavioral program downloaded to neurocyte.	行为程序已下载至神经控制体。	medlabs_1 @ medlabs_1	review
#str_301286	Be ah heteg vehl pevroom deh er bo deh thir Ehn ev erka thi.	Be ah heteg vehl pevroom deh er bo deh thir Ehn ev erka thi.		review
#str_301287	Take 'em down!	干掉他们！	medlabs_1 @ medlabs_1	review
#str_301288	{scared}Lieutenant! According to the med chip, this is Matthew Kane.	中尉！医疗芯片显示，这是 Matthew Kane！		review
#str_301289	{confused}Is he Strogg?	他是 Strogg 吗？		review
#str_301290	No. The neurocyte in his head hasn't been activated. The Strogg don't control him.	不是。他脑内的神经控制体还没被激活，Strogg 控制不了他。	medlabs_1 @ medlabs_1	review
#str_301291	{furrow}How do we know the neurocyte isn't gonna suddenly switch on and he winds up fully Strogg?	谁能保证那玩意儿不会突然启动，让他彻底变成 Strogg？		review
#str_301292	He won't. I guarantee it.	不会的。我担保。	medlabs_1 @ medlabs_1	review
#str_301293	H Q, this is Rhino squad. {furrow}We've got an injured Marine who needs immediate evac.	总部，这里是犀牛小队。有一名伤员需要立即后送。		review
#str_301294	Rhino squad, meet Falcon five at the coordinates being sent.	犀牛小队，请按发送的坐标与猎鹰五号会合。		review
#str_301295	Roger that, H Q. Rhino squad, out.	收到，总部。犀牛小队，通话完毕。	medlabs_1 @ medlabs_1	review
#str_301296	{happy}Welcome back to the land of the living, Kane.	欢迎重返人间，Kane。		review
#str_301297	{furrow}C'mon. Let's move out.	走，我们出发。		review
#str_301298	{furrow}Flank left! Flank left!	左翼包抄！左翼包抄！		review
#str_301299	I'm on it!	这就去！	medlabs_1 @ medlabs_1	review
#str_301300	All clear!	安全！	hub_1 @ hub_1	review
#str_301301	We're too late for this one.	这个人，我们来晚了。	medlabs_1 @ medlabs_1	review
#str_301302	{furrow}I'm doin' you a favor, Marine.	我这是在帮你解脱，陆战队员。		review
#str_301303	{scared}Wait!	等等！		review
#str_301304	Take a reading on him.	给他做个检测。	medlabs_1 @ medlabs_1	review
#str_301305	You can't go running around unarmed. Grab Moore's weapons.	你总不能空着手到处跑。把 Moore 的武器拿上。	medlabs_1 @ medlabs_1	review
#str_301306	Yeah... {happy}the Strogg really did a number on you.	是啊……Strogg 可真没少折腾你。		review
#str_301307	You have to keep up with us, Kane.	你得跟上我们，Kane。	medlabs_1 @ medlabs_1	review
#str_301308	What are you waitin' for? The Strogg? Let's go!	你还等什么呢？等 Strogg 吗？快走！	medlabs_1 @ medlabs_1	review
#str_301309	C'mon, Kane. Keep up with us.	快，Kane，跟紧我们。	medlabs_1 @ medlabs_1	review
#str_301310	{furrow}Stick with the group, Kane. There's no telling when Strogg might show up.	跟紧队伍，Kane。说不准 Strogg 什么时候就冒出来。		review
#str_301311	Kane, you look like hell.	Kane，你这模样真够呛。	medlabs_1 @ medlabs_1	review
#str_301312	{happy}You're damn lucky we happened to be in the neighborhood.	你小子真他妈走运，我们正好路过这一带。		review
#str_301313	{happy}Heh, if we'd been a couple minutes later, you'd be a squib.	嘿，我们要是再晚来几分钟，你就成杂碎了。		review
#str_301314	You better say a lot of prayers tonight because someone's sure watchin' over you.	今晚你可得多祷告几遍，绝对是有人在保佑你。	medlabs_1 @ medlabs_1	review
#str_301315	We were passing through this building trying to get to the extraction point. Never thought we'd find you here.	我们本来只是借道这栋楼去撤离点，压根没想到会在这儿找到你。	medlabs_1 @ medlabs_1	review
#str_301316	We all thought you died back at the hub along with Strauss.	我们都以为你和 Strauss 一起死在枢纽站了。	medlabs_1 @ medlabs_1	review
#str_301317	If we'd been five or ten seconds later, youd be a full Strogg right now.	我们要是再晚个五秒十秒，你现在已经是个彻头彻尾的 Strogg 了。		review
#str_301318	It's a lucky thing Voss recognized you, because no one else would underneath all that Strogg gear.	幸亏 Voss 认出了你。裹着那一身 Strogg 装置，换别人根本认不出来。	medlabs_1 @ medlabs_1	review
#str_301319	They're gonna have a heck of a time getting all the Strogg implants off you.	要把你身上那些 Strogg 植入体全拆下来，他们可有得忙了。	medlabs_1 @ medlabs_1	review
#str_301320	{puzzled}Did you want something?	你有什么事吗？		review
#str_301321	{confused}You okay?	你没事吧？		review
#str_301322	{puzzled}You feelin' all right, Kane?	感觉还好吗，Kane？		review
#str_301323	It's locked.	锁住了。	medlabs_1 @ medlabs_1	review
#str_301324	Okay, Anderson. You escort Kane to Falcon five. We'll get this door open and proceed without you.	好，Anderson，你护送 Kane 去猎鹰五号。我们把这扇门弄开，先行一步。		review
#str_301325	{scared}I'm supposed to escort him alone?	让我一个人护送他？		review
#str_301326	{happy}You did guarantee he wouldn't turn Strogg, didn't you?	你不是打过包票，说他不会变成 Strogg 吗？		review
#str_301327	{furrow}Yeah, but...	是没错，可是……		review
#str_301328	It'll be fine, Anderson.	不会有事的，Anderson。	medlabs_1 @ medlabs_1	review
#str_301329	Huh. C'mon, Kane. This way.	唉，走吧，Kane。这边。		review
#str_301330	Let me see what I can do.	让我来试试看。	medlabs_1 @ medlabs_1	review
#str_301331	Rhino, this is H Q. What is your status?	犀牛小队，这里是总部。报告你们的状况。	medlabs_1 @ medlabs_1	review
#str_301332	We should be at the evac coordinates in ten minutes.	我们十分钟内就能抵达撤离坐标。		review
#str_301333	There's a medic with Falcon five. Take the injured marine to them. The rest of your men will have to continue on to the original extraction point.	猎鹰五号上有医疗兵，把伤员交给他们。你余下的人继续前往原定撤离点。		review
#str_301334	Copy that. Rhino, out.	收到。犀牛小队，通话完毕。	medlabs_1 @ medlabs_1	review
#str_301335	Hey, stick with me.	嘿，跟紧我。	medlabs_1 @ medlabs_1	review
#str_301336	We can't split up like this.	我们不能就这么分散开。	medlabs_1 @ medlabs_1	review
#str_301337	Don't go running off.	别乱跑。	medlabs_1 @ medlabs_1	review
#str_301338	It's safer if we stay together.	待在一起更安全。	medlabs_1 @ medlabs_1	review
#str_301339	Anderson, this is Falcon five. Get to the L Z on the double. Radar shows Strogg headed our way.	Anderson，这里是猎鹰五号。跑步赶到着陆区，雷达显示有 Strogg 正朝我们过来。		review
#str_301340	{scared}Don't leave without us.	别丢下我们先走。		review
#str_301341	We'll stay as long as possible. Falcon five out.	我们会尽量多撑一会儿。猎鹰五号，通话完毕。		review
#str_301342	Hey, Kane, look. There's our ticket out of here.	嘿，Kane，快看，那就是咱们离开这儿的门票。		review
#str_301343	Anderson, this is Falcon five. Sorry but we have to dust off now. We have incoming.	Anderson，这里是猎鹰五号。抱歉，我们必须马上起飞，有敌人来袭。		review
#str_301344	H Q... H Q this is Falcon five. We request...	总部……总部，这里是猎鹰五号。我们请求——		review
#str_301345	{scared}Holy shit . . . they're dead . . . that was our only ride out of here.	老天爷……他们全完了……那可是我们唯一的脱身机会。		review
#str_301346	Anderson, this is Lieutenant Voss. Things are looking seriously fubared. Rendezvous back with us at the medlab storage facility. We'll head to the primary extraction point.	Anderson，我是 Voss 中尉。局面已经彻底乱套了。回到医疗实验室仓储区与我们会合，然后一起前往主撤离点。		review
#str_301347	I copy, Lieutenant. Anderson, out.	收到，中尉。Anderson，通话完毕。	medlabs_1 @ medlabs_1	review
#str_301348	A human force has been located in the Docking Bay Bridges. Respond to the threat immediately.	已在停泊舱桥区探测到人类部队。立即应对威胁。		review
#str_301349	You try that door over there, I'll try this one.	你去试那边那扇门，我来试这扇。	medlabs_1 @ medlabs_1	review
#str_301350	Hey, Kane. {happy}This one's open. Come on.	嘿，Kane，这扇开了。过来。		review
#str_301351	Kane, this Lieutenant Voss. H Q just told me about Anderson. I'm sorry to hear about that. He was one of the best medics I've ever known.	Kane，我是 Voss 中尉。总部刚把 Anderson 的事告诉我了。我很难过，他是我认识的最出色的医疗兵之一。		review
#str_301352	But let's focus on getting you to safety. You're gonna to have to catch up with the squad, Kane. Meet us at the medlabs storage facility. We'll wait for you there.	但眼下先把你安全带回来。你得赶上大部队，Kane。到医疗实验室仓储区与我们会合，我们在那儿等你。	medlabs_1 @ medlabs_1	review
#str_301353	{pain}Kane? Kane is that you? This section caved in. {furrow}I'm not sure where the rest of the squad is. My comlink is damaged. Find your way around this mess and we'll figure out a way to get out of here.	Kane？Kane，是你吗？这一段塌了。其他队员在哪儿我也不清楚，我的通讯器坏了。你先绕过这片废墟，然后我们一起想办法离开。		review
#str_301354	Corporal Kane, I am very busy so I will make this brief.	Kane 下士，我很忙，所以长话短说。	network_1 @ network_1	review
#str_301355	This is the time you must deactivate the Core security interface. Once you have completed that objective, you will be taking the teleporter into the Core. There you must destroy the Nexus.	现在，你必须去解除核心区安保接口。完成该目标后，你将乘传送器进入核心区，在那里摧毁 Nexus。	network_1 @ network_1	review
#str_301356	For the moment, concern yourself with getting to the top of this tower. I will step you through the rest of this mission as you go.	眼下，你只需专心登上这座塔的顶层。之后的任务步骤，我会一路指点你。	network_1 @ network_1	review
#str_301357	Corporal Kane, perhaps you misunderstood. I need you to activate the Core Interface now.	Kane 下士，你大概是没听明白。我要你现在就去启动核心接口。		review
#str_301358	Corporal, I have no time for your games! Find the Core Interface now!!	下士，我没工夫陪你玩！立刻去找核心接口！！		review
#str_301359	Your ignorance is intolerable! Find the Core Interface for this tower immediately!!	你的无知让人无法容忍！马上找到这座塔的核心接口！！		review
#str_301360	Private Strauss, it looks like Corporal Kane has arrived.	Strauss 列兵，看来 Kane 下士到了。	network_1 @ network_1	review
#str_301361	Send him to me immediately.	立刻让他来见我。		review
#str_301362	{furrow}I don't care if he is a super genius, he's still a dick. And if he yells at me one more time, I'm takin' a swing at him.	管他是不是超级天才，反正就是个混蛋。他再冲我吼一次，我非揍他一拳不可。		review
#str_301363	{furrow}How do they allow anyone with a weapon near Strauss? It'd be too big a temptation.	他们怎么敢让带枪的人靠近 Strauss？这诱惑也太大了。		review
#str_301364	{furrow}Anyone ever think to test and see if Strauss is just really a Strogg in disguise?	就没人想过测一测，Strauss 会不会其实是 Strogg 假扮的？		review
#str_301365	How does it know? Maybe if I try this. Damn it. Maybe this. Crap. This is way beyond any A I I've dealt with before.	它是怎么察觉的？也许试试这个。该死。那这个呢？完蛋。这远远超出我以前对付过的任何 AI。		review
#str_301366	There's some type of intelligence that's actually inside the Nexus. If Strauss weren't so fast, the entity would have locked us out of the Nexus long ago.	Nexus 里面确实存在某种智能。要不是 Strauss 手速够快，那个存在早就把我们锁在 Nexus 之外了。		review
#str_301367	The entity in the Nexus is doing everything it can to sever our connection. If that happens we're dead in the water.	Nexus 里的那个存在正在想方设法切断我们的连接。真要断了，我们就彻底动弹不得了。		review
#str_301368	You got any idea what to do here?	你知道这儿该怎么弄吗？		review
#str_301369	I'm guessing about connections the same as you.	接线这事儿，我跟你一样，全靠猜。		review
#str_301370	Just to warn you - Schilder touched the wrong wire and his hand caught on fire.	先给你提个醒——Schilder 碰错了一根线，一只手当场烧着了。		review
#str_301371	That's comforting to hear.	听着可真让人安心。		review
#str_301372	Your friend Strauss is a little high strung isn't he?	你那位朋友 Strauss，神经绷得也太紧了点吧？	network_1 @ network_1	review
#str_301373	A little while ago Strauss ordered Captain Drake to leave because he wanted absolutely silence in the control room. I've never seen the Captain so angry.	刚才 Strauss 嫌控制室不够绝对安静，居然把 Drake 上尉给轰了出去。我从没见上尉气成那样。	network_1 @ network_1	review
#str_301374	You might want to hurry up and see Strauss before he tries to have you hung for insubordination.	你最好赶紧去见 Strauss，免得他找个抗命的由头把你送上绞架。		review
#str_301375	That didn't do anything. Try the next conduit.	没反应。试试下一根导管。		review
#str_301376	Okay, how about now?	好，现在呢？		review
#str_301377	Hey, that did the trick! I have access to the first floor security. Now to shut down the security scanners.	嘿，成了！我拿到一层的安保权限了。接下来关掉安检扫描器。		review
#str_301378	That's him. That's Kane.	就是他。那就是 Kane。		review
#str_301379	He looks like a Strogg to me.	我看他就是个 Strogg。		review
#str_301380	What the hell's in these crates, lead bars?	这些箱子里装的什么鬼，铅条吗？	network_1 @ network_1	review
#str_301381	More gear for that Strauss guy.	还不是给那个叫 Strauss 的家伙运的装备。	network_1 @ network_1	review
#str_301382	As if there isn't enough in the Control Room already.	好像控制室里堆的还不够多似的。	network_1 @ network_1	review
#str_301383	What has he been up to?	他最近都在搞什么名堂？	network_1 @ network_1	review
#str_301384	I'm not sure. He's difficult to keep under surveillance.	说不好。要盯住他可不容易。	network_1 @ network_1	review
#str_301385	Does he represent a threat?	他构成威胁吗？	network_1 @ network_1	review
#str_301386	I don't believe so.	我认为不构成。	network_1 @ network_1	review
#str_301387	Keep a close eye on him. Section thirteen, out.	继续严密监视他。十三科，通话完毕。		review
#str_301388	Hello Corporal Kane. I trust everything is going well?	你好，Kane 下士。一切都还顺利吧？	network_1 @ network_1	review
#str_301389	{puzzled}Your Strogg implants aren't giving you any difficulties, are they?	你那些 Strogg 植入体没给你添什么麻烦吧？		review
#str_301390	{confused}You would inform your superiors if you were having difficulty, wouldn't you? {idle}That's not to say we don't trust you, we're just very interested in your well being.	要是有什么不对劲，你会向上级报告的，对吧？倒不是说我们信不过你，我们只是非常关心你的健康。		review
#str_301391	so the big guy picks up a rocket launcher under each arm, like they were nothin', and starts firing directly into the advancing Strogg.	然后那大块头一边胳膊底下夹一具火箭发射器，跟拎着玩具似的，照着压上来的 Strogg 就是一顿猛轰。		review
#str_301392	He wasn't hurt by the backwash?	尾焰没把他自己燎着？		review
#str_301393	If he was, he didn't let on. He just kept firing. Must have killed twenty Strogg all by himself.	就算燎着了，他也没吭一声，只顾一个劲儿地开火。一个人少说干掉了二十个 Strogg。		review
#str_301394	What was his name?	他叫什么名字？		review
#str_301395	Don't know, I'm pretty sure he was Russian.	不知道，但我敢肯定他是个俄国人。		review
#str_301396	This is Lieutenant Morris to all teams stationed at the Networking Tower. Matthew Kane will be arriving shortly.	Morris 中尉呼叫数据网络塔各驻守小组：Matthew Kane 马上就到。		review
#str_301397	This is Falcon six making a run on the Networking Tower. Anti aircraft is heavy.	猎鹰六号正在向数据网络塔突进。防空火力很猛。		review
#str_301398	I'm hit! Energizers are off line attempting to	我中弹了！供能器离线，正在尝试——	network_1 @ network_1	review
#str_301399	Kane. Over here.	Kane，这边。	process_1 @ process_1	review
#str_301400	I can see now why they wanted me to protect Strauss. I'm not sure who wants him dead more, the Strogg or the humans. But he does indeed possess the unique skills to hack into the Strogg Nexus.	现在我明白他们为什么派我保护 Strauss 了。说不好谁更想要他的命——Strogg 还是人类。不过要入侵 Strogg 的 Nexus，也确实只有他有这份独门本事。		review
#str_301401	While Strauss has always lacked people skills, the strain he is under shows him at his worst.	Strauss 向来不怎么会与人相处，如今压力当头，更是把他最糟的一面全逼出来了。		review
#str_301402	With the way Strauss is ordering everyone around, you'd think he was a General... a very temperamental General.	看 Strauss 指挥所有人的那副架势，你会以为他是位将军……一位脾气很坏的将军。		review
#str_301403	Nein! That is completely wrong! The relays must be set to a differential of point zero zero eight. Go and correct your error.	Nein！完全错了！继电器必须设成〇点〇〇八的差值。去把你的错误改过来。		review
#str_301404	Friedman's out!	Friedman 不行了！		review
#str_301405	Friedman's down!	Friedman 倒下了！		review
#str_301406	Eagle ten making our run on the Networking Tower. Damn. The air defenses are strong.	雄鹰十号正在向数据网络塔突进。该死，防空火力真强。		review
#str_301407	I'm hit! I have to abort.	我中弹了！必须中止行动。	network_1 @ network_1	review
#str_301408	Kane is here, sir.	长官，Kane 到了。		review
#str_301409	Send him on up.	让他上来。		review
#str_301410	Hello, sir. There's a scout team awaiting you in the elevator lobby. But be careful. This area is not secure. Strogg could be anywhere.	您好，长官。电梯厅里有一支侦察小组在等您。不过请当心，这片区域还没肃清，Strogg 随时可能出现。		review
#str_301411	Aaaaaaaah! Aaaaaaaaaaaaaaah!	啊——！啊——————！	network_1 @ network_1	review
#str_301412	Shit. Get a medic up here ASAP! We were trying to demo a door and the charge misfired. Lieutenant Leonard was hurt.	妈的，赶紧派个医疗兵上来！我们爆破房门的时候炸药走火了，Leonard 中尉受了伤。		review
#str_301413	A medic has been dispatched.	医疗兵已经派出。	network_1 @ network_1	review
#str_301414	Do something!	快想想办法！	network_1 @ network_1	review
#str_301415	It's too late. He's dead.	太迟了，他已经死了。	network_1 @ network_1	review
#str_301416	No, damn it. No.	不，该死，不……	network_1 @ network_1	review
#str_301417	Sorry, I did what I could. But I'm not a medic.	抱歉，我尽力了。可我不是医疗兵。	network_1 @ network_1	review
#str_301418	We were trying to set charges on that door when one went off prematurely. Lieutenant Leonard took the full force of the blast. What a freakin' waste.	我们正往那扇门上装炸药，有一枚提前引爆了。Leonard 中尉整个人被炸了个正着。真他妈冤枉。		review
#str_301419	No time for grieving. Looks like we've got a fight on our hands.	没时间悲伤了。看样子有一场硬仗要打。	network_1 @ network_1	review
#str_301420	All right, Marines! Let's kick some ass for the L T!	好了，陆战队员们！为中尉狠狠干他们一场！		review
#str_301421	Meuller's down!	Meuller 倒下了！		review
#str_301422	Meuller's dead!	Meuller 死了！		review
#str_301423	Coppel's been hit!	Coppel 中弹了！		review
#str_301424	They killed Coppel!	他们打死了 Coppel！		review
#str_301425	Corporal Kane, I have bypassed security for the floor you are on. Take the door that is now opening.	Kane 下士，我已绕过你所在楼层的安保系统。走那扇正在打开的门。	network_1 @ network_1	review
#str_301426	We don't dare risk landing pods on the roof until the anti aircraft guns are taken out.	防空炮一天不拔掉，我们就一天不敢冒险往楼顶投放投送舱。	network_1 @ network_1	review
#str_301427	Preparing to make a bombing run on the air defenses.	准备对防空阵地进行轰炸。	network_1 @ network_1	review
#str_301428	Roger that. I'm following you in.	收到，我跟在你后面进入。	network_1 @ network_1	review
#str_301429	I can barely see the target through all the...	我几乎看不见目标了，这漫天全是……	network_1 @ network_1	review
#str_301430	Eagle twelve's been hit!	雄鹰十二号被击中了！		review
#str_301431	Corporal Kane, leave one of your squad in the control room you're passing now.	Kane 下士，在你们正经过的控制室里留下一名队员。	network_1 @ network_1	review
#str_301432	Radar shows something large headed this way.	雷达显示有大型目标正朝这边过来。	network_1 @ network_1	review
#str_301433	We have a visual. The Guardian creature is headed our way. Damn is it fast.	已目视确认。那只守卫（Guardian）巨兽正朝我们扑过来。妈的，它速度真快。	network_1 @ network_1	review
#str_301434	Kane, use the teleporter in front of you now. It will take you to the floor directly below the rooftop. There, you will have access to the security  station.	Kane，马上使用你面前的传送器。它会把你送到顶层正下方的楼层，在那里你就能进入安保站。	network_1 @ network_1	review
#str_301435	Corporal Kane, this is Strauss. You are now only one floor beneath your objective. Walk up to the roof and disable the security station.	Kane 下士，我是 Strauss。你现在离目标只差一层。上到楼顶，解除那座安保站。		review
#str_301436	The Guardian has landed on the side of the tower.	守卫已经落在塔身侧面。	network_2 @ network_2	review
#str_301437	Ah, the Core security station is finally deactivated. I won't bother asking what took you so long. Quickly make your way to the Core Teleporter.	啊，核心区安保站总算解除了。我就不问你为什么磨蹭了这么久了。赶快前往核心区传送器。	network_2 @ network_2	review
#str_301438	Gaaaaaahhh	（死亡音）		done
#str_301439	He's dead! Barrister's dead!	他死了！Barrister 死了！	network_2 @ network_2	review
#str_301440	I told him not to go through.	我早跟他说了别过去。	network_2 @ network_2	review
#str_301441	H Q, we have a Marine down at the Core teleporter.	总部，核心区传送器这边有一名陆战队员阵亡。	network_2 @ network_2	review
#str_301442	Perhaps he should have listened to me rather than trying to play the hero.	他要是听我的话，而不是急着逞英雄，也许就不会这样了。	network_2 @ network_2	review
#str_301443	He just wanted to get in there and battle the Strogg.	他只是想冲进去和 Strogg 拼一场。	network_2 @ network_2	review
#str_301444	That proved to be a mistake, didn't it?	事实证明这是个错误，不是吗？	network_2 @ network_2	review
#str_301445	Kane, ignore the unfortunate soul laying dead on the ground. Because of your Strogg physiology you will be able to use the teleporter. Go now, it is the only way into the Core, and that houses the Nexus.	Kane，别管地上那个倒霉鬼了。凭你 Strogg 化的身体，你可以使用传送器。快去，这是进入核心区的唯一通道，Nexus 就在里面。	network_2 @ network_2	review
#str_301446	Corporal Kane, why do you hesitate to use the teleporter? Trust me when I say it is completely safe for you.	Kane 下士，你还在犹豫什么？相信我，传送器对你来说绝对安全。	network_2 @ network_2	review
#str_301447	Please, Corporal, use the teleporter. Men are dying as you hesitate to enter the Core.	拜托，下士，快用传送器。你在核心区门口每犹豫一秒，就有人在送命。	network_2 @ network_2	review
#str_301448	Corporal Kane, it is imperative you use the teleporter now. The Nexus must be destroyed.	Kane 下士，你必须立刻使用传送器。Nexus 非摧毁不可。	network_2 @ network_2	review
#str_301449	odd	odd		review
#str_301450	at	at		review
#str_301451	hut	hut		review
#str_301452	ought	ought		review
#str_301453	cow	cow		review
#str_301454	hide	hide		review
#str_301455	be	be		review
#str_301456	cheese	cheese		review
#str_301457	dee	dee		review
#str_301458	thee	thee		review
#str_301459	ed	ed		review
#str_301460	hurt	hurt		review
#str_301461	ate	ate		review
#str_301462	fee	fee		review
#str_301463	green	green		review
#str_301464	he	he		review
#str_301465	it	it		review
#str_301466	eat	eat		review
#str_301467	gee	gee		review
#str_301468	key	key		review
#str_301469	lee	lee		review
#str_301470	me	me		review
#str_301471	knee	knee		review
#str_301472	ping	ping		review
#str_301473	oat	oat		review
#str_301474	toy	toy		review
#str_301475	pee	pee		review
#str_301476	read	read		review
#str_301477	sea	sea		review
#str_301478	she	she		review
#str_301479	tea	tea		review
#str_301480	theta	theta		review
#str_301481	hood	hood		review
#str_301482	two	two		review
#str_301483	vee	vee		review
#str_301484	we	we		review
#str_301485	yield	yield		review
#str_301486	zee	zee		review
#str_301487	seizure	seizure		review
#str_301488	Well, that was certainly entertaining.	呵，这可真是「精彩」。	process_1 @ process_1	review
#str_301489	Kane, this is Morris. Data Processing Tower's shut down. Looks like the Strogg are trying to stop us from reaching the core. You'll have to find  a way to bring it back online. Sledge is on his way. He should rendezvous with you shortly. Good luck. Morris out.	Kane，我是 Morris。数据处理塔断电停摆了，看来 Strogg 是想阻止我们接近核心区。你得想办法让它恢复运转。Sledge 已经在路上，很快会和你会合。祝好运。Morris，通话完毕。	process_1 @ process_1	review
#str_301490	Good job, Kane. The building's back online.	干得好，Kane。整栋建筑恢复运转了。	process_1 @ process_1	review
#str_301491	Kane, this is Morris. Sledge just arrived at the Processing Tower. Hook up with him as soon as you can.	Kane，我是 Morris。Sledge 刚到数据处理塔，尽快跟他会合。	process_1 @ process_1	review
#str_301492	Kane, over here.	Kane，这边。	process_1 @ process_1	review
#str_301493	It is good to see you, Kane. I do not know if you have heard, but the attack on the Core has cost many lives. {furrow}We must succeed so that they will not have died in vain. {idle}Let us find the security interface at the top of this tower. Lead the way.	见到你真好，Kane。不知你听说了没有，这次进攻核心区已经付出了许多条人命。我们必须成功，才不辜负他们的牺牲。我们去塔顶找安保接口吧。你来带路。		review
#str_301494	{puzzled}Why don't we concentrate on getting to the top of this tower?	我们还是专心先登上塔顶吧？		review
#str_301495	Let us continue with our mission and get to the top of this Processing tower.	继续执行任务吧，登上这座数据处理塔的顶层。		review
#str_301496	{furrow}A great number of lives depend on us, Kane. We must keep moving forward.	无数人的性命都系在我们身上，Kane。我们必须继续前进。		review
#str_301497	Gentlemen, Strauss's finally arrived at the Data Networking Tower. This mission is gonna get more technical so I'm handing over communications to him. Good luck, guys. Get this mission done. Morris out.	先生们，Strauss 总算抵达数据网络塔了。接下来的任务技术含量会越来越高，通讯指挥就交给他了。祝好运，伙计们，把任务给我拿下。Morris，通话完毕。		review
#str_301498	Cortez, this is Morris. Are you and Kane at the Processing Tower yet?	Cortez，我是 Morris。你和 Kane 到数据处理塔了吗？	process_1 @ process_1	review
#str_301499	Yes, we have just arrived.	是的，我们刚刚到达。	process_1 @ process_1	review
#str_301500	Okay, drop off Kane. You're needed at the Networking Tower right away. Another tram will be sent for Kane once he's taken care of the security station at the top of the Processing Tower.	好，让 Kane 下车。数据网络塔那边马上需要你。等 Kane 解决掉数据处理塔顶的安全站，会再派一辆轨道车去接他。		review
#str_301501	But I had hoped to stay with Kane.	可我本想和 Kane 一起行动。	process_1 @ process_1	review
#str_301502	No can do, Alex. Sledge will be here soon enough to lend Kane a hand.	不行，Alex。Sledge 很快就到，会给 Kane 搭把手。	process_1 @ process_1	review
#str_301503	Very well. Cortez out. I am sorry, Kane. But I must go. Good luck to you, my friend.	那好吧。Cortez 通话完毕。抱歉，Kane，我必须走了。祝你好运，我的朋友。	process_1 @ process_1	review
#str_301504	Greetings, this is Strauss. I have finally being to hack into the Nexus. Soon I will know all there is to know about the tower you are in.	各位好，我是 Strauss。我总算侵入 Nexus 了。用不了多久，你们所在塔楼的底细我就能摸得一清二楚。		review
#str_301505	The large machines in the area you have just entered are data pumps. They move information from the Networking Tower to the Storage Tower. This is a vital area to the Strogg so expect to meet strong resistance.	你们刚进入的区域里，那些大型机器是数据泵，负责把信息从数据网络塔输送到数据存储塔。这里对 Strogg 至关重要，准备好迎接顽强抵抗吧。	process_1 @ process_1	review
#str_301506	I am very sorry, my friend. But I have been ordered to proceed to the Networking tower. You are to go to the top of this tower and deactivate the security station.	非常抱歉，我的朋友。我奉命前往数据网络塔。你要登上这座塔的顶层，关闭那里的安全站。		review
#str_301507	Kane, you need to disable the security station. After that, you will have just one more station in the Networking terminal to access.	Kane，你得关闭这个安全站。之后就只剩数据网络终端里最后一个站点要处理了。	process_1 @ process_1	review
#str_301508	{confused}Do you not understand? {furrow}If you don't disable the security station you will not be able to gain access to the Core building. Go now.	{confused}你还不明白吗？{furrow}不关闭安全站，你就进不了核心建筑。快去。		review
#str_301509	{furrow}Humph, the elevator must be all the way at the top of this tower. How I hate to wait for elevators.	{furrow}哼，电梯准是停在塔顶了。我最讨厌等电梯。		review
#str_301510	{puzzled}Strauss, what are those devices on the ceiling?	{puzzled}Strauss，天花板上那些装置是什么？		review
#str_301511	They are information routers... but they appear to be out of alignment. Kane should be able use the consoles to correct this problem.	那是信息路由器……不过看起来偏离了校准位。Kane 应该能用控制台修正这个问题。	process_2 @ process_2	review
#str_301512	Ah, good job. But I wonder if that unlocked the door?	啊，干得好。不过我在想，门这下解锁了没有？	process_2 @ process_2	review
#str_301513	{furrow}I'm no Strauss, but I believe that router is also damaged.	{furrow}我不是 Strauss，不过要我看，那台路由器也坏了。		review
#str_301514	Why have you not completed your task, gentlemen? Please, hurry up.	先生们，你们的任务怎么还没完成？请抓紧。	process_2 @ process_2	review
#str_301515	Hmm, Strogg security must have shut down this elevator.	唔，准是 Strogg 的安保系统把这部电梯停了。	process_2 @ process_2	review
#str_301516	Now we must find the security station on the roof. Lead the way.	现在得去找楼顶的安全站。你带路。	process_3 @ process_3	review
#str_301517	{happy}Ah, good. That door must now be open.	{happy}啊，好。那扇门现在应该开了。		review
#str_301518	The Core security interlock from the Processing Tower is now deactived. Well done, Corporal Kane. And Sergeant Slidjonovitch, I would ask you to remain there and not allow the Strogg to reset that console.	数据处理塔通往核心的安全联锁已经解除。干得好，Kane 下士。还有 Slidjonovitch 中士，请你留在原地，别让 Strogg 重置那台控制台。		review
#str_301519	Understood, Strauss. I will comply.	明白，Strauss。我会照办。	process_3 @ process_3	review
#str_301520	Kane, you must now take a tram to the Data Networking tower. I will meet you there. Strauss, out.	Kane，现在乘轨道车前往数据网络塔，我在那里等你。Strauss 通话完毕。		review
#str_301521	Good luck to you, Kane. Ah, but then you don't need luck so long as you have a weapon in your hands. Fare well.	祝你好运，Kane。啊，不过只要你手里有枪，运气这东西就用不着了。保重。	process_3 @ process_3	review
#str_301522	Go now, Kane. You must take a tram to the Networking Tower. I will remain behind and protect this security station.	走吧，Kane。你得乘轨道车去数据网络塔。我留下守住这个安全站。	process_3 @ process_3	review
#str_301523	{furrow}Kane, you are needed at the Networking Tower. Go quickly. Many lives depend on you.	{furrow}Kane，数据网络塔那边需要你。快去，很多人的命都指望你了。		review
#str_301524	{furrow}Kane, don't make me pull rank. Get to the Networking Tower immediately.	{furrow}Kane，别逼我拿军衔压你。立刻去数据网络塔。		review
#str_301525	This is Falcon eight making a flyby of the Processing Tower. I just sighted that Guardian Creature. Anyone on the top of the tower better be careful. He looks pissed.	这里是猎鹰八号，正在飞掠数据处理塔。我刚看见那头守卫巨兽了。塔顶上的人都当心点，它看着火气不小。		review
#str_301526	Viper squad, this is H Q. A group of cornered Marines have been located in your area.	毒蛇小队，这里是总部。在你们区域发现一批被困的陆战队员。	putra @ putra	review
#str_301527	Roger that, H Q. Viper squad is enroute now to help.	收到，总部。毒蛇小队正赶去支援。	putra @ putra	review
#str_301528	A research team should be studying this facility. Somehow the Strogg are able to break the Stroyant down into pure enzymes.	真该派个研究组来查查这地方。Strogg 不知用什么法子，能把 「斯托伊文特」（Stroyent） 分解成纯酶。	putra @ putra	review
#str_301529	This is Private Sasaki, the only survivor of Kodiak squad. The Strogg are attempting to corner me at the Dispersal facility. Please, I need immediate assistance.	我是列兵 Sasaki，棕熊小队唯一的幸存者。Strogg 正想把我堵死在疏散设施。求你们，我需要立即支援。		review
#str_301530	This is corporal Hatten to any member of Cobra. It is imperative we regroup.	我是下士 Hatten，呼叫眼镜蛇小队任何一名队员。我们必须马上集结。		review
#str_301531	I just discovered how the Stroyent is being broken down into enzymes. This defies description. I... Aaaaaaaah!	我刚弄明白 「斯托伊文特」（Stroyent） 是怎么被分解成酶的了。这简直没法形容。我……啊——！	putra @ putra	review
#str_301532	I just found the Lieutenant... or what's left of him.	我刚找到中尉了……或者说，他剩下的那部分。	putra @ putra	review
#str_301533	To all escaped Marines, this is the evac team. Meet us outside the Waste Level.	各位逃出来的陆战队员，这里是撤离队。到废料处理层外面与我们会合。	putra @ putra	review
#str_301534	All of my squad is dead. How the hell do I get out of here?	我们小队全死光了。我他妈到底怎么才能出去？	putra @ putra	review
#str_301535	Remain calm, Private...	保持冷静，列兵……	putra @ putra	review
#str_301536	Shit, I've been spotted.	妈的，我被发现了。	putra @ putra	review
#str_301537	You want me? Come and get me you sons of bitches! Woooo hoooo!!!!	想要我的命？有种就来拿啊，狗娘养的！呜——吼——！！		review
#str_301538	Stroyant processor has been terminated. All units respond to threat.	「斯托伊文特」（Stroyent） 处理装置已被终止。全体单位，应对威胁。	putra @ putra	review
#str_301539	I think you're in the assembly control room. Find the console and activate it.	你现在应该是在组装控制室。找到控制台，启动它。		review
#str_301540	Good work! Assembly's functioning now.	干得漂亮！组装系统恢复运转了。		review
#str_301541	So get back to that central control room and see if you can reboot the system.	那就回中央控制室，看看能不能把系统重启。		review
#str_301542	Shit, I just heard something. I'll be back in a minute.	妈的，我好像听到什么动静。我马上回来。		review
#str_301543	Okay, I'm back. It was nothing. My mind's just playing tricks on me.	好了，我回来了。什么都没有，是我自己吓自己。	recomp @ recomp	review
#str_301544	You're in the sterilization control room. There should be a console in there.	你在消毒控制室里。里面应该有台控制台。		review
#str_301545	Shit, it's locked up. Hold on, let me try something.	妈的，锁死了。等等，我试试别的办法。	recomp @ recomp	review
#str_301546	Okay, the assembly system is running.	好，组装系统跑起来了。		review
#str_301547	Now get back to that central control room and see if you can reboot the system.	现在回中央控制室，看看能不能重启系统。		review
#str_301548	Yes! It's working!! Get back here on the double.	成了！系统好使了！！快跑步回来。	recomp @ recomp	review
#str_301549	Kane, I got company. Get your ass back here now!	Kane，有敌人摸过来了。赶紧给我滚回来！	recomp @ recomp	review
#str_301550	Aaaaahhh! AAAAAAAAAAHHHHHHH!	啊——！啊——————！！	recomp @ recomp	review
#str_301551	Aaah! Aaaaaaaaaahhhhhh!	（死亡音）	recomp @ recomp	done
#str_301552	{furrow}Hey! You up there! Let me out!	{furrow}嘿！上面的！放我出去！		review
#str_301553	{furrow}Help me! I'm down here!	{furrow}救命！我在下面！		review
#str_301554	{furrow}Damn it, get me out of here!	{furrow}该死的，快放我出去！		review
#str_301555	Hey, {furrow}you're Matthew Kane... {idle}Right after we got word about you, the Strogg attack my squad. I was the only survivor. C'mon, let's get the hell out of here.	嘿，{furrow}你是 Matthew Kane……{idle}我们刚收到你的消息，Strogg 就袭击了我的小队。就我一个活下来。走，咱们赶紧离开这鬼地方。		review
#str_301556	Come here. I can do a quick upgrade to your hyperblaster.	过来。我可以给你的速射爆能枪来个快速升级。	recomp @ recomp	review
#str_301557	There. I just did a little modification. It'll make the rounds from your hyperblaster ricochet.	好了。我做了点小改装，你这速射爆能枪打出的弹丸能弹射了。	recomp @ recomp	review
#str_301558	It looks like there's a passage out of this area right above us. But the only way we're gonna reach it is by stacking some of these barrels up.	看样子正上方有条通道能离开这片区域。可想够到它，只能把这些桶摞起来。		review
#str_301559	The storage system should set them up for us. Why don't you go find the console that activates it and I'll stay here and monitor you?	仓储系统应该能替咱们把桶码好。不如你去找启动它的控制台，我留在这儿给你盯着？		review
#str_301560	I'm staying right here. The Strogg would kill me in a minute.	我就待在这儿不动。出去的话，Strogg 一分钟就能要了我的命。	recomp @ recomp	review
#str_301561	No thanks. If I went with you I'd be hanging from a meat hook in no time.	不了，谢谢。跟你走的话，用不了多久我就得挂上肉钩。	recomp @ recomp	review
#str_301562	I'd be more help to you if I stay here and monitor the system.	我留在这儿盯着系统，对你帮助更大。	recomp @ recomp	review
#str_301563	{confused}What are you still doing here?	{confused}你怎么还在这儿？		review
#str_301564	{puzzled}Don't you want to escape?	{puzzled}你不想逃出去吗？		review
#str_301565	{furrow}Go! Get this system fired up so we can get out of here!	{furrow}快去！把系统点起来，咱们好离开这儿！		review
#str_301566	Cobra squad, this is H Q. Please respond. What is your status?	眼镜蛇小队，这里是总部。请回话，报告你们的状况。	recomp @ recomp	review
#str_301567	Holy shit! I just hit the mother load of Strogg data on this console. Now if I can just figure out how to use it without alerting security.	我操！我在这台控制台上挖到 Strogg 数据的大金矿了。现在就差琢磨出怎么用它还不惊动安保。		review
#str_301568	You okay, Kane?	你还好吗，Kane？	recomp @ recomp	review
#str_301569	Kane, are you hurt?	Kane，你受伤了吗？	recomp @ recomp	review
#str_301570	Kane, don't go dyin' on me. I need you to get out of here.	Kane，可别死在我跟前。我还指着你带我出去呢。	recomp @ recomp	review
#str_301571	Hey, Kane, remember you don't need to kill every Strogg you see.	嘿，Kane，记住，不是见一个 Strogg 就非得杀一个。		review
#str_301572	Long... Raffel... Newquist... where the hell is everyone?	Long……Raffel……Newquist……人都他妈死哪儿去了？		review
#str_301573	Great. Looks like the whole system needs to be rebooted. You're gonna have to locate and restart the sterilization and assembly subsystems.	这下好了。看来整个系统都得重启。你得找到消毒和组装两个子系统，把它们重新启动。		review
#str_301574	C'mon. Through here! Move it! Move it! Move it!	快！走这边！快跑！快跑！快跑！		review
#str_301575	Hey, {confused}you all right? {idle}You're pod came in pretty hard.	嘿，{confused}你没事吧？{idle}你那空投舱砸得可够狠的。		review
#str_301576	Incoming! We've got incoming!! Uuugh!!	来袭！有炮火来袭！！呃啊！！		review
#str_301577	Concentrate all fire on....	集中全部火力，目标……	storage_1  @ storage_1	review
#str_301578	This is creepy as hell. The Strogg use human torsos to store bioelectrical power. The whole tower runs off it.	这里瘆人到家了。Strogg 拿人的躯干储存生物电能，整座塔全靠这个供电。		review
#str_301579	This is Private Terrance Garr. My pod crashed. I need a medic. I... I think my left leg's been severed.	我是列兵 Terrance Garr。我的空投舱坠毁了，需要医疗兵。我……我的左腿好像整个断掉了。	storage_1  @ storage_1	review
#str_301580	Cobra squad, I'm in the level below you. I could use a hand here.	眼镜蛇小队，我在你们下面一层。这边需要搭把手。	storage_1  @ storage_1	review
#str_301581	We're on our way.	我们这就过去。	storage_1  @ storage_1	review
#str_301582	I hate flying in those freakin' pods. They're big metal coffins.	我最烦坐那破空投舱了。那就是一口口大铁棺材。	storage_1  @ storage_1	review
#str_301583	We've done it, H Q! We've broken into the main armory!	我们成功了，总部！我们攻进主军械库了！	storage_1  @ storage_1	review
#str_301584	Look! It's Sasaki! He's alive!	看！是 Sasaki！他还活着！		review
#str_301585	He's a Strogg! Shoot him!! Shoot him!!!	他是 Strogg！开枪！！打死他！！！		review
#str_301586	What a fubared assault. Most Marines are nowhere near the right landing zones.	这次突击真是烂成一锅粥。大部分陆战队员离预定着陆区差着十万八千里。	storage_1  @ storage_1	review
#str_301587	Why didn't intelligence know the energy shielding around these towers would screw up our pods onboard computers?	情报部门怎么就不知道这些塔周围的能量护盾会把空投舱的机载电脑搅成一团糟？	storage_1  @ storage_1	review
#str_301588	We need to find an officer to regroup.	我们得找个军官来重新集结。	storage_1  @ storage_1	review
#str_301589	Shit! My nav computer is screwed up! I'm gonna crash! I'm gonna....	妈的！导航电脑失灵了！我要坠毁了！我要……	storage_1  @ storage_1	review
#str_301590	My pod landed in a lower floor and it's pitch black in here. Somebody tell me where I am.	我的空投舱落到下层了，这里面漆黑一片。谁能告诉我我在哪儿？	storage_1  @ storage_1	review
#str_301591	Someone get me out of this pod! Heeelp meee.	谁来把我从这舱里弄出去！救——命——啊。	storage_1  @ storage_1	review
#str_301592	We just located the pod containing Captain Marin's body. I think I'm gonna be sick.	我们刚找到装着 Marin 上尉遗体的空投舱。我想吐。	storage_1  @ storage_1	review
#str_301593	To all Marines at the Storage Tower. This is Lieutenant Hollenbeck. Regroup at my position ASAP.	数据存储塔的全体陆战队员注意，我是 Hollenbeck 中尉。尽快到我的位置集结。		review
#str_301594	{puzzled}You hear that? {idle}C'mon let's find Hollenbeck.	{puzzled}听见了吗？{idle}走，去找 Hollenbeck。		review
#str_301595	Aaaah! My pod! It's on fire!!!	啊——！我的空投舱！着火了！！！	storage_1  @ storage_1	review
#str_301596	H Q, this is Cobra Squad. We have assembled and are advancing.	总部，这里是眼镜蛇小队。我们已集结完毕，正在推进。	storage_1  @ storage_1	review
#str_301597	Just when I think the Strogg can't sink any lower I see shit like this.	每次我以为 Strogg 已经烂到底了，就会看见这种玩意儿。	storage_1  @ storage_1	review
#str_301598	Lieutenant Morris, Corporal Kane just showed up.	Morris 中尉，Kane 下士刚到。		review
#str_301599	Don't let the Strogg makeup fool ya. He's a damn fine Marine.	别被他那身 Strogg 行头唬住。他可是个顶呱呱的陆战队员。	storage_1  @ storage_1	review
#str_301600	Got it, Hollenbeck out.	收到，Hollenbeck 通话完毕。	storage_1  @ storage_1	review
#str_301601	Kane, good to meet you. Those torso things are supplying bioelectric power to this facility, but they've been shut off. Take the elevator down below and reactivate them so we can open the door to the hangar and let our guys land. {confused}Got it? {furrow}Move out.	Kane，见到你很高兴。那些躯干装置负责给这座设施供应生物电能，现在被关掉了。乘电梯下去把它们重新激活，我们才能打开机库大门，让弟兄们降落。{confused}明白了？{furrow}出发。		review
#str_301602	{furrow}You have your orders, Kane. Take the elevator down to where the torso devices are stored and reactivate them.	{furrow}命令已经下了，Kane。乘电梯下到存放躯干装置的地方，把它们重新激活。		review
#str_301603	{furrow}What's your problem? Get down to Distribution and reactivate the torso storage devices. We need that ASAP!	{furrow}你有什么毛病？下到配电区去，把躯干存储装置重新激活。这事十万火急！		review
#str_301604	{furrow}Marine, I expect you to follow orders! Get to Distribution and deploy the T S Ds now!	{furrow}陆战队员，我要你服从命令！立刻去配电区部署 TSD！		review
#str_301605	H Q, this is Grizzly squad. We're in deep shit. Send... aaahh!	总部，这里是灰熊小队。我们麻烦大了。快派……啊——！		review
#str_301606	Rutger and Mills, accompany Kane down to distribution.	Rutger、Mills，陪 Kane 下配电区。	storage_1  @ storage_1	review
#str_301607	Will do.	遵命。	storage_1  @ storage_1	review
#str_301608	Somebody help me! I'm trapped down in level 8. They're gonna be coming through any second!	谁来救救我！我被困在第 8 层了。它们随时都会冲进来！	storage_1  @ storage_1	review
#str_301609	Corporal Kane, our orders are to accompany you down to distribution.	Kane 下士，我们奉命陪你下配电区。	storage_1  @ storage_1	review
#str_301610	You lead, we'll follow.	你带头，我们跟上。	storage_1  @ storage_1	review
#str_301611	You know all the dismembered torsos around here? The Strogg use them to store bioelectric power.	看见这儿到处都是的残缺躯干了吗？Strogg 拿它们储存生物电能。	storage_1  @ storage_1	review
#str_301612	What kind of sick mind designed this to run off bioelectrical power?	得是多变态的脑子，才能设计出靠生物电能运转的这套东西？		review
#str_301613	I know a little about Strogg weaponry. Mind if I take a look at your rail gun?	我对 Strogg 的武器略知一二。介意我看看你的轨道炮吗？	storage_2  @ storage_2	review
#str_301614	I just upped the field output by 300 percent. Now that rail gun is gonna really rip the Strogg a new asshole.	我刚把场强输出提高了 300%。现在这门轨道炮真能把 Strogg 轰出个新屁眼来。		review
#str_301615	Good thing Lieutenant Hollenbeck was here to pick up the pieces. Captain Marin was supposed to run this show.	幸好有 Hollenbeck 中尉在这儿收拾残局。这场行动本来该由 Marin 上尉指挥。		review
#str_301616	I saw Captain Marin's pod when it landed. It was swarmed by Strogg before he could even get out.	我看见 Marin 上尉的空投舱落地了。人还没来得及出来，就被 Strogg 围了个水泄不通。	storage_1  @ storage_1	review
#str_301617	The Strogg tore Marin to pieces in seconds. Shit, there was blood everywhere.	Strogg 几秒钟就把 Marin 撕碎了。妈的，到处都是血。	storage_1  @ storage_1	review
#str_301618	Kane, good job restoring the bioelectric power. Now I need you to locate the control room that opens the hangar doors. Move quick, troop transports are waiting to land.	Kane，生物电能恢复得漂亮。现在我要你找到控制机库大门的控制室。动作快点，运兵机还等着降落。	storage_1  @ storage_1	review
#str_301619	Kane is going alone. I need you on the perimeter.	Kane 一个人去。你们去外围警戒。		review
#str_301620	{furrow}Yes, sir.	{furrow}是，长官。		review
#str_301621	{furrow}Yes, Lieutenant.	{furrow}是，中尉。		review
#str_301622	This is Badger Squad in the hangar. We're being slaughtered here. Send...	这里是机库的猛獾小队。我们正遭到屠杀。快派……		review
#str_301623	{furrow}You, police the area for weapons and ammo. {idle}There's no telling when that thing could return..	{furrow}你，把这片区域的武器弹药收拢起来。{idle}谁也说不准那东西什么时候会回来。		review
#str_301624	{furrow}You, contact H Q. Have them send medics immediately.	{furrow}你，联系总部，让他们立刻派医疗兵来。		review
#str_301625	{scared}We just got our asses handed to us. {furrow}Some creature ambushed my team. {idle}It must be guarding the towers.	{scared}我们刚被打得屁滚尿流。{furrow}有头怪物伏击了我的队伍。{idle}它八成是在守卫这些塔。		review
#str_301626	Don't you die.	你可别死。	storage_1  @ storage_1	review
#str_301627	C'mon. Stay with me.	撑住，别昏过去。	storage_1  @ storage_1	review
#str_301628	{furrow}Shit.	{furrow}妈的。		review
#str_301629	Aaaah. Aaaaah! Damn it hurts.	啊……啊——！该死，疼死了。	storage_1  @ storage_1	review
#str_301630	Hold on. I gave you something to dull the pain.	撑住。我给你打了点止痛的。	storage_1  @ storage_1	review
#str_301631	This is...... Badger Squad in the hangar. We're being...... slaughtered.	这里是……机库的猛獾小队。我们正……遭到屠杀。		review
#str_301632	Aaaaaahhh.	（死亡音）	storage_1  @ storage_1	done
#str_301633	Kane. This is Rhodes. Find me, we gotta get moving.	Kane，我是 Rhodes。来找我，咱们得赶紧行动。	storage_1  @ storage_1	review
#str_301634	Kane, where are you? Find me so we can get the hell out of here.	Kane，你在哪儿？快来找我，咱们好离开这鬼地方。	storage_1  @ storage_1	review
#str_301635	Kane, this is Rhodes. What are you doin'? Find me so we can get on with our mission.	Kane，我是 Rhodes。你磨蹭什么呢？快来找我，咱们好继续执行任务。	storage_1  @ storage_1	review
#str_301636	Damn, what a mess. {furrow}That tower Guardian tore through us like a tornado of knives. {idle}All right, Strauss. Both Kane and I are in the Data Storage Tower. {puzzled}What now?	该死，一片狼藉。{furrow}那头塔楼守卫像一阵刀子旋风，把我们撕了个稀烂。{idle}好了，Strauss。我和 Kane 都在数据存储塔。{puzzled}接下来干什么？		review
#str_301637	Greetings, Corporal Rhodes. You must locate the security interface. There is one in each terminal that must be disabled to gain access to the Core. But be careful, only Corporal Kane can use it.	你好，Rhodes 下士。你们必须找到安全接口。每座终端里都有一个，全部解除才能进入核心。不过注意，只有 Kane 下士能操作它。		review
#str_301638	Will do. Rhodes out. {furrow}You heard the man, let's find that security station.	明白。Rhodes 通话完毕。{furrow}都听见了吧，咱们去找那个安全站。		review
#str_301639	{confused}I wonder how the rest of our squad is doing? {idle}I think everyone got off the Hannibal in one piece.	{confused}不知道小队其他人怎么样了？{idle}大家离开汉尼拔号的时候，应该都还全须全尾。		review
#str_301640	Last I saw of Strauss, he was surrounded by about fifty Marine bodyguards. He also got a big group of techs, bowing and scraping to him. {happy}It's the happiest I ever seen him.	我最后一次见到 Strauss，他身边围着差不多五十个陆战队保镖，还有一大帮技师对他点头哈腰。{happy}我从没见他那么快活过。		review
#str_301641	Maybe you didn't hear me. I need you to find the control room that opens the hangar doors.	你大概没听清。我要你去找到能打开机库大门的控制室。	storage_1  @ storage_1	review
#str_301642	Is there a problem, Corporal? I want you to find the control room and open the hangar doors on the double.	有什么问题吗，下士？我要你跑步前进，找到控制室，把机库大门打开。	storage_1  @ storage_1	review
#str_301643	Soldier, I gave you an order! Find a way to open the hangars door now!	士兵，我下的是命令！马上想办法把机库大门打开！	storage_1  @ storage_1	review
#str_301644	Grenade! Gre...	手雷！手——		review
#str_301645	Aaaahhh! My arm! MY ARRRRRRMMM!!!	啊——！我的胳膊！我的胳膊——！！！		review
#str_301646	This is Falcon one, awaiting activation of the hangar doors.	这里是猎鹰一号，等待机库大门开启。		review
#str_301647	This is Falcon one. We're burning up fuel here. I need those hangar doors opened.	这里是猎鹰一号。我们在白白烧油，赶紧把机库大门打开。		review
#str_301648	This is Falcon one, what's the hold up? This zone is hot and I need to land!	这里是猎鹰一号，还在磨蹭什么？这片空域交火激烈，我必须降落！		review
#str_301649	That heat source is moving rapidly towards the hangar. Whatever it is, you can bet it isn't friendly.	那个热源正快速逼近机库。不管那是什么，保准不是友军。		review
#str_301650	That did it! The hangar doors are open! Falcon one to commence landing procedure.	成了！机库大门开了！猎鹰一号开始降落程序。		review
#str_301651	Falcon one has landed. Troops are being deployed. Shit, something's under the hangar floor.	猎鹰一号已着陆，部队正在下机。妈的，机库地板下面有东西。		review
#str_301652	Shit. It's trying to beat it's way through. Immediate dust off in...	妈的，它想砸穿地板冲上来。立即起飞，倒计时……	storage_1  @ storage_1	review
#str_301653	A Strogg creature just tore through the hangar floor like it was wet cardboard. It's huge. I estimate thirty feet tall. We're taking heavy casualties.	一头 Strogg 怪物刚把机库地板撕开了，跟撕湿纸板似的。这家伙巨大无比，目测有三十英尺高。我们伤亡惨重。		review
#str_301654	The creature. Its huge! Light weapons don't hurt it!	那怪物，太大了！轻武器根本伤不了它！		review
#str_301655	Nothing's slowing it down!	什么都拦不住它！	storage_1  @ storage_1	review
#str_301656	Locked. The Strogg must have sealed off all access to the elevators. Huh. {happy}I got a little something that'll clear it away.	锁死了。Strogg 准是把通往电梯的路全封了。哼。{happy}我这儿正好有点小玩意儿，能把它清出条道来。		review
#str_301657	Stand back.	退后。	storage_1  @ storage_1	review
#str_301658	{furrow}Back up, Kane. You're too close to the explosives.	{furrow}退后，Kane。你离炸药太近了。		review
#str_301659	{furrow}Kane, I can't fire the explosives with you standing there.	{furrow}Kane，你站在那儿我没法引爆。		review
#str_301660	{furrow}Kane, get the hell out of the way.	{furrow}Kane，赶紧让开。		review
#str_301661	{happy}Ha. They ain't no door that a little compressed Comptazine won't unlock. Let's roll.	{happy}哈，就没有一点压缩 Comptazine 开不了的门。出发。		review
#str_301662	Ho, man, this is incredible. Would you look at all this?	嚯，老天，太壮观了。你瞧瞧这一片。	storage_1  @ storage_1	review
#str_301663	{happy}Shit, I think I can see my house from here.	{happy}妈的，我觉得从这儿都能看见我家房顶了。		review
#str_301664	Lets get you to that security interface at the top of this tower.	咱们这就送你去塔顶那个安全接口。	storage_1  @ storage_1	review
#str_301665	Well done, Corporal Kane! The Core security interface from Data Storage is disabled. Corporal Rhodes, you should remain there and guard the console in case the Strogg should attempt to reactivate it. Corporal Kane should locate the tram and take it to the Data Processing Tower. There he will have to deactivate the second security station at the top. Strauss out.	干得好，Kane 下士！数据存储塔通往核心的安全接口已解除。Rhodes 下士，你应留在原地看守控制台，以防 Strogg 试图将其重新激活。Kane 下士则应找到轨道车，乘它前往数据处理塔，在塔顶解除第二个安全站。Strauss 通话完毕。	storage_1  @ storage_1	review
#str_301666	Damn, that man's about as warm as a bag of ice. Well, you better get goin', Kane. See ya around.	啧，那家伙可真热情，跟一袋冰块似的。行了，你该上路了，Kane。回头见。		review
#str_301667	Go on now. Don't worry about me. You're the only one who can activate the security consoles at the tops of the towers.	快走吧，别担心我。塔顶那些安全控制台，只有你一个人能操作。	storage_1  @ storage_1	review
#str_301668	{furrow}Kane, come on. Haul ass to the Strogg tram. You have to get to the Process tower.	{furrow}Kane，快点。撒腿跑去 Strogg 轨道车那儿。你必须赶到数据处理塔。		review
#str_301669	{furrow}amn it, Kane. Get out of here. You're needed at the Process tower.	{furrow}该死，Kane，快走。数据处理塔那边需要你。		review
#str_301670	Lieutenant Morris, this is Cortez, do you read me?	Morris 中尉，我是 Cortez，收到了吗？		review
#str_301671	This is Morris. Go ahead.	我是 Morris，请讲。	storage_1  @ storage_1	review
#str_301672	I have hijacked a tram and am currently passing through the Storage Tower.	我劫下了一辆轨道车，目前正穿过数据存储塔。	storage_1  @ storage_1	review
#str_301673	Good. Proceed to the Process Tower. It’s our next rendezvous point.	很好。继续前往数据处理塔，那是我们下一个会合点。	storage_1  @ storage_1	review
#str_301674	Many of the tram tracks have been destroyed. I will most likely have to go to the main station.	很多轨道已经被毁。我多半得绕去总站。	storage_1  @ storage_1	review
#str_301675	Just so long as you make it to the party. See you, Alex. Morris, out.	只要你能赶上这场好戏就行。回见，Alex。Morris 通话完毕。	storage_1  @ storage_1	review
#str_301676	Is this what the Strogg have planned for all of us if they take over the Earth?	要是 Strogg 占领了地球，这就是他们给我们所有人准备的下场吗？	storage_2  @ storage_2	review
#str_301677	Why? Why would the Strogg do this?	为什么？Strogg 为什么要干出这种事？	storage_2  @ storage_2	review
#str_301678	H Q, this Cobra squad. We've just taken level five and we are continuing to advance.	总部，这里是眼镜蛇小队。我们刚拿下第五层，正继续推进。	storage_2  @ storage_2	review
#str_301679	This is like something out of a nightmare.	这简直像从噩梦里搬出来的。	storage_2  @ storage_2	review
#str_301680	H Q, we've located, Lieutenant Shoemaker in the lower levels... or at least pieces of him.	总部，我们在下层找到了 Shoemaker 中尉……或者说，找到了他的碎块。		review
#str_301681	Whatever the hell that is, leave it alone. It looks dangerous.	管那玩意儿是什么，别去碰。看着就危险。	storage_2  @ storage_2	review
#str_301682	Something about that gives me the creeps. Don't touch it.	那东西看着就让我发毛。别碰。	storage_2  @ storage_2	review
#str_301683	Kane, this is Hollenbeck. Good job, the T S D's are being redeployed. Now get back up here on the double.	Kane，我是 Hollenbeck。干得好，TSD 正在重新部署。现在跑步回到上面来。	storage_2  @ storage_2	review
#str_301684	Wish all our missions were this easy. Hey, what's that?	要是每次任务都这么轻松就好了。嘿，那是什么？	storage_2  @ storage_2	review
#str_301685	This wasn't such a tough mission. Hmm, what's that doing?	这任务也没多难嘛。唔，那玩意儿在干什么？	storage_2  @ storage_2	review
#str_301686	H Q, my scanners show a large heat source in the center of the building. It's moving upward rapidly.	总部，我的扫描仪显示大楼中央有一个大型热源，正在快速上移。	storage_2  @ storage_2	review
#str_301687	Quiet!  Keep your eyes open!	安静！眼睛都放亮点！	building_b @ building_b	review
#str_301688	Heh, if we'd been a couple minutes later, you'd be a squib.	嘿，我们要是再晚到几分钟，你就变成 Strogg 杂碎了。		review
#str_301689	Scorpion, no evac units are in your immediate area. Secure the bridge control room and sit tight.	天蝎小队，你们附近没有撤离单位。守住大桥控制室，原地待命。	tram_1 @ tram_1	review
#str_301690	Do the best you can, Scorpion. An evac unit is en route. H Q, out.	尽力撑住，天蝎小队。撤离单位已在路上。总部通话完毕。	tram_1 @ tram_1	review
#str_301691	Thanks for the assist, Kane. We were dropped into an ambush.	多谢支援，Kane。我们一落地就进了埋伏圈。	tram_1 @ tram_1	review
#str_301692	Yeah, you musta seen what the bastards did to the rest of our squad. Now were just trying to get out of here.	是啊，那帮杂种把我们小队其他人祸害成什么样，你八成也看见了。现在我们只想活着出去。		review
#str_301693	Kane, youre probably looking to get to the next tower. Come with us. We have orders to secure the bridge control center. From there you can catch a tram at the hub a couple of clicks away.	Kane，你八成是想去下一座塔吧。跟我们走。我们奉命去占领大桥控制中心，从那儿走几公里到枢纽站，你就能搭上轨道车。		review
#str_301694	{happy}Hear that . . . . thats our ride out of this hell hole!	{happy}听见没……那就是带咱们离开这鬼地方的班车！		review
#str_301695	{scared}Shit! Its a Strogg transport! Look out!	{scared}妈的！是 Strogg 运输机！小心！		review
#str_301696	Here. I scavanged this off a dead Strogg. It looks like it'd work on your lightning weapon. Give it a try.	给。这是我从一具 Strogg 尸体上捡的，看着能装到你那闪电枪上。试试看。		review
#str_301697	I'll fix your armor.	我来修你的护甲。		review
#str_301698	Let me repair that.	让我来修一下。		review
#str_301699	Youre good to go.	修好了，走吧。	marine_3 @ ai	review
#str_301700	Ready? Hit it!	准备好了？动手！	tram_1 @ tram_1	review
#str_301701	{happy}Ha! We kicked their asses good!	{happy}哈！咱们把它们揍得屁滚尿流！		review
#str_301702	Okay, Kane. Head upstairs and find a way to extend the bridge to the hub area. We'll stay here and guard your back.	好了，Kane。上楼去想办法把桥伸到枢纽区那边。我们留在这儿给你殿后。	tram_1 @ tram_1	review
#str_301703	Kane. You are lucky I recognized you. We were ambushed and the men are scattered. So I will accompany you. Lead the way.	Kane，算你走运，我认出了你。我们中了埋伏，弟兄们都被打散了。所以我跟你一起走。你带路。		review
#str_301704	Lieutanant Morris, this is Cortez again. I am nearing the tram hub but it will still be a while before I make it to the Processing Tower.	Morris 中尉，还是我，Cortez。我快到轨道车枢纽了，不过赶到数据处理塔还得再花些时间。		review
#str_301705	I copy that. Just get to there as soon as you can. Morris, out.	收到。尽快赶过来就行。Morris 通话完毕。	tram_1 @ tram_1	review
#str_301706	The tram I was in took a direct hit from a rocket. I was knocked out of the car, but I managed to find safety.	我乘的那辆轨道车被火箭弹直接命中。我被震出了车厢，好在找到了安全的地方。		review
#str_301707	I had hoped to never again ride in another one of these. Please, allow me to drive.	我本来发誓再也不坐这种东西了。请让我来开。		review
#str_301708	601 . . .602 . . .603. {happy}Ha. Stroggos is proving to be a target rich planet.	601……602……603。{happy}哈，事实证明，Stroggos 真是个靶子管够的星球。		review
#str_301709	Hello, Kane. You are quite lucky I didnt shoot when I first had that Strogg face of yours in my crosshairs. But then, had I killed you, I would have lost the bet with Rhodes. And that would not do.	你好，Kane。你那张 Strogg 脸刚进我准星的时候，我没扣扳机，算你运气好。不过话说回来，要是把你打死了，我跟 Rhodes 打的赌就输了。那可不行。	tram_1 @ tram_1	review
#str_301710	I am on my way to the Processing Tower, {puzzled}why don't you accompany me? But before we can proceed this tram must be rotated in the proper direction and the track must be repaired. Search around and see what you can do.	我正要去数据处理塔，{puzzled}不如你和我同行？不过出发之前，这辆轨道车得转到正确的方向，轨道也得修好。四处找找，看看你能做点什么。		review
#str_301711	This tram can't take much more abuse.	这辆轨道车再挨几下就要散架了。		review
#str_301712	{furrow}Damn it, Kane. Do something!	{furrow}该死，Kane，想想办法！		review
#str_301713	We are so screwed.	我们这回真是完了。		review
#str_301714	{furrow}Was I hit? Do you see any blood?	{furrow}我中弹了吗？你看见血了没有？		review
#str_301715	Shit, there's nothing I can do. We've gotta sit and wait until  that tram car goes by. Keep the Strogg off our backs until the track clears.	妈的，我一点办法都没有。咱们只能干等着那节车厢开过去。在轨道空出来之前，顶住 Strogg，别让它们咬上来。		review
#str_301716	{furrow}About damn time. Let me get this crate moving again.	{furrow}可算等到了。让我把这破车再发动起来。		review
#str_301717	Good job, Kane. The tram is now facing the right direction. Return to the tram and we can be on our way.	干得好，Kane。轨道车已经转到正确方向了。回车上来，我们就能出发了。		review
#str_301718	Good job, Kane. The tram is now facing the right direction. But you still need to find a way to repair the track.	干得好，Kane。轨道车已经转到正确方向了。不过你还得想办法把轨道修好。		review
#str_301719	Excellent, Kane. The track has been repaired. Return to the tram and we can be on our way.	太好了，Kane。轨道已经修复。回车上来，我们就能出发了。		review
#str_301720	Excellent, Kane. The track has been repaired. But now you must find some way to turn the tram so that it faces the right direction.	太好了，Kane。轨道已经修复。但你还得想办法把轨道车转到正确的方向。		review
#str_301721	I must apologize for the condition of this tram. It has been damaged and will not run at full speed.	这辆轨道车的状况，我得说声抱歉。它受了损伤，跑不到全速了。	tram_1 @ tram_1	review
#str_301722	This is where my squad was ambushed. The track was damaged so I had to head back alone. The tech guy in my squad said the Strogg should have some type of repair bots around here to fix  the break. Lets try to find em.	我的小队就是在这儿中的埋伏。轨道坏了，我只好一个人往回走。我们队里的技术兵说，Strogg 在这附近应该有那种维修机器人，能把断轨修好。咱们找找看。		review
#str_301723	Wait! Wait! This is Corporal Kane.	等等！别开枪！这位是 Kane 下士。		review
#str_301724	Lybeck? What are you doin' here?	Lybeck？你怎么在这儿？		review
#str_301725	Trying to catch up with our squad.	想追上咱们小队。		review
#str_301726	Don't bother. I'm the only survivor. Well, other than that Cortez guy.	别费劲了。就我一个活口。哦，还有那个叫 Cortez 的。		review
#str_301727	Stay sharp, Kane. We will no doubt have issues getting through the hot zone on the way to the Processing Tower.	保持警惕，Kane。去数据处理塔的路上要穿过交火区，肯定不会太平。	tram_1 @ tram_1	review
#str_301728	We have only a few miles to go, but there have been reports of Strogg in the area. Keep on your toes.	只剩几英里路了，不过有报告说这一带出现了 Strogg。打起精神来。	tram_1 @ tram_1	review
#str_301729	I do not like the looks of this at all.	这情形我一点都不喜欢。		review
#str_301730	I can't leave Macklin alone. He'd die.	我不能丢下 Macklin 不管。那样他会死的。		review
#str_301731	I've got no choice. I'm stayin' here.	我没得选。我就留在这儿。		review
#str_301732	Watch yourself, Kane!	当心，Kane！		review
#str_301733	Look out!	小心！		review
#str_301734	The bastards!	这帮杂种！		review
#str_301735	Kane, the other side!	Kane，另一边！		review
#str_301736	Watch the other side!	注意另一边！		review
#str_301737	Welcome back, my friend. Next stop, the Strogg Data Processing Tower.	欢迎回来，我的朋友。下一站，Strogg 数据处理塔。	tram_1b @ tram_1b	review
#str_301738	Strogg to our right!	右边有 Strogg！	tram_1b @ tram_1b	review
#str_301739	Watch out. We have company on the right!	当心，右边有敌人！	tram_1b @ tram_1b	review
#str_301740	Over to the right side!	在右边！	tram_1b @ tram_1b	review
#str_301741	Kane! To our right!	Kane！右边！	tram_1b @ tram_1b	review
#str_301742	We have Strogg on the right side!	右侧出现 Strogg！	tram_1b @ tram_1b	review
#str_301743	Kane, watch to the right!	Kane，注意右边！		review
#str_301744	Strogg on the left side!	左边有 Strogg！		review
#str_301745	Look to the left!	看左边！	tram_1b @ tram_1b	review
#str_301746	Watch the left side!	注意左侧！	tram_1b @ tram_1b	review
#str_301747	Shoot the Strogg on our left!	打左边的 Strogg！	tram_1b @ tram_1b	review
#str_301748	Kane! There are more on the left!	Kane！左边还有！	tram_1b @ tram_1b	review
#str_301749	We have enemies to the left!	左侧有敌人！	tram_1b @ tram_1b	review
#str_301750	Kane, stop them!	Kane，拦住它们！	tram_1b @ tram_1b	review
#str_301751	That was too close.	好险，就差一点。	tram_1b @ tram_1b	review
#str_301752	They hit us!	我们被打中了！	tram_1b @ tram_1b	review
#str_301753	The tram cannot take much more of this abuse.	这辆轨道车经不起再这么折腾了。	tram_1b @ tram_1b	review
#str_301754	The Strogg know nothing of a fair fight.	Strogg 根本不懂什么叫公平较量。		review
#str_301755	We are very lucky to be alive.	我们能活着，实在是万幸。	tram_1b @ tram_1b	review
#str_301756	Are you unhurt, Kane?	你没受伤吧，Kane？	tram_1b @ tram_1b	review
#str_301757	This is not going as easily as planned.	事情没有按计划那么顺利。	tram_1b @ tram_1b	review
#str_301758	Perhaps we should have walked to our next objective.	也许我们真该走着去下一个目标。		review
#str_301759	I trust we do not have much further to go.	但愿我们离目的地不远了。		review
#str_301760	Of all the... I missed the switch! That track to the left would have taken us to the Processing tower. Now we must take this entire track around again.	真是的……我错过了道岔！左边那条轨道本可以直达数据处理塔。现在我们只能沿这整圈轨道再绕一遍。		review
#str_301761	Kane, look! That flier is going to crash!	Kane，快看！那架飞行器要坠毁了！		review
#str_301762	It hit the fuel lines! We cannot move any further. Find a way to shut off the lines and stop the fire.	它撞上燃料管线了！我们没法再前进了。想办法关掉管线，把火扑灭。	tram_1b @ tram_1b	review
#str_301763	I don't care what your situation is, soldier. We need Strauss at the Networking tower now.	我不管你们什么处境，士兵。数据网络塔现在就需要 Strauss。		review
#str_301764	But we're under fire, Captain.	可我们正遭受火力压制，上尉。		review
#str_301765	I want that man here in 10 minutes or I'll come looking for him myself.	10 分钟之内把人给我送到，不然我亲自去找他。		review
#str_301766	The fire is out, Kane. We may now proceed in the tram.	火灭了，Kane。我们可以继续乘轨道车前进了。		review
#str_301767	Kane, this is Morris. Wolf squad's just ahead and they need your help. Look for Corporal Osterhaus to meet you at the tram station.	Kane，我是 Morris。野狼小队就在前面，他们需要你帮忙。去轨道车站找 Osterhaus 下士接应你。		review
#str_301768	Lutenant Morris told me you'd be coming. My squad's trying to blow up the boulders blocking the tram track. But there's an emplacement of Strogg pinning us down. I'm gonna circle around one way while you go the other. Let's see if we can't flush the squibs out.	Morris 中尉说过你会来。我的小队正想把堵住轨道的巨石炸掉，可有一处 Strogg 工事把我们压得抬不起头。我从一边绕过去，你走另一边。看看能不能把那帮杂碎撵出来。		review
#str_301769	Lutenant Morris told me you'd be coming. My squad's trying to blow up the boulders blocking the tram. But there's an emplacement of Strogg pinning us down. I'll stay here and keep you updated on our status.	Morris 中尉说过你会来。我的小队正想把堵住轨道车的巨石炸掉，可有一处 Strogg 工事把我们压得抬不起头。我留在这儿，随时向你通报我们的情况。		review
#str_301770	We've got a walker to destroy the boulders, but we can't get near enough to use it because of the Strogg emplacement.	我们有一台「步行者」（walker）能炸掉那些巨石，可 Strogg 的工事挡着，根本没法靠近使用。		review
#str_301771	Normally walkers don't fear much from Strogg infantry, but these squibs have rocket propelled grenades.	平时「步行者」（walker）根本不怵 Strogg 步兵，可这帮杂碎手里有火箭榴弹。		review
#str_301772	We've got a team ready to set charges on those rocks but we can't get close because of the Strogg emplacement up there.	我们有个小组随时能去岩石上安放炸药，可上头那处 Strogg 工事让人根本靠不过去。		review
#str_301773	It'd only take a few seconds to set up the charges but the Strogg are really  keeping the team pinned down.	安放炸药只要几秒钟，可小组被 Strogg 压得死死的，动都动不了。		review
#str_301774	Corporal Kane, this is Corporal Johnson. Are you having any luck finding that Strogg emplacement?	Kane 下士，我是 Johnson 下士。那处 Strogg 工事找到了吗？		review
#str_301775	Kane, this is Johnson. The Strogg are really putting pressure on my squad. We're gonna have to move fast.	Kane，我是 Johnson。Strogg 把我的小队压得够呛。我们的动作得快了。		review
#str_301776	Kane, we've gotta take out those Strogg soon.	Kane，得赶紧把那些 Strogg 干掉。		review
#str_301777	You did it, Kane! Now we can open the track to the Networking Tower.	你成功了，Kane！现在可以打通去数据网络塔的轨道了。		review
#str_301778	Hey, Kane, keep an eye on those boulders blocking the tram. You might enjoy this.	嘿，Kane，盯着点那些堵住轨道车的巨石。有好戏看了。		review
#str_301779	Now that's what I call fireworks! Thanks for your help, Kane.	这才叫烟花嘛！多谢帮忙，Kane。		review
#str_301780	{furrow}I'm busted up, but damn . . . {pain}koff, koff  . . . {furrow}you look worse than me.	{furrow}我是伤得不轻，可是妈呀……{pain}咳、咳……{furrow}你看着比我还惨。		review
#str_301781	Take my walker and {pain}koff, koff {idle}get help. {pain}koff {furrow}There's more Marines to the north at the dispersal facility. {pain}koff . . . koff	开上我的「步行者」（walker），{pain}咳、咳，{idle}去搬救兵。{pain}咳。{furrow}北边的疏散设施还有不少陆战队员。{pain}咳……咳。		review
#str_301782	{pain}Take my walker and get help.	{pain}开上我的「步行者」（walker）去搬救兵。		review
#str_301783	Go on. I'll be fine {pain}koff, koff {furrow}I just need to . . .  {pain}aaaaah . .  . damn it . . . . uhhhhh	走吧，我不碍事。{pain}咳、咳。{furrow}我只是得……{pain}啊……该死……呃……		review
#str_301784	I'm busted up, but damn...you look worse than me. Take my walker and  get help. There's more Marines to the north at the dispersal facility. Go on. I'll be fine  I just need to... aaaaah... damn it.... uhhhhh	我是伤得不轻，可是妈呀……你看着比我还惨。开上我的「步行者」（walker）去搬救兵，北边的疏散设施还有不少陆战队员。走吧，我不碍事，我只是得……啊……该死……呃……		review
#str_301785	To all Marines in all squads. We are retreating from this area. I repeat, we are retreating from this area. Rendezvous at the Waste facility. Aircraft will be waiting there for immediate dustoff.	各小队全体陆战队员注意：我们正从该区域撤退。重复，我们正从该区域撤退。到废料处理厂会合，飞机将在那里待命，随时起飞撤离。		review
#str_301786	All right, Marines, haul ass. The clock is ticking and this is one flight we don’t wanna miss.	好了，弟兄们，撒腿快跑。时间不等人，这趟班机咱们可误不起。	walker @ walker	review
#str_301787	H Q, this is Viper squad! Our Lieutenant is severely wounded. Request immediate evac.	总部，这里是毒蛇小队！我们中尉伤势严重，请求立即撤离。	walker @ walker	review
#str_301788	I wish we could help but evac from your current location is impossible. That zone is too hot.	我们也想帮忙，但你们当前位置无法撤离。那片区域交火太激烈了。	walker @ walker	review
#str_301789	Shit. All right, thanks H Q. We’ll get out of here somehow.	妈的。行吧，多谢总部。我们自己想办法出去。	walker @ walker	review
#str_301790	This is Eagle seventeen, preparing to make a strafing run.	这里是雄鹰十七号，准备进行一轮扫射。		review
#str_301791	To all units, this is Badger Squad. Do not take the north pass. The Strogg have fortified gun emplacements here. It’s an ambush.	全体单位注意，这里是猛獾小队。不要走北面隘口。Strogg 在这里修了坚固的炮位。这是个埋伏。		review
#str_301792	Mayday, mayday, mayday! This is Falcon eighteen! I’ve been hit! My location is four five six by six zero nine.	求救！求救！求救！这里是猎鹰十八号！我被击中了！我的位置：四五六——六零九。		review
#str_301793	Scanners report multiple targets on our six. They’ll be on us in five minutes.	扫描仪报告，正后方出现多个目标。五分钟后它们就会咬上我们。		review
#str_301794	Then we’re done runnin’. Marines, dig in. We got company.	那咱们就不跑了。陆战队员们，就地构筑工事。有客人上门了。		review
#str_301795	Shit! A flier squadron! Get to cover! Get to cover!	妈的！一整队飞行器！快找掩护！快找掩护！		review
#str_301796	H Q! This is Badger Squad. We made it through the north pass but we took heavily casualties. Do not let the evac take off without us.	总部！这里是猛獾小队。我们穿过北面隘口了，但伤亡惨重。别让撤离飞机丢下我们起飞。		review
#str_301797	Affirmative, Badger Squad. Evac awaits your arrival.	明白，猛獾小队。撤离飞机等你们到达。		review
#str_301798	This is command H Q repeating an order to all units. A full retreat has been ordered. All squads are to meet at Waste Facility for immediate evac.	这里是指挥总部，向全体单位重复命令：全面撤退令已经下达。各小队立即前往废料处理厂集合，随即撤离。		review
#str_301799	H Q, H Q, this is Private John Calhoun.  I’ve been cut off from my squad and am being pursed by three Strogg. I need coordinates to the evac zone.	总部，总部，我是列兵 John Calhoun。我和小队失散了，后面有三个 Strogg 在追。我需要撤离区的坐标。		review
#str_301800	Private Calhoun, we just lost your medchip signal. What is your status? Private Calhoun, please respond.	列兵 Calhoun，我们刚失去了你的医疗芯片信号。报告你的状况。列兵 Calhoun，请回话。		review
#str_301801	H Q! H Q! This is Kodiak squad. Strogg have overrun our position. I request an immediate artillery barrage on our location!	总部！总部！这里是棕熊小队。Strogg 已经冲垮了我们的阵地。请求立即向我方坐标实施炮火覆盖！	walker @ walker	review
#str_301802	Walker Squad Bison, you are directed to take up a defensive position at your current location.	野牛机甲小队，命令你们在当前位置转入防御。	walker @ walker	review
#str_301803	H Q, there’s over two hundred Strogg hot on our tail.	总部，两百多个 Strogg 正咬着我们的尾巴。		review
#str_301804	I copy that, Bison. But you’re covering the retreat of four infantry squads.	收到，野牛小队。但你们要掩护四个步兵小队撤退。	walker @ walker	review
#str_301805	Understood. Bison Squad, full halt and deploy weapons. We’re buying the evac some time.	明白。野牛小队，全体停止前进，展开武器。我们给撤离争取时间。	walker @ walker	review
#str_301806	Eagle two, Eagle nine, this is Eagle twelve. Form up on me.  Let’s see if we can’t offer Bison squad some assistance.	雄鹰二号、雄鹰九号，这里是雄鹰十二号。向我编队。咱们去给野牛小队搭把手。		review
#str_301807	Roger that.	收到。	walker @ walker	review
#str_301808	{pain}Kane... Kane...	{pain}Kane……Kane……		review
#str_301809	{pain}Kane... {furrow}it's too late for me... save yourself... get... out of here	{pain}Kane……{furrow}我不行了……你自己保命……快……离开这里		review
#str_301810	{pain}Go on. The Strogg'll be coming soon. {furrow}Get... the hell out... of here.	{pain}走吧。Strogg 马上就来了。{furrow}快……他妈的……离开这儿。		review
#str_301811	These aren't zombies. They're partially Stroggified Marines. This is some kind of dumping ground for botched transfers.	这些不是僵尸，是 Strogg 化改造到一半的陆战队员。这儿八成是个倾倒场，专门扔改造失败的家伙。	waste @ waste	review
#str_301812	{happy}Hey, you're Matthew Kane. {idle}My squad was scattered. I just got word we're assembling back at the entrance to this facility. {furrow}Watch yourself. {idle}There's acid sprayers in here that'll chew through armor in no time.	{happy}嘿，你是 Matthew Kane。{idle}我的小队被打散了。刚收到消息，大家在这座设施的入口处重新集结。{furrow}当心点，{idle}这里面有喷酸的家伙，几下就能把护甲腐蚀穿。		review
#str_301813	{pain}Take the shot!	{pain}开枪啊！		review
#str_301814	I can't!	我下不了手！		review
#str_301815	{furrow}Do it! Kill me!	{furrow}动手！杀了我！		review
#str_301816	{confused}Are you Kane? {idle}You've got no idea how happy I am to see you.	{confused}你是 Kane？{idle}你不知道见到你我有多高兴。		review
#str_301817	Gaaah	（受伤音）		done
#str_301818	No! My grenade!	不！我的手雷！		review
#str_301819	I heard the voice again. It was Cowell!	我又听见那个声音了。是 Cowell！	waste @ waste	review
#str_301820	Marines, this is Krimpkey. It's imperative we regroup. Each man take a... No! Noooooooooo!	弟兄们，我是 Krimpkey。我们必须马上集结。每人负责一……不！不——！		review
#str_301821	Where's the exit? I need to find the damn exit! I've gotta get outta here!	出口在哪儿？我得找到那该死的出口！我必须离开这儿！		review
#str_301822	My gun's jammed! Someone. Anyone. I need backup now!	我的枪卡壳了！来人啊，谁都行，我现在就需要支援！	waste @ waste	review
#str_301823	GaaaahHeeeeeeelp me! Heeeelp meee!	嘎啊——救命！救——命——啊！	waste @ waste	review
#str_301824	Hey, it's that Kane guy.	嘿，是那个叫 Kane 的。	waste @ waste	review
#str_301825	{happy}Damn are we lucky to see you. {idle}We're the last of Cobra squad. That door's the exit out but we can't get through the security scanner.	{happy}见到你可真是走了大运。{idle}我们是眼镜蛇小队最后的几个人了。那扇门就是出口，可我们过不了安全扫描仪。		review
#str_301826	{scared}Yeah, it fried Private Baleman when he tried to go through.	{scared}是啊，列兵 Baleman 想硬闯，直接被它烤焦了。		review
#str_301827	I analyzed the scanning circuits. All they're looking for is proper Strogg I D codes.	我分析过扫描电路了。它们要验的，无非是合规的 Strogg 身份码。	waste @ waste	review
#str_301828	{confused}Wouldn't Kane's strogg parts contain those codes?	{confused}Kane 身上那些 Strogg 部件里，不就该有这些码吗？		review
#str_301829	Yeah... yeah, I bet they do.	对……对啊，我打赌肯定有。	waste @ waste	review
#str_301830	{puzzled}How about it, Kane? {confused}You wanna trying walking through? {idle}It should read you as Strogg.	{puzzled}怎么样，Kane？{confused}想不想走过去试试？{idle}它应该会把你识别成 Strogg。		review
#str_301831	{scared}Kane! You have to get out of here!!	{scared}Kane！你必须马上离开！！		review
#str_301832	{scared}Kane! You have to get out of here!! I CAN'T CONTROL IT. {furrow}RUN!!	{scared}Kane！你必须马上离开！！我控制不住它了。{furrow}快跑！！		review
#str_301833	{furrow}Go! GET OUT OF HERE!!	{furrow}走！快离开这里！！		review
#str_301834	{furrow}I CAN'T CONTROL IT. RUN!!	{furrow}我控制不住了。快跑！！		review
#str_301835	{furrow}They're taking over my mind! KILL ME!	{furrow}它们正在占据我的意识！杀了我！		review
#str_301836	{furrow}They're too strong, Kane.	{furrow}它们太强了，Kane。		review
#str_301837	{furrow}Do it! Kill me now!	{furrow}动手！现在就杀了我！		review
#str_301838	{scared}Kane, they'll steal everything I know.	{scared}Kane，它们会把我知道的一切都偷走。		review
#str_301839	{pain}Aaaahh... it hurts, Kane.	{pain}啊……好疼，Kane。		review
#str_301840	{puzzled}End the pain... please, end it.	{puzzled}结束这痛苦吧……求你，让它停下来。		review
#str_301841	I don't know how much longer I can last.	我不知道自己还能撑多久。	waste @ waste	review
#str_301842	Kane! Is there a console in there that'll turn this thing off so we can get through?	Kane！里面有没有控制台能把这玩意儿关掉，让我们过去？		review
#str_301843	{puzzled}Wow, he was your L T? {scared}Damn, there was nothing you could do. {idle}If he'd lived, the Strogg would have gotten a lot of military secrets from him. C'mon, let's get the hell out of here.	{puzzled}什么，他是你们中尉？{scared}该死，你也是没办法。{idle}他要是活着，Strogg 能从他脑子里掏出一堆军事机密。走吧，咱们赶紧离开这鬼地方。		review
#str_301844	Look! It's Matthew Kane! He's alive! Come on. Get onboard. We'll have you back at the Hannibal in no time.	看！是 Matthew Kane！他还活着！快，上来。我们马上送你回汉尼拔号。	waste @ waste	review
#str_301845	Come on! Get onboard! Move it! Move it!	快！上机！快跑！快跑！	waste @ waste	review
#str_301846	HQ, we've located the few survivors of the Waste Facility. We are dusting off now and en route to your position.	总部，我们找到了废料处理厂的少数幸存者，现已起飞，正返回你处。	waste @ waste	review
#str_301847	Feelin' hungry? Then eat this! C'mon! That the best you got! There's nothing you can... No... Nooooooooooo...	饿了是吧？那就吃这个！来啊！就这点能耐？你们根本奈何不了……不……不——！		review
#str_301848	Lanier is that you? Someone's following me. They stop when I stop. Walk when I walk. But every time I turn around, no one's there.	Lanier，是你吗？有人在跟着我。我停他也停，我走他也走。可我每次回头，身后什么都没有。		review
#str_301849	There are freakin' zombies down here. I just killed one, but it bit me. Shit, I need the medic.	下面全他妈是僵尸。我刚干掉一个，可被它咬了。妈的，我得找医疗兵。	waste @ waste	review
#str_301850	Where the hell is everyone? I can't get readings on any medchips. We gotta regroup or they're gonna pick us apart.	人都他妈哪儿去了？所有医疗芯片都读不到信号。再不集结，我们就要被它们一个个撕碎了。	waste @ waste	review
#str_301851	Let me go! LET ME GOOOOO! Gaaaaaaahhhh!	放开我！放——开——我——！嘎啊——！		review
#str_301852	Hey, so you're still alive. Good. Let's go hook up with my squad at the entrance.	嘿，你还活着呢。太好了。走，去入口跟我的小队会合。	waste @ waste	review
#str_301853	There, I distinctly heard someone say my name. What's the hell's going on down here?	又来了，我清清楚楚听见有人叫我的名字。这下面到底他妈怎么回事？		review
#str_301854	Kane I'm with you. Lead the way.	Kane，我跟你走。你带路。		review
#str_301855	C'mon let's go. You lead.	走吧，出发。你打头。		review
#str_301856	I'm going along. You take point.	我一起去。你来当尖兵。		review
#str_301857	I have to stop here. But you go on ahead.	我得留在这儿了。你继续往前走吧。		review
#str_301858	I'm stopping here. Go on without me.	我就到这儿了。你自己往前走吧。		review
#str_301859	You go on ahead Kane. I'm staying here.	你先走吧，Kane。我留在这儿。		review
#str_301860	Sorry Kane I can't talk right now.	抱歉，Kane，我现在没空聊。	anderson @ ai	review
#str_301861	I'm a little busy. Maybe later.	我这会儿有点忙。回头再说。	anderson @ ai	review
#str_301862	{furrow}Not right now Kane.	{furrow}现在不行，Kane。		review
#str_301863	{furrow}I said not right now.	{furrow}我说了，现在不行。		review
#str_301864	I'm findin' cover!	我去找掩护！		review
#str_301865	I'm getting to safety!	我先撤到安全地方！		review
#str_301866	I'm not gonna hang out in the open.	我可不想杵在空地上挨枪子。		review
#str_301867	Down! Everybody down!	卧倒！全体卧倒！		review
#str_301868	Squad take cover!	全队找掩护！		review
#str_301869	Get behind something!	找东西挡着！		review
#str_301870	I'm moving forward!	我往前推进了！		review
#str_301871	I'm gonna advance!	我要前进了！		review
#str_301872	I'm moving up!	我压上去了！		review
#str_301873	Let's move forward!	咱们往前推！		review
#str_301874	C'mon let's advance!	来，一起推进！		review
#str_301875	Move ahead!	向前进！		review
#str_301876	I'm falling back!	我后撤了！		review
#str_301877	I've got to retreat!	我得撤了！		review
#str_301878	I'm gonna move back!	我先退回去！		review
#str_301879	We've got to fall back!	我们必须后撤！		review
#str_301880	We should retreat!	我们该撤退了！		review
#str_301881	Let's move back!	咱们往后撤！		review
#str_301882	There's a sniper!	有狙击手！		review
#str_301883	Sniper!	狙击手！		review
#str_301884	We got a sniper!	有狙击手盯上我们了！		review
#str_301885	We just lost a man!	我们刚折了一个弟兄！	anderson @ ai	review
#str_301886	We've got a man down!	有人倒下了！	anderson @ ai	review
#str_301887	Man down! Man down!	有人中弹！有人中弹！	anderson @ ai	review
#str_301888	Got one!	干掉一个！	anderson @ ai	review
#str_301889	Oh yeah!	爽！	anderson @ ai	review
#str_301890	Scratch one Strogg!	报销一个 Strogg！	anderson @ ai	review
#str_301891	All right! That one was mine!	漂亮！那个算我的！	anderson @ ai	review
#str_301892	Ha ha! He's not gettin' up from that.	哈哈！这下它可爬不起来了。	anderson @ ai	review
#str_301893	Wooo hoo!	呜——吼！	anderson @ ai	review
#str_301894	You should watch your back better.	你最好多留神背后。		review
#str_301895	I just killed one behind you.	我刚在你背后干掉一个。		review
#str_301896	There was one on your blindside.	刚才有一个摸到你死角了。		review
#str_301897	Hey I'm pinned down!	嘿，我被火力压住了！		review
#str_301898	{scared}Help they're keeping me pinned down!	{scared}救命，它们把我压得动不了了！		review
#str_301899	I can't move from this spot!	我在这儿动弹不得！		review
#str_301900	I'll keep them pinned down!	我来压制它们！		review
#str_301901	I won't let them move!	我不会让它们挪窝的！		review
#str_301902	I'll hold 'em there!	我把它们钉在那儿！		review
#str_301903	Use suppressing fire!	火力压制！		review
#str_301904	Don't let them move!!	别让它们动弹！！		review
#str_301905	Keep 'em there!	把它们摁在那儿！		review
#str_301906	Thanks for saving me. I owe you one.	多谢救命。这份情我记下了。	anderson @ ai	review
#str_301907	 thought I was a goner. Thanks.	我还以为这回死定了。多谢。	anderson @ ai	review
#str_301908	Hooo, thanks.	呼——多谢。	anderson @ ai	review
#str_301909	Nice shot.	好枪法。	anderson @ ai	review
#str_301910	Hey! Good one!	嘿！这下漂亮！	anderson @ ai	review
#str_301911	Wooo, good job!	哇喔，干得好！	anderson @ ai	review
#str_301912	That was great!	太漂亮了！	anderson @ ai	review
#str_301913	Yeah! You got 'em!	好！你干掉它们了！	anderson @ ai	review
#str_301914	Hey! Watch it!!	嘿！看着点！！	anderson @ ai	review
#str_301915	{furrow}Kane! What are you doing?	{furrow}Kane！你在干什么？		review
#str_301916	{furrow}Watch where you're shooting, Kane!	{furrow}看清楚再开枪，Kane！		review
#str_301917	{furrow}Shoot the Strogg, not me!	{furrow}打 Strogg，别打我！		review
#str_301918	{furrow}Watch your aim!	{furrow}瞄准点！		review
#str_301919	{furrow}Are you Strogg now?	{furrow}你现在算是 Strogg 了？		review
#str_301920	{furrow}Kane, don't be turning Strogg on me!	{furrow}Kane，可别当着我的面变成 Strogg！		review
#str_301921	{concerned}Is that Strogg AI taking over, Kane?	{concerned}是 Strogg 的 AI 在接管你吗，Kane？		review
#str_301922	I don't believe it! You killed a Marine!	难以置信！你杀了一个陆战队员！	anderson @ ai	review
#str_301923	What do you think you're doing?	你知道自己在干什么吗？	anderson @ ai	review
#str_301924	Kane, you just fragged one of our guys!	Kane，你刚把自己人给崩了！		review
#str_301925	Have you gone fully Strogg? You just wasted a Marine!	你是彻底变成 Strogg 了吗？你刚干掉了一个陆战队员！	anderson @ ai	review
#str_301926	You're shooting teammates! Are the Strogg controlling you?	你在朝队友开枪！是 Strogg 在控制你吗？	anderson @ ai	review
#str_301927	Kane, are you turning Strogg?	Kane，你是在变成 Strogg 吗？	anderson @ ai	review
#str_301928	Lights!	开灯！		review
#str_301929	Lights on!	把灯打开！		review
#str_301930	Kane, put the light down, will ya?	Kane，把灯挪开点行吗？		review
#str_301931	Hey! I can't see a thing!	嘿！我什么都看不见了！		review
#str_301932	We've got company.	有敌人来了。		review
#str_301933	There's Strogg just ahead.	正前方有 Strogg。		review
#str_301934	Watch out behind you!	小心你身后！	anderson @ ai	review
#str_301935	Enemy at your back!	敌人在你背后！	anderson @ ai	review
#str_301936	There on the left!	在左边！	anderson @ ai	review
#str_301937	Strogg to the left!	左边有 Strogg！	anderson @ ai	review
#str_301938	Watch the right!	注意右边！	anderson @ ai	review
#str_301939	Enemy to the right!	右边有敌人！	anderson @ ai	review
#str_301940	Look up! 	往上看！	marine_4 @ ai	review
#str_301941	Strogg up above!	上面有 Strogg！	anderson @ ai	review
#str_301942	There's one!	那儿有一个！	anderson @ ai	review
#str_301943	Come on, let's do this!	来吧，干它一场！	anderson @ ai	review
#str_301944	Bring it on!	放马过来！	anderson @ ai	review
#str_301945	You're all mine!	你是我的了！	anderson @ ai	review
#str_301946	Did you want something, Kane?	有事吗，Kane？	anderson @ ai	review
#str_301947	What can I do for you?	需要我做什么？	anderson @ ai	review
#str_301948	Is there a problem?	有什么问题吗？	anderson @ ai	review
#str_301949	Hey, ah Kane... you feelin' all right?	嘿，呃，Kane……你感觉还好吧？	anderson @ ai	review
#str_301950	You'd let us know if you were startin' to think like a Strogg, wouldn't you?	你要是开始像 Strogg 那样思考了，会跟我们说一声的，对吧？	anderson @ ai	review
#str_301951	You aren't becoming a Strogg, are you?	你不会正在变成 Strogg 吧？	anderson @ ai	review
#str_301952	ugh	（受伤音）		done
#str_301953	Ow!	（受伤音）	anderson @ ai	done
#str_301954	Hey!	嘿！	anderson @ ai	review
#str_301955	Ouch!	哎哟！	anderson @ ai	review
#str_301956	aaargh	（受伤音）		done
#str_301957	oof	（受伤音）		done
#str_301958	I'll be right there to fix you up, Kane.	我马上过来给你处理伤口，Kane。	anderson @ ai	review
#str_301959	Here's a medpack.	给，医疗包。	anderson @ ai	review
#str_301960	Corporal, I'm travelin' with you. Move out.	下士，我跟你一起走。出发。		review
#str_301961	You 'n me are teamin' up. You take point.	你我搭个伙。你当尖兵。		review
#str_301962	I'm comin' along. Let's go.	我也来。走吧。		review
#str_301963	You're on your own from here.	接下来就靠你自己了。		review
#str_301964	I'm stayin' here. You go on.	我留在这儿。你继续走。		review
#str_301965	This is where I stop, Corporal. You keep movin'.	我就送到这儿了，下士。你接着前进。		review
#str_301966	{furrow}Got no time to talk, Corporal.	{furrow}没工夫闲聊，下士。		review
#str_301967	{furrow}Beat it, Marine. I'm busy.	{furrow}一边去，大兵。我忙着呢。		review
#str_301968	{furrow}Get outta my face.	{furrow}离我远点。		review
#str_301969	{furrow}Do you value your life?	{furrow}你是不是不要命了？		review
#str_301970	I'm headin' for cover!	我去找掩护！		review
#str_301971	It's no good bein' out in the open.	待在空地上可没好果子吃。		review
#str_301972	I'm keepin' low!	我先猫着！		review
#str_301973	Everyone take cover!	所有人找掩护！		review
#str_301974	Squad, take cover!	全队，找掩护！		review
#str_301975	Everybody, down! Get down!	全体卧倒！趴下！		review
#str_301976	I'm goin' forward!	我往前冲了！		review
#str_301977	I'm advancing!	我正在推进！		review
#str_301978	I'm movin' ahead!	我往前挪了！		review
#str_301979	Squad! Move forward!	全队！向前推进！		review
#str_301980	Everyone advance!	全体前进！		review
#str_301981	I'm fallin' back!	我后撤了！		review
#str_301982	I've gotta retreat!	我必须撤了！		review
#str_301983	I'm retreatin'!	我撤了！		review
#str_301984	Squad, fall back!	全队，后撤！		review
#str_301985	We have to withdraw!	我们必须撤出去！		review
#str_301986	Everyone, fall back now!	全体，立刻后撤！		review
#str_301987	Sniper! Everyone down!	狙击手！全体卧倒！		review
#str_301988	Keep low! There's a sniper!	放低身子！有狙击手！		review
#str_301989	Just lost a Marine!	刚折了一个陆战队员！	bidwell @ ai	review
#str_301990	A soldier's down here!	这边有士兵倒下了！	bidwell @ ai	review
#str_301991	Man down!	有人中弹！	bidwell @ ai	review
#str_301992	Plenty more where that came from, squib!	这才哪儿到哪儿，杂碎！	bidwell @ ai	review
#str_301993	Ooooorah!	呜——啦！	bidwell @ ai	review
#str_301994	Didn't know who he was fuckin' with.	也不看看自己惹的是谁。	bidwell @ ai	review
#str_301995	Shoulda kept the hell outta my way, freak.	早该滚远点别挡我道，怪胎。	bidwell @ ai	review
#str_301996	That felt real good.	这感觉真他妈痛快。	bidwell @ ai	review
#str_301997	C'mon, get up! I'll kill ya again!	来啊，站起来！老子再杀你一遍！	bidwell @ ai	review
#str_301998	Kane, I just saved your ass.	Kane，刚才是我救了你一命。		review
#str_301999	Didn't see that one, did ya?	那家伙你压根没瞧见，对吧？		review
#str_302000	Savin' you is gettin' to be a full time job.	救你都快成我的全职工作了。		review
#str_302001	Shit! I can't move from this position.	妈的！我在这儿动弹不得。		review
#str_302002	They've got me trapped!	我被他们困住了！		review
#str_302003	I can't move! Damn it!	我动不了！该死！		review
#str_302004	I've got em where I want 'em!	他们正好被我摁在那儿了！		review
#str_302005	They ain't movin'!	他们动不了了！		review
#str_302006	I'll keep 'em pinned down!	我来把他们压制住！		review
#str_302007	Keep these squibs down!	把这些杂碎压住！		review
#str_302008	Everyone! Suppressing fire!	所有人！火力压制！		review
#str_302009	Squad, direct your fire at my target!	小队，朝我的目标开火！		review
#str_302010	Guess I owe you one. Thanks, Corporal.	看来我欠你个人情。谢了，下士。	bidwell @ ai	review
#str_302011	Shit, that Strogg had me dead in his sights.	妈的，那个 Strogg 刚才把我瞄了个正着。	bidwell @ ai	review
#str_302012	Thanks, Corporal. If it weren't for you, they'd be stuffin' me in a body bag.	谢了，下士。要不是你，我这会儿已经被装进裹尸袋了。	bidwell @ ai	review
#str_302013	That's the way to do it!	就得这么干！	bidwell @ ai	review
#str_302014	Ha ha! Nice!	哈哈！漂亮！	bidwell @ ai	review
#str_302015	You got some moves, Corporal.	有两下子啊，下士。	bidwell @ ai	review
#str_302016	That was pretty damn good!	刚才那下真他妈漂亮！	bidwell @ ai	review
#str_302017	Glad you're on our side!	幸好你是自己人！	bidwell @ ai	review
#str_302018	Watch your damn target!!	他妈的看清目标！！	bidwell @ ai	review
#str_302019	{furrow}Who the hell are you shootin' Corporal?	{furrow}你他妈在打谁呢，下士？		review
#str_302020	{furrow}Do I look like a freakin' Strogg to you?	{furrow}我看着像他妈的 Strogg 吗？		review
#str_302021	{furrow}Don't make me tell you again! Check your fire!	{furrow}别逼我说第二遍！看准了再开枪！		review
#str_302022	{furrow}Damn it, Corporal! Be careful!	{furrow}该死，下士！小心点！		review
#str_302023	{furrow}Corporal, you just took the life of a Marine!	{furrow}下士，你刚干掉了一名陆战队员！		review
#str_302024	{furrow}Damn you! You killed a soldier!	{furrow}你这该死的！你杀了个自己人！		review
#str_302025	{furrow}Do you know you just wasted a Marine?	{furrow}你知不知道你刚废了一名陆战队员？		review
#str_302026	Let's see some lights!	把灯打开！		review
#str_302027	Get your lights on!	开灯！		review
#str_302028	Damn it, watch the light!	该死，注意你的灯！		review
#str_302029	Corporal, get that light outta my face!	下士，别拿灯照我脸！		review
#str_302030	There's squibs just ahead.	前面就有杂碎。		review
#str_302031	Careful. There's Strogg around here.	小心，这附近有 Strogg。		review
#str_302032	Check your back!	注意身后！	bidwell @ ai	review
#str_302033	Freaks are behind you!	怪胎在你后面！	bidwell @ ai	review
#str_302034	Check to the left!	注意左边！	bidwell @ ai	review
#str_302035	Squibs to the right!	右边有杂碎！	bidwell @ ai	review
#str_302036	Check your right!	注意右侧！	bidwell @ ai	review
#str_302037	Enemy's above us!	敌人在上面！	bidwell @ ai	review
#str_302038	We got squibs up top!	头顶上有杂碎！	bidwell @ ai	review
#str_302039	Your ass is mine!	你死定了！	bidwell @ ai	review
#str_302040	I'm gonna mess you up.	我要把你拆成烂铁。	bidwell @ ai	review
#str_302041	Let's dance, freak!	来跳支舞吧，怪胎！	bidwell @ ai	review
#str_302042	It's pain time!	让你尝尝苦头！	bidwell @ ai	review
#str_302043	Yeah?	干嘛？	bidwell @ ai	review
#str_302044	{furrow}Get outta my face!	{furrow}从我眼前消失！		review
#str_302045	{furrow}You really wanna do this, Corporal?	{furrow}你真想来这套吗，下士？		review
#str_302046	ug	（受伤音）		done
#str_302047	Damn!	该死！	bidwell @ ai	review
#str_302048	Shit!	妈的！	bidwell @ ai	review
#str_302049	Ah!	啊！	bidwell @ ai	review
#str_302050	(oof	（受伤音）		done
#str_302051	I will accompany you. Lead the way.	我会与你同行。带路吧。		review
#str_302052	You lead, Kane. And I will follow.	你带路，Kane。我跟着你。		review
#str_302053	I will join you. Let's go.	我跟你一起行动。走吧。		review
#str_302054	I am sorry, but I must stop here.	抱歉，我必须留在这里。	cortez @ ai	review
#str_302055	You must go on alone, Kane. I will remain at this location.	你得独自前进了，Kane。我会留守在这个位置。	cortez @ ai	review
#str_302056	I have to stop now, but you must continue on.	我得停在这儿了，但你必须继续前进。	cortez @ ai	review
#str_302057	I apologize, but I cannot talk now.	抱歉，我现在没空聊天。	cortez @ ai	review
#str_302058	I really am quite busy.	我真的很忙。	cortez @ ai	review
#str_302059	{furrow}Leave me alone.	{furrow}别烦我。		review
#str_302060	{furrow}Go away.	{furrow}走开。		review
#str_302061	I must find cover!	我得找掩护！		review
#str_302062	It's too dangerous in the open.	待在开阔地太危险了。		review
#str_302063	I need to find a safe location!	我得找个安全的位置！		review
#str_302064	Find cover!	找掩护！		review
#str_302065	Get out of the line of fire!	离开火线！		review
#str_302066	I will move forward!	我来推进！		review
#str_302067	I will take point!	我来打头阵！		review
#str_302068	I am advancing!	我正在推进！		review
#str_302069	We must advance!	我们必须推进！		review
#str_302070	Everyone, move up!	所有人，往前推！		review
#str_302071	Squad, move forward!	小队，向前推进！		review
#str_302072	I must fall back!	我必须后撤！		review
#str_302073	I have to fall back!	我得后撤！		review
#str_302074	I have to retreat!	我得撤退！		review
#str_302075	We must retreat!	我们必须撤退！		review
#str_302076	Withdraw immediately!	立刻撤离！		review
#str_302077	Everyone down! We have a sniper!	全体卧倒！有狙击手！		review
#str_302078	There is a sniper in the area!	这一带有狙击手！		review
#str_302079	A Marine is dead!	一名陆战队员阵亡了！	cortez @ ai	review
#str_302080	We've lost a Marine!	我们损失了一名队员！	cortez @ ai	review
#str_302081	Soldier down!	有士兵倒下了！	cortez @ ai	review
#str_302082	That was too easy!	也太轻松了！	cortez @ ai	review
#str_302083	One less Strogg!	又少了一个 Strogg！	cortez @ ai	review
#str_302084	You were no match for me!	你根本不是我的对手！	cortez @ ai	review
#str_302085	Yessss!	爽——！	cortez @ ai	review
#str_302086	Ha! You were not much of a challenge.	哈！你也不过如此。	cortez @ ai	review
#str_302087	That was fun.	真过瘾。	cortez @ ai	review
#str_302088	It is lucky I was here to save you.	幸好有我在这儿救你。		review
#str_302089	That Strogg would have killed you, Kane.	那个 Strogg 差点就杀了你，Kane。		review
#str_302090	You just came very close to dying, my friend.	你刚才离死只差一步，朋友。		review
#str_302091	I cannot move!	我动不了！		review
#str_302092	I'm trapped here!	我被困在这儿了！		review
#str_302093	The Strogg have me pinned down!	我被 Strogg 的火力压得抬不起头！		review
#str_302094	I will not let them up!	我不会让他们抬头的！		review
#str_302095	The Strogg are staying right there!	那些 Strogg 被钉在原地了！		review
#str_302096	I will keep them pinned down!	我会把他们压制住！		review
#str_302097	Squad, keep those Strogg pinned down!	小队，压住那些 Strogg！		review
#str_302098	Suppressing fire on my target!	朝我的目标火力压制！		review
#str_302099	Give me suppressing fire!	给我火力压制！		review
#str_302100	Gracias, my friend. That was most fortunate.	Gracias，朋友。真是万幸。	cortez @ ai	review
#str_302101	You saved my life. Thank you.	你救了我一命。谢谢。	cortez @ ai	review
#str_302102	That Strogg would have killed me. I am in your debt, Kane.	那个 Strogg 差点就要了我的命。我欠你一次，Kane。	cortez @ ai	review
#str_302103	Ha, you did quite well!	哈，干得真不错！	cortez @ ai	review
#str_302104	An excellent shot, my friend!	好枪法，朋友！	cortez @ ai	review
#str_302105	You are quite the marksman.	你可真是个神射手。	cortez @ ai	review
#str_302106	I could not have done better myself!	换我上也不过如此了！	cortez @ ai	review
#str_302107	Kane, you have a talent for killing Strogg!	Kane，你天生就是杀 Strogg 的料！	cortez @ ai	review
#str_302108	{furrow}Check your target!	{furrow}看清目标！		review
#str_302109	{furrow}Watch who you're shooting at, Kane!	{furrow}看清楚你在打谁，Kane！		review
#str_302110	{furrow}Damn you! Be careful!	{furrow}该死的！小心点！		review
#str_302111	{furrow}Shoot the enemy, not me!	{furrow}打敌人，别打我！		review
#str_302112	{furrow}I am not a Strogg, so don't shoot me!	{furrow}我不是 Strogg，别朝我开枪！		review
#str_302113	{furrow}Kane! Are the Strogg controlling you?	{furrow}Kane！你被 Strogg 控制了吗？		review
#str_302114	{furrow}Are you a Strogg now?	{furrow}你现在成 Strogg 了吗？		review
#str_302115	{furrow}Have you finally joined the Strogg, Kane?	{furrow}你到底还是投靠 Strogg 了吗，Kane？		review
#str_302116	{furrow}Do you realize you just fragged a Marine?	{furrow}你知道自己刚干掉了一名陆战队员吗？		review
#str_302117	{furrow}Kane just killed one of us!	{furrow}Kane 刚杀了我们自己人！		review
#str_302118	{furrow}Have you lost your mind? You killed a squadmate!	{furrow}你疯了吗？你杀了自己的队友！		review
#str_302119	{furrow}Kane, are you under Strogg control?	{furrow}Kane，你是不是被 Strogg 控制了？		review
#str_302120	{furrow}Have you become a Strogg, Kane?	{furrow}你已经变成 Strogg 了吗，Kane？		review
#str_302121	{furrow}Keep an eye on this one! He might be changing into a Strogg!	{furrow}盯紧这家伙！他可能正在变成 Strogg！		review
#str_302122	Activate lights!	打开照明！		review
#str_302123	It's dark in here!	这里面真黑！		review
#str_302124	Are you trying to blind me?	你想晃瞎我吗？		review
#str_302125	Hey! Point that light away from me!	嘿！别拿灯照我！		review
#str_302126	There are enemies just ahead.	前方就有敌人。		review
#str_302127	We have Strogg in this area.	这片区域有 Strogg。		review
#str_302128	Strogg are behind you!	Strogg 在你身后！	cortez @ ai	review
#str_302129	There! In back of you!	那儿！就在你背后！	cortez @ ai	review
#str_302130	They're flanking left!	他们在从左翼包抄！	cortez @ ai	review
#str_302131	There's movement to the left!	左边有动静！	cortez @ ai	review
#str_302132	Strogg to the right!	右边有 Strogg！	cortez @ ai	review
#str_302133	There on the right!	在那儿，右边！	cortez @ ai	review
#str_302134	Enemy above us!	敌人在我们上方！	cortez @ ai	review
#str_302135	A Strogg is up there!	上面有个 Strogg！	cortez @ ai	review
#str_302136	I'll take your life, Strogg!	我要取你性命，Strogg！	cortez @ ai	review
#str_302137	You don't stand a chance!	你毫无胜算！	cortez @ ai	review
#str_302138	Come on! Let's play, squib!	来啊！陪我玩玩，杂碎！	cortez @ ai	review
#str_302139	Prepare to die, Strogg!	准备受死吧，Strogg！	cortez @ ai	review
#str_302140	Do you require something, Kane?	有什么需要吗，Kane？	cortez @ ai	review
#str_302141	Perhaps you should back up.	你也许该退后一点。		review
#str_302142	{furrow}I would strongly suggest you back up.	{furrow}我强烈建议你退后。		review
#str_302143	{puzzled}Kane, why are you doing this?	{puzzled}Kane，你为什么要这么做？		review
#str_302144	{concerned}You aren't by chance becoming Strogg, are you?	{concerned}你该不会是正在变成 Strogg 吧？		review
#str_302145	{concerned}Tell me. Are you becoming Strogg?	{concerned}告诉我，你是不是在变成 Strogg？		review
#str_302146	I'm with you. Lead the way.	我跟你走。带路吧。		review
#str_302147	I've got orders to accompany you.	我奉命随你行动。		review
#str_302148	Let's go. You can lead.	走吧。你来带队。		review
#str_302149	I have to stop, but you keep going.	我得停下了，你继续走。		review
#str_302150	This is where we part company.	我们就在这儿分头行动吧。		review
#str_302151	You go ahead, I'm staying here.	你先走，我留在这儿。		review
#str_302152	Sorry. Can't talk right now.	抱歉，现在没空说话。	marine_1 @ ai	review
#str_302153	{furrow}I can't talk right now.	{furrow}我现在没空说话。		review
#str_302154	{furrow}Why don't you move along, soldier?	{furrow}你还是赶紧走吧，士兵。		review
#str_302155	{furrow}You're startin' to get on my nerves, Marine.	{furrow}你开始让我心烦了，大兵。		review
#str_302156	I gotta find cover!	我得找个掩护！		review
#str_302157	I'm gettin' out of the line of fire!	我先撤出火线！		review
#str_302158	I'm gettin' behind something.	我先找个东西躲一躲。		review
#str_302159	Keep out of sight!	别暴露自己！		review
#str_302160	I'll advance on the Strogg!	我朝 Strogg 推进！		review
#str_302161	I'm moving ahead!	我往前推了！		review
#str_302162	I'm going forward!	我上前了！		review
#str_302163	Advance!	前进！		review
#str_302164	Forward!	向前！		review
#str_302165	I have to withdraw!	我得撤了！		review
#str_302166	Everyone, retreat!	所有人，撤退！		review
#str_302167	Fall back to defensive positions!	后撤到防御阵地！		review
#str_302168	Let's go! Retreat!	快走！撤退！		review
#str_302169	We have a sniper!	有狙击手！		review
#str_302170	Keep down! There's a sniper around here!	低下头！附近有狙击手！		review
#str_302171	There's a casualty here!	这边有人伤亡！	marine_1 @ ai	review
#str_302172	Marine down!	有队员倒下了！	marine_1 @ ai	review
#str_302173	There's a soldier down here!	这儿有个士兵倒下了！	marine_1 @ ai	review
#str_302174	Got 'em!	干掉了！	marine_1 @ ai	review
#str_302175	That one was mine!	那个算我的！	marine_1 @ ai	review
#str_302176	Yeah	爽	bidwell @ ai	review
#str_302177	Ha ha haaaa!	哈哈哈——！	marine_1 @ ai	review
#str_302178	One Marine's worth ten of you Strogg!	一个陆战队员顶你们十个 Strogg！	marine_1 @ ai	review
#str_302179	Didn't expect that, did ya?	没想到吧，啊？	marine_1 @ ai	review
#str_302180	Who's next?	下一个是谁？	marine_1 @ ai	review
#str_302181	Sleep tight, squib.	睡个好觉吧，杂碎。	marine_1 @ ai	review
#str_302182	I took out the Strogg to your back.	我干掉了你背后那个 Strogg。		review
#str_302183	There was a Strogg at your back, but I took care of him.	你背后刚才有个 Strogg，我把它解决了。		review
#str_302184	I just saved your life, soldier.	我刚救了你一命，士兵。		review
#str_302185	They got me cornered here!	我被他们逼到死角了！		review
#str_302186	How about a little help?	搭把手行不行？		review
#str_302187	I'll hold them here.	我把他们拖在这儿。		review
#str_302188	They aren't gettin' outta this.	他们别想跑出去。		review
#str_302189	Help me hold these bastards here.	帮我把这些混蛋摁在这儿。		review
#str_302190	Squad, fire on my target!	小队，朝我的目标开火！		review
#str_302191	I want a suppressing fire on these Strogg!	给我压制住这些 Strogg！		review
#str_302192	Thanks, Marine. I would have died.	谢了，弟兄。差点就没命了。	marine_1 @ ai	review
#str_302193	I should have seen that one comin'.	我早该防着那一手的。	marine_1 @ ai	review
#str_302194	Thanks for the assistance.	多谢支援。		review
#str_302195	Nice job, soldier!	干得好，士兵！	marine_1 @ ai	review
#str_302196	Way to go!	就是这样！	marine_1 @ ai	review
#str_302197	Good shot, Marine!	好枪法，弟兄！	marine_1 @ ai	review
#str_302198	Keep it up, soldier!	保持下去，士兵！	marine_1 @ ai	review
#str_302199	You're gettin' good at this!	你越打越顺手了！	marine_1 @ ai	review
#str_302200	All right! Good one.	不错！这下漂亮。	marine_1 @ ai	review
#str_302201	Ha, ha! Nice shot!	哈哈！好枪法！	marine_1 @ ai	review
#str_302202	Rip 'em up, Marine!	把他们撕碎，弟兄！	marine_1 @ ai	review
#str_302203	{furrow}Check your targets!	{furrow}看清目标再打！		review
#str_302204	{furrow}Dammit, you just hit me!	{furrow}该死，你打到我了！		review
#str_302205	{furrow}Watch the friendly fire!	{furrow}注意别误伤自己人！		review
#str_302206	{furrow}Soldier, who's side are you on?	{furrow}士兵，你到底站哪边的？		review
#str_302207	{furrow}Check your fire!	{furrow}管好你的火力！		review
#str_302208	{furrow}What do you think you're doing, Marine?	{furrow}你知道自己在干什么吗，大兵？		review
#str_302209	{furrow}Watch where you're pointing that weapon.	{furrow}看清楚你的枪口冲着谁。		review
#str_302210	{furrow}Who in blazes are you firing at?	{furrow}你到底在朝谁开火？		review
#str_302211	{furrow}You just shot me! Are you going Strogg?	{furrow}你刚打中我了！你是要变成 Strogg 吗？		review
#str_302212	{furrow}Corporal, are those Strogg implants taking you over?	{furrow}下士，是不是那些 Strogg 植入体在控制你？		review
#str_302213	{furrow}Point that weapon away from me.	{furrow}把枪口从我身上挪开。		review
#str_302214	{furrow}Do you know you just killed a Marine?	{furrow}你知道你刚杀了一名陆战队员吗？		review
#str_302215	{furrow}You just fragged someone on our side!	{furrow}你刚干掉了一个自己人！		review
#str_302216	{furrow}Stop shooting at soldiers!	{furrow}别再朝自己的士兵开枪了！		review
#str_302217	{furrow}Corporal, you just killed a Marine! Have you become a Strogg?	{furrow}下士，你刚杀了一名陆战队员！你已经变成 Strogg 了吗？		review
#str_302218	{furrow}You just fragged a soldier! Did you finally turn Strogg?	{furrow}你刚干掉一个士兵！你到底还是变成 Strogg 了？		review
#str_302219	{furrow}Which team are you fighting for, Corporal?	{furrow}你到底在替哪边打仗，下士？		review
#str_302220	Let's get some light in here.	这儿得来点光。		review
#str_302221	Get that out of my eyes!	别拿那玩意儿晃我眼睛！		review
#str_302222	Turn the other way, soldier!	照别处去，士兵！		review
#str_302223	We've got hostiles in the vicinity.	附近有敌人活动。		review
#str_302224	Watch it. There's Strogg ahead.	当心，前面有 Strogg。		review
#str_302225	Look behind you!	看你身后！	marine_1 @ ai	review
#str_302226	In back of you!	就在你背后！	marine_1 @ ai	review
#str_302227	Strogg to the left side!	左边有 Strogg！	marine_1 @ ai	review
#str_302228	Target on your left!	目标在你左侧！	marine_1 @ ai	review
#str_302229	They're flanking right!	他们在从右翼包抄！	marine_1 @ ai	review
#str_302230	There's one to your right!	你右边有一个！	marine_3 @ ai	review
#str_302231	There's Strogg up there!	上面有 Strogg！	marine_1 @ ai	review
#str_302232	Look up above!	看上面！	marine_1 @ ai	review
#str_302233	This Strogg's mine!	这个 Strogg 归我！	marine_1 @ ai	review
#str_302234	Got a squib over here!	这边有个杂碎！	marine_1 @ ai	review
#str_302235	Time to die!	受死吧！	marine_1 @ ai	review
#str_302236	Bring it on, Strogg!	放马过来，Strogg！	marine_1 @ ai	review
#str_302237	I'm ready for ya!	我等着你呢！	marine_1 @ ai	review
#str_302238	Target acquired!	锁定目标！	marine_1 @ ai	review
#str_302239	Did you want something soldier?	有事吗，士兵？	marine_1 @ ai	review
#str_302240	Haven't you got something better to do?	你就没点正事可干吗？	marine_1 @ ai	review
#str_302241	You better move along.	你最好赶紧走开。	marine_1 @ ai	review
#str_302242	Corporal, are those Strogg implants functioning properly?	下士，你那些 Strogg 植入体运转还正常吧？	marine_1 @ ai	review
#str_302243	You would warn us if the Strogg were trying to influence you.	要是 Strogg 想影响你，你可得提醒我们一声。	marine_1 @ ai	review
#str_302244	Damn it!	该死！	marine_1 @ ai	review
#str_302245	Hold up, Marine. I'm a medic.	站住别动，弟兄。我是医疗兵。	marine_1 @ ai	review
#str_302246	Stay right there. I'll give you a medpack.	待在原地。我给你上个医疗包。	marine_1 @ ai	review
#str_302247	Don't move from there. I'll heal you.	别乱动，我来给你治疗。	marine_1 @ ai	review
#str_302248	Stay there, Kane. I'm a medic!	待在那儿，Kane。我是医疗兵！	marine_1 @ ai	review
#str_302249	Don't move from there, Kane. I'll fix you up.	别动，Kane。我来给你包扎。	marine_1 @ ai	review
#str_302250	I'm comin' over to patch you up, Kane.	我这就过来给你包扎，Kane。	marine_1 @ ai	review
#str_302251	Kane, I'm a medic! Stay right where you are!	Kane，我是医疗兵！待在原地别动！	marine_1 @ ai	review
#str_302252	Stop movin' around.	别乱动了。	marine_1 @ ai	review
#str_302253	This won't hurt.	不会疼的。	marine_1 @ ai	review
#str_302254	Stop fidgetin'!	别扭来扭去的！	marine_1 @ ai	review
#str_302255	I only need a couple of seconds to patch you up.	给我几秒钟就能把你包扎好。	marine_1 @ ai	review
#str_302256	Dammit, hold still.	该死，别动。	marine_1 @ ai	review
#str_302257	All done. Go give 'em hell. Marine.	搞定。去让他们好看吧，弟兄。	marine_1 @ ai	review
#str_302258	There, you're fixed.	好了，治好了。	marine_1 @ ai	review
#str_302259	Finished! Now go kill some Strogg.	完事了！去多杀几个 Strogg 吧。	marine_1 @ ai	review
#str_302260	That's it. Get goin'!	就这样。走吧！	marine_1 @ ai	review
#str_302261	Stay there. I can help you.	待在那儿，我能帮你。		review
#str_302262	Wait a second. I'll fix your armor in no time.	等一下，我马上给你修好护甲。		review
#str_302263	Hold on. I'll repair your body armor.	稍等，我来修你的护甲。		review
#str_302264	Wait there, Kane. I'll fix your armor.	在那儿等着，Kane。我给你修护甲。	marine_1 @ ai	review
#str_302265	Hold up a second, Kane. I can repair your body armor.	稍等一下，Kane。我能修好你的护甲。	marine_1 @ ai	review
#str_302266	If you wait there, I can fix your armor, Corporal Kane.	你在那儿等着，我就能给你修护甲，Kane 下士。	marine_1 @ ai	review
#str_302267	Hold still while I fix this for you.	我给你修的时候别乱动。	marine_1 @ ai	review
#str_302268	If you stop moving, I'll fix your body armor.	你要是站定不动，我就给你修护甲。	marine_1 @ ai	review
#str_302269	Stop moving around while I repair your armor.	我修护甲的时候你别来回晃。	marine_1 @ ai	review
#str_302270	Go on. I’ve done all I can.	走吧，我能做的都做了。	marine_1 @ ai	review
#str_302271	There you are. Get back in the battle.	好了，回去接着打吧。	marine_1 @ ai	review
#str_302272	That's it. I'm done. 	就这样，修好了。	marine_1 @ ai	review
#str_302273	Corporal, we're traveling together. Let's move out.	下士，我们同行。出发。		review
#str_302274	I'm coming along. Lead the way.	我跟你一起去。带路吧。		review
#str_302275	I'm with you, Corporal. Take point.	我跟着你，下士。你打头阵。		review
#str_302276	You keep on moving - I have to remain here.	你继续前进——我得留在这儿。		review
#str_302277	I'm taking up a position here.	我要在这里布防。		review
#str_302278	You go without me. I have orders to stop at this position.	你自己走吧。我奉命驻守这个位置。		review
#str_302279	{furrow}Corporal, I'm a little preoccupied at the moment.	{furrow}下士，我这会儿有点忙。		review
#str_302280	{furrow}Move along. I'm busy.	{furrow}走开，我忙着呢。		review
#str_302281	{furrow}This isn't a wise move, Marine.	{furrow}这可不明智，大兵。		review
#str_302282	{furrow}You better start walkin' away right now, Soldier.	{furrow}你最好现在就走人，士兵。		review
#str_302283	I have to find cover!	我得找掩护！		review
#str_302284	I'm getting out of the line of fire.	我先撤出火线。		review
#str_302285	It's not so safe out here.	外面这儿可不太安全。		review
#str_302286	Marines, take cover!	陆战队员们，找掩护！		review
#str_302287	Keep low! And keep movin'!	压低身子！保持移动！		review
#str_302288	I'll take the forward position.	我去占前面的位置。		review
#str_302289	I'm advancing on the Strogg.	我朝 Strogg 推进。		review
#str_302290	I'll move ahead.	我先往前走。		review
#str_302291	Advance on the enemy!	向敌人推进！		review
#str_302292	Squad, overrun the Strogg position!	小队，冲垮 Strogg 的阵地！		review
#str_302293	I need to retreat!	我得撤退！		review
#str_302294	I need to fall back!	我得后撤！		review
#str_302295	I have to reload.	我得换弹了。		review
#str_302296	Retreat!	撤退！		review
#str_302297	Fall back and regroup!	后撤重整！		review
#str_302298	Fall back! Everybody withdraw!	后撤！全体撤离！		review
#str_302299	Sniper! Get down!	狙击手！卧倒！		review
#str_302300	Keep out of sight! There's a sniper!	别露头！有狙击手！		review
#str_302301	We just lost a Marine!	我们刚损失了一名队员！	marine_2 @ ai	review
#str_302302	We've got a casualty here!	这边有人伤亡！	marine_2 @ ai	review
#str_302303	We're dropping like flies!	我们的人一个接一个地倒！	marine_2 @ ai	review
#str_302304	Yeah! I nailed 'em!	爽！被我撂倒了！	marine_2 @ ai	review
#str_302305	And I'm getting' paid to do this!	干这活儿居然还有钱拿！	marine_2 @ ai	review
#str_302306	Bring on another one!	再来一个！	marine_2 @ ai	review
#str_302307	Ha, ha!	哈哈！	marine_2 @ ai	review
#str_302308	Don't mess with a Marine!	别惹陆战队员！	marine_2 @ ai	review
#str_302309	Yeeeah!	爽——！	marine_2 @ ai	review
#str_302310	Squib is down!	杂碎倒下了！	marine_2 @ ai	review
#str_302311	Burn forever, freak.	下地狱慢慢烧吧，怪胎。	marine_2 @ ai	review
#str_302312	Corporal, I took care of the Strogg at your back.	下士，你背后那个 Strogg 我解决了。		review
#str_302313	A Strogg had you dead to rights, but I got him.	有个 Strogg 都把你瞄死了，让我给崩了。		review
#str_302314	Marine, you've gotta watch your back better.	大兵，你得多留神自己背后。		review
#str_302315	I need supporting fire here!	这边需要火力支援！		review
#str_302316	Help! They've got me trapped!	救命！我被他们困住了！		review
#str_302317	I'm taking heavy fire over here!	我这边火力压得很凶！		review
#str_302318	They aren't budging from that spot.	他们在那儿一动不敢动。		review
#str_302319	They're stuck right there!	他们被钉死在那儿了！		review
#str_302320	Don't let 'em up!	别让他们抬头！		review
#str_302321	I want suppressing fire!	给我火力压制！		review
#str_302322	Marines, pin them down!	陆战队员们，压住他们！		review
#str_302323	Thanks, soldier. You saved my hide.	谢了，士兵。你救了我一条命。	marine_2 @ ai	review
#str_302324	Thanks.	谢了。		review
#str_302325	Thanks for the assist, Corporal.	多谢帮忙，下士。	marine_2 @ ai	review
#str_302326	Yes! That's what I like to see!	好！我就爱看这个！	marine_2 @ ai	review
#str_302327	Good one!	漂亮！	marine_2 @ ai	review
#str_302328	That was a beautiful shot!	这一枪太漂亮了！	marine_2 @ ai	review
#str_302329	Keep tearin' 'em up!	接着把他们撕碎！	marine_2 @ ai	review
#str_302330	Nice!	漂亮！	marine_2 @ ai	review
#str_302331	Well done, Marine!	干得好，弟兄！	marine_2 @ ai	review
#str_302332	Ha ha! He's not getting' up again!	哈哈！他再也爬不起来了！	marine_2 @ ai	review
#str_302333	You nailed him!	你一枪撂倒他了！	marine_2 @ ai	review
#str_302334	{furrow}Check your fire, soldier!	{furrow}管好你的火力，士兵！		review
#str_302335	{furrow}You just shot me!	{furrow}你刚打中我了！		review
#str_302336	{furrow}Confirm your target before pulling that trigger!	{furrow}扣扳机前先确认目标！		review
#str_302337	{furrow}Point that weapon away from me!	{furrow}把枪口从我身上挪开！		review
#str_302338	{furrow}Are you fully trained in the operation of that weapon, soldier?	{furrow}你那把枪的操作训练合格了吗，士兵？		review
#str_302339	{furrow}Marine, what do you think you're doing?	{furrow}大兵，你知道自己在干什么吗？		review
#str_302340	{furrow}What the hell are you shootin' at?	{furrow}你他妈在打什么呢？		review
#str_302341	{furrow}Did you forget what a marine looks like?	{furrow}你忘了陆战队员长什么样了吗？		review
#str_302342	{furrow}You just hit me! Are you thinking of changing sides?	{furrow}你打中我了！你是想改换阵营吗？		review
#str_302343	{furrow}What's with the friendly fire? The Strogg got hold of you?	{furrow}怎么朝自己人开火？你被 Strogg 拿捏住了？		review
#str_302344	{furrow}You're startin' to shoot a like like a Strogg.	{furrow}你这枪法越来越像 Strogg 了。		review
#str_302345	{furrow}You just iced a Marine!	{furrow}你刚干掉了一名陆战队员！		review
#str_302346	{furrow}What the hell are you doing shooting one of us?	{furrow}你他妈怎么朝自己人开枪？		review
#str_302347	{furrow}Stop killing our soldiers!	{furrow}别再残杀自己的士兵了！		review
#str_302348	{furrow}Corporal, did you intend on killing that Marine?	{furrow}下士，你是故意杀那名陆战队员的吗？		review
#str_302349	{furrow}Watch the friendly fire, Corporal - or did you mean to fragg that soldier?	{furrow}注意误伤，下士——还是说你就是故意干掉那个士兵的？		review
#str_302350	{furrow}Are you under enemy control?	{furrow}你是不是被敌人控制了？		review
#str_302351	It's too dark in here.	这里面太黑了。		review
#str_302352	Activate lights.	打开照明。		review
#str_302353	Point that light away from me!	别拿灯照我！		review
#str_302354	Stop blinding me!	别晃我眼睛！		review
#str_302355	Hostiles dead ahead.	正前方有敌人。		review
#str_302356	Turn around!	转身！	marine_2 @ ai	review
#str_302357	Enemy to the rear!	后方有敌人！	marine_2 @ ai	review
#str_302358	There's Strogg at your back!	你背后有 Strogg！	marine_2 @ ai	review
#str_302359	Keep an eye to the left!	留神左边！	marine_2 @ ai	review
#str_302360	They're on your left!	他们在你左边！	marine_2 @ ai	review
#str_302361	We've got hostiles to the right!	右边有敌人！	marine_2 @ ai	review
#str_302362	Squib on the right!	右边有杂碎！	marine_2 @ ai	review
#str_302363	There's Strogg up top!	顶上有 Strogg！	marine_2 @ ai	review
#str_302364	Up above!	在上面！	marine_2 @ ai	review
#str_302365	I've got a contact above us!	上方发现敌情！	marine_2 @ ai	review
#str_302366	Got a Strogg right here!	这儿就有个 Strogg！	marine_2 @ ai	review
#str_302367	Gimme your best, squib!	使出你的绝活来，杂碎！	marine_2 @ ai	review
#str_302368	Feeling strong, freak?	觉得自己挺能打是吧，怪胎？	marine_2 @ ai	review
#str_302369	You're in the wrong place, squib!	你来错地方了，杂碎！	marine_2 @ ai	review
#str_302370	You've had it, squib!	你完蛋了，杂碎！	marine_2 @ ai	review
#str_302371	Just you and me, Strogg!	咱俩单挑，Strogg！	marine_2 @ ai	review
#str_302372	Something troubling you, Marine?	有什么心事吗，大兵？	marine_2 @ ai	review
#str_302373	You run out of things to do, soldier?	你是闲得没事干了吗，士兵？		review
#str_302374	Move it or I'll move it for you.	自己挪窝，不然我帮你挪。		review
#str_302375	That's some pretty fancy Strogg gear you've got attached to you.	你身上装的这套 Strogg 玩意儿还挺花哨。		review
#str_302376	Were you given a clean bill of health by the medics?	医疗兵真给你开了健康证明？		review
#str_302377	Should you really be carrying a weapon?	你真的适合带枪吗？		review
#str_302378	Soldier, stay there! I'll fix you up.	士兵，待在那儿！我来给你包扎。	marine_2 @ ai	review
#str_302379	Don't move, Marine! You're hurt!	别动，弟兄！你受伤了！	marine_2 @ ai	review
#str_302380	Stay down! I'm a medic!	趴着别动！我是医疗兵！	marine_2 @ ai	review
#str_302381	Kane, hold up! Let me give you a medkit!	Kane，停一下！让我给你上个医疗包！	marine_2 @ ai	review
#str_302382	Kane, I'll be right there to fix you up!	Kane，我马上过去给你包扎！	marine_2 @ ai	review
#str_302383	Wait a minute, Kane! I'll heal you.	等一下，Kane！我来治你。	marine_2 @ ai	review
#str_302384	Would you be still?	你能不能别动？	marine_2 @ ai	review
#str_302385	The more you move, the longer this takes.	你越乱动，我弄得越慢。	marine_2 @ ai	review
#str_302386	Just give me a few seconds here.	就给我几秒钟。	marine_2 @ ai	review
#str_302387	You're a lousy patient.	你这病人可真难伺候。	marine_2 @ ai	review
#str_302388	Done! Move out, Marine.	好了！出发吧，弟兄。	marine_2 @ ai	review
#str_302389	That's as much as I can do.	我只能帮你到这儿了。	marine_1 @ ai	review
#str_302390	Go on, I'm done.	走吧，我这边完事了。	marine_2 @ ai	review
#str_302391	That's as good as it gets.	这已经是最好的效果了。	marine_2 @ ai	review
#str_302392	Stay where you are. I'll fix your body armor.	待在原地，我来修你的护甲。		review
#str_302393	Wait there. I can repair your armor.	在那儿等着，我能修好你的护甲。		review
#str_302394	Wait for me and I'll fix your body armor.	等我过来，我给你修护甲。		review
#str_302395	Kane, wait for me. I can fix your body armor.	Kane，等等我。我能修好你的护甲。	marine_1 @ ai	review
#str_302396	Stay there, corporak Kane. I'll repair your armor.	待在那儿，Kane 下士。我来修你的护甲。		review
#str_302397	Kane, wait and I'll fix your body armor.	Kane，等一下，我给你修护甲。	marine_1 @ ai	review
#str_302398	Stop moving for a second.	先站定几秒钟。	marine_1 @ ai	review
#str_302399	I can't work with you fidgeting around.	你这么扭来扭去我没法干活。	marine_1 @ ai	review
#str_302400	Hold still. This won't take long.	别动，很快就好。	marine_1 @ ai	review
#str_302401	I'm done. Get moving marine.	修好了。行动吧，弟兄。	marine_1 @ ai	review
#str_302402	Ok, I'm finished. Good luck marine.	好了，完工。祝你好运，弟兄。	marine_1 @ ai	review
#str_302403	Corporal, I'm taggin' along with you. Let's go.	下士，我跟你一块儿行动。走吧。		review
#str_302404	We're movin' out. You have point.	我们出发。你打头阵。		review
#str_302405	You go on without me. I'm stopping here.	你自己走吧，我就到这儿了。		review
#str_302406	I have orders to stay here.	我奉命留守这里。	marine_3 @ ai	review
#str_302407	I have this point covered. You keep moving.	这个点有我盯着，你继续前进。		review
#str_302408	{furrow}You're wasting my time, Marine.	{furrow}你在浪费我的时间，大兵。		review
#str_302409	{furrow}Do I look like I want to talk?	{furrow}我看着像想聊天的样子吗？		review
#str_302410	{furrow}Have you got a problem, Marine?	{furrow}你有意见吗，大兵？		review
#str_302411	{furrow}You're gonna have a big problem real soon if you don't stop bugging me.	{furrow}你再来烦我，马上就有大麻烦了。		review
#str_302412	I'm stayin' low!	我先趴低点！		review
#str_302413	It's not safe in the open!	开阔地不安全！		review
#str_302414	I'm getting something between me and the Strogg!	我得找个东西挡在我和 Strogg 中间！		review
#str_302415	Take cover!	找掩护！		review
#str_302416	Squad, get to cover!	小队，找掩护！		review
#str_302417	Everyone, get out of the line of fire!	所有人，撤出火线！		review
#str_302418	I'll move ahead!	我先往前推！		review
#str_302419	Squad, attack!	小队，进攻！		review
#str_302420	Let's get 'em, boys!	兄弟们，上！		review
#str_302421	I have to retreat to reload.	我得退下来换弹。		review
#str_302422	I'm pullin' back!	我先撤了！		review
#str_302423	There's too much fire! I've gotta fall back!	火力太猛了！我得后撤！		review
#str_302424	Marines, get back!	陆战队员们，退后！		review
#str_302425	Fall back to secondary positions!	后撤到第二阵地！		review
#str_302426	Retreat! Move it!	撤退！快跑！		review
#str_302427	Stay down! There's a sniper nearby!	趴下别动！附近有狙击手！		review
#str_302428	Looks like we got a Strogg sharpshooter!	看来碰上 Strogg 神枪手了！		review
#str_302429	Find cover! We got a sniper!	找掩护！有狙击手！		review
#str_302430	Marine down!	有队员倒下了！	marine_1 @ ai	review
#str_302431	They're picking us apart!	我们正被他们逐个点名！	marine_3 @ ai	review
#str_302432	They just iced a Marine!	他们刚干掉了一名队员！	marine_3 @ ai	review
#str_302433	We're taking casualties!	我们出现伤亡了！	marine_3 @ ai	review
#str_302434	Hell yeah!	太他妈爽了！	marine_3 @ ai	review
#str_302435	Where's my next victim?	下一个送死的在哪儿？	marine_3 @ ai	review
#str_302436	Ha, ha, ha, ha!	哈哈哈哈！	marine_3 @ ai	review
#str_302437	Fear me, freak!	怕了吧，怪胎！	marine_3 @ ai	review
#str_302438	You're not so tough now!	现在不嚣张了吧！	marine_3 @ ai	review
#str_302439	I just kicked your ass, freak!	你被我揍趴下了，怪胎！	marine_3 @ ai	review
#str_302440	You Strogg ain't worth shit!	你们 Strogg 屁都不值！	marine_3 @ ai	review
#str_302441	I fragged the Strogg at your back, Corporal.	你背后那个 Strogg 被我崩了，下士。		review
#str_302442	A Strogg was gonna waste you, but I took care of him.	有个 Strogg 正要干掉你，我把它解决了。		review
#str_302443	Stay alert, Soldier. That Strogg woulda killed you.	保持警惕，士兵。那个 Strogg 差点要了你的命。		review
#str_302444	I need some help here!	这边需要支援！		review
#str_302445	I'm trapped over here!	我被困在这边了！		review
#str_302446	Get these Strogg off me!	帮我把这些 Strogg 打跑！		review
#str_302447	Keep the bastards here.	把这些混蛋拖在这儿。		review
#str_302448	I'll lay down suppressing fire!	我来打压制火力！		review
#str_302449	I've got 'em trapped now!	这下他们被我困住了！		review
#str_302450	Suppressing fire on my target now!	立刻朝我的目标火力压制！		review
#str_302451	Keep 'em pinned down, Marines!	压住他们，弟兄们！		review
#str_302452	Keep pouring on the firepower!	火力别停，继续倾泻！		review
#str_302453	Hey, nice shot. You sure saved my ass.	嘿，好枪法。你可真救了我一条命。	marine_3 @ ai	review
#str_302454	Thanks for savin' me. Guess this makes you my guardian angel.	多谢救命。看来你成我的守护天使了。	marine_3 @ ai	review
#str_302455	Thanks, Marine. I hope I can return the favor.	谢了，弟兄。希望我能还你这个人情。	marine_3 @ ai	review
#str_302456	Yeah! That's the way to do it, Marine!	爽！就得这么干，弟兄！	marine_3 @ ai	review
#str_302457	Ha, ha, ha, haaaa!	哈哈哈哈——！	marine_3 @ ai	review
#str_302458	That was freakin' beautiful! 	刚才那下简直绝了！	marine_3 @ ai	review
#str_302459	Shit, that was great!	妈的，太漂亮了！	marine_3 @ ai	review
#str_302460	Niiiice!	漂——亮！	marine_3 @ ai	review
#str_302461	Marine, you got some talents.	弟兄，你是真有两下子。	marine_3 @ ai	review
#str_302462	It's a pleasure to watch you work, Soldier.	看你干活真是种享受，士兵。	marine_3 @ ai	review
#str_302463	You freakin' nailed his ass!	你把他崩得漂漂亮亮！	marine_3 @ ai	review
#str_302464	{furrow}Don't pull that trigger unless you're sure of your target!	{furrow}没看准目标就别扣扳机！		review
#str_302465	{furrow}You just freakin' shot me!	{furrow}你他妈刚打中我了！		review
#str_302466	{furrow}Are you blind?	{furrow}你瞎了吗？		review
#str_302467	{furrow}Are you some squib sympathizer?	{furrow}你是不是心疼那帮杂碎？		review
#str_302468	{furrow}Do not fire at me, Soldier!	{furrow}不许朝我开火，士兵！		review
#str_302469	{furrow}Do I look like a freakin' Strogg?	{furrow}我看着像他妈的 Strogg 吗？		review
#str_302470	{furrow}Do you need glasses, Marine?	{furrow}你需要配副眼镜吗，大兵？		review
#str_302471	{furrow}Hey! I'm one of the good guys!	{furrow}嘿！我是自己人！		review
#str_302472	{furrow}That was friendly fire, wasn't it Corporal?	{furrow}刚那是误伤对吧，下士？		review
#str_302473	{furrow}Corporal, are you startin' to work for the Strogg?	{furrow}下士，你是开始给 Strogg 卖命了吗？		review
#str_302474	{furrow}You're shootin' like a Strogg would.	{furrow}你这打法跟 Strogg 一个样。		review
#str_302475	{furrow}You just fragged a human!	{furrow}你刚干掉了一个人类！		review
#str_302476	{furrow}Hey, moron, you just killed a Marine!	{furrow}嘿，蠢货，你刚杀了一名陆战队员！		review
#str_302477	{furrow}I should have you thrown in the brig for that!	{furrow}就凭这个，我该把你扔进禁闭室！		review
#str_302478	{furrow}Corporal, just because you look like a Strogg doesn't mean you can kill Marines!	{furrow}下士，你长得像 Strogg，不代表你就能杀陆战队员！		review
#str_302479	{furrow}Have you gone Strogg on me?	{furrow}你这是变成 Strogg 了吗？		review
#str_302480	{furrow}Don't make me fragg your Strogg ass!	{furrow}别逼我崩了你这 Strogg 玩意儿！		review
#str_302481	Lights up!	开灯！		review
#str_302482	Point that somewhere else!	照别的地方去！		review
#str_302483	Knock that shit off!	把那破玩意儿关了！	marine_6 @ ai	review
#str_302484	Watch your ass - we got Strogg nearby.	当心点——附近有 Strogg。		review
#str_302485	We have some squibs up ahead.	前面有几个杂碎。		review
#str_302486	We got enemies behind us!	敌人在我们后面！	marine_3 @ ai	review
#str_302487	Freaks are in back!	怪胎在后面！	marine_3 @ ai	review
#str_302488	There's Strogg behind you!	你背后有 Strogg！	marine_3 @ ai	review
#str_302489	There's Strogg to the left!	左边有 Strogg！	marine_3 @ ai	review
#str_302490	Contact to the left!	左侧发现敌人！	marine_3 @ ai	review
#str_302491	Enemy on the right.	右边有敌人。	marine_3 @ ai	review
#str_302492	On the right flank!	在右翼！	marine_8 @ ai	review
#str_302493	There's a squib up high!	高处有个杂碎！	marine_3 @ ai	review
#str_302494	Look, we got Strogg above us!	看，上面有 Strogg！	marine_3 @ ai	review
#str_302495	You're already dead.	你已经是个死人了。	marine_3 @ ai	review
#str_302496	I'm gonna mess you up, freak!	我要把你拆了，怪胎！	marine_3 @ ai	review
#str_302497	It's ass kickin' time!	揍人时间到！	marine_3 @ ai	review
#str_302498	Come on, freak!	来啊，怪胎！	marine_3 @ ai	review
#str_302499	You eyeballin' me, squib?	你瞅我干嘛，杂碎？	marine_3 @ ai	review
#str_302500	You're courting trouble here, Soldier.	你这是在自找麻烦，大兵。		review
#str_302501	I don't take too kindly to this.	我可不吃这一套。		review
#str_302502	So you're lookin' to enter a new world of pain.	这么说，你是想尝尝生不如死的滋味了。		review
#str_302503	Don't be thinkin' your special Strogg status has everyone fooled.	别以为你那特殊的 Strogg 身份能把所有人都糊弄住。		review
#str_302504	Lots of us are keepin' an eye on you.	我们不少人都盯着你呢。		review
#str_302505	You make one wrong move and you're toast.	你敢走错一步，就死定了。		review
#str_302506	Wait a minute! I'm a medic!	等等！我是医疗兵！	marine_3 @ ai	review
#str_302507	Don't go anywhere! I'll heal you up.	哪儿也别去！我来给你治伤。	marine_3 @ ai	review
#str_302508	Stay there! I've got a medpack for you!	待在那儿！我这有医疗包！	marine_3 @ ai	review
#str_302509	Kane, I'm a medic! Wait there!	Kane，我是医疗兵！在那儿等着！	marine_3 @ ai	review
#str_302510	I'm on my way, Kane! I've got a medpack for you!	我这就来，Kane！医疗包给你备着呢！	marine_3 @ ai	review
#str_302511	Kane, stay put. I'll patch you up!	Kane，别动。我来给你包扎！	marine_3 @ ai	review
#str_302512	Wait right there, Kane! I'll try to fix you up.	就在那儿等着，Kane！我来想办法治好你。	marine_3 @ ai	review
#str_302513	Damn it, hold still.	该死，别乱动。	marine_3 @ ai	review
#str_302514	This won't hurt a bit.	一点都不疼的。	marine_3 @ ai	review
#str_302515	Gimme a few seconds and you'll be okay.	给我几秒钟，你就没事了。	marine_3 @ ai	review
#str_302516	This is just what the doctor ordered.	这就叫对症下药。	marine_3 @ ai	review
#str_302517	I've done what I can. Go get 'em soldier.	我能做的都做了。上吧，大兵。	marine_3 @ ai	review
#str_302518	All done. Now try and keep low, would ya?	全好了。以后记得放低身子，成不？	marine_3 @ ai	review
#str_302519	That's it! Go frag some Strogg!	好了！去痛宰 Strogg 吧！	marine_3 @ ai	review
#str_302520	You're good to go.	你没问题了，上吧。	marine_3 @ ai	review
#str_302521	Stay there marine. I'll repair your armor.	待在那儿，陆战队员。我来修你的护甲。		review
#str_302522	Hold up a second and I'll fix your body armor.	稍等一下，我来修你的护甲。		review
#str_302523	Wait for me. I can repair your armor.	等等我。我能修好你的护甲。		review
#str_302524	Lemme fix your armor.	让我给你修修护甲。		review
#str_302525	Stay there, corporal Kane. I can fix your armor.	待在那儿，Kane 下士。我能修好你的护甲。		review
#str_302526	Let me catch up and I'll fix your armor, Kane.	等我跟上来就给你修护甲，Kane。		review
#str_302527	Just wait a second and I'll be done.	稍等一下，马上就好。	marine_3 @ ai	review
#str_302528	I'll fix your body armor.	我来修你的护甲。		review
#str_302529	Hold still. I'll fix your armor.	别动。我来修护甲。	marine_3 @ ai	review
#str_302530	There you go. Try to be a little more careful, all right?	好了。下回当心着点，行吗？	marine_3 @ ai	review
#str_302531	That's all I can do. See you around, marine.	我只能修成这样了。回见，陆战队员。	marine_3 @ ai	review
#str_302532	Finihed. Back into the war, marine. 	完工。回战场去吧，陆战队员。	marine_3 @ ai	review
#str_302533	I'm goin' with you, Corporal.	我跟你一起走，下士。		review
#str_302534	I'm under orders to follow along.	我奉命跟你同行。		review
#str_302535	What are you waiting for? Let's move out.	还愣着干嘛？出发。		review
#str_302536	You'll have to go it alone. I'm campin' at this position.	你只能一个人上了。我就蹲守在这个位置了。		review
#str_302537	You go on by yourself. I'm staying at this location.	你自己往前走吧。我留在这里。		review
#str_302538	Go without me. I'll stay here and guard your back.	别管我，走吧。我留下来给你殿后。		review
#str_302539	{furrow}Sorry, buddy. I'm a little busy.	{furrow}抱歉，伙计。我这儿有点忙。		review
#str_302540	{furrow}Excuse me, but I'm busy.	{furrow}不好意思，我正忙着呢。		review
#str_302541	{furrow}You're startin' to get on my nerves.	{furrow}你开始让我心烦了。		review
#str_302542	{furrow}Maybe you don't realize what you're doin'.	{furrow}你大概不知道自己在干什么吧。		review
#str_302543	This zone is hot. I'm headin' for cover!	这片区域太危险，我去找掩护！		review
#str_302544	This is crazy! I'm not standin' out in the open!	疯了吧！我可不站在空地上挨枪子儿！		review
#str_302545	Find a defensive position!	找好防御位置！		review
#str_302546	Take cover and keep down!	找掩护，趴低点！		review
#str_302547	Stay out of sight!	别暴露自己！		review
#str_302548	I'm movin' forward!	我往前推进了！		review
#str_302549	I'm gonna move ahead!	我先往前上了！		review
#str_302550	I'm taking point!	我来开路！		review
#str_302551	Everyone, advance!	全体，前进！		review
#str_302552	Advance on the Strogg position!	向 Strogg 阵地推进！		review
#str_302553	I havta retreat!	我得撤了！		review
#str_302554	I gotta fall back and reload!	我得后撤装弹！		review
#str_302555	Retreat! They've got us out gunned!	撤退！他们火力比我们猛！		review
#str_302556	Fall back Marines! Move it! Move it!	后撤，陆战队员！快！快！		review
#str_302557	We have to withdraw and regroup!	我们必须撤下去重整！		review
#str_302558	There's a damn Strogg sniper around here!	这附近有个该死的 Strogg 狙击手！		review
#str_302559	Sniper! We gotta find him!	狙击手！得把他揪出来！		review
#str_302560	Stay down! We got a sniper!	趴下！有狙击手！		review
#str_302561	A Marine was just iced!	刚有个陆战队员被干掉了！	marine_4 @ ai	review
#str_302562	The damn Strogg are wearin' us down!	这帮该死的 Strogg 快把我们耗干了！	marine_4 @ ai	review
#str_302563	Shit, we just lost a man!	妈的，我们又折了一个人！	marine_4 @ ai	review
#str_302564	They fragged another soldier!	他们又干掉了一个弟兄！	marine_4 @ ai	review
#str_302565	Oh yeah I liked that!	哦耶，太带劲了！	marine_4 @ ai	review
#str_302566	You're lookin' mighty dead, freak!	瞧你这死相，怪胎！	marine_4 @ ai	review
#str_302567	That rocked!	真带劲！	marine_4 @ ai	review
#str_302568	Now I gotta scrape you off my boots.	完了我还得把你从靴底刮下来。	marine_4 @ ai	review
#str_302569	Ain't war hell? Ha, ha!	都说战争是地狱，哈哈！	marine_4 @ ai	review
#str_302570	Is it any wonder I love the Corps?	你说我能不爱陆战队吗？	marine_4 @ ai	review
#str_302571	Don't worry, I got 'em for ya.	别担心，我替你把他们收拾了。		review
#str_302572	Watch your back, buddy.	当心背后，伙计。		review
#str_302573	A freak had you in his sights, but I took care of the problem.	有个怪胎瞄上你了，不过问题已经被我解决了。		review
#str_302574	Shit! I can't move!	妈的！我动不了！		review
#str_302575	I'm pinned down!	我被火力压制了！		review
#str_302576	I'll keep the freaks down!	我来压制这帮怪胎！		review
#str_302577	I got 'em right where I want 'em.	他们正好落在我枪口上。		review
#str_302578	These Strogg aren't goin' nowhere!	这些 Strogg 哪儿也去不了！		review
#str_302579	Give me suppressing fire on these freaks!	给我火力压制这帮怪胎！		review
#str_302580	Help me pin this Strogg down!	帮我摁住这个 Strogg！		review
#str_302581	Don't let 'em advance!	别让他们推进！		review
#str_302582	I should be dead right now. Thanks, Corporal.	按理说我这会儿已经死了。谢了，下士。	marine_4 @ ai	review
#str_302583	I owe you, Marine.	我欠你个人情，陆战队员。	marine_4 @ ai	review
#str_302584	You saved me. Thanks, buddy.	你救了我。谢了，伙计。	marine_4 @ ai	review
#str_302585	Oh, that was beautiful!	哦，太漂亮了！	marine_4 @ ai	review
#str_302586	You do the Marine's proud, Soldier!	你给陆战队长脸了，大兵！	marine_4 @ ai	review
#str_302587	Damn, Corporal. You got some skill with that weapon.	好家伙，下士。你这枪法真有两下子。	marine_4 @ ai	review
#str_302588	Did you do that?	那是你干的？	marine_4 @ ai	review
#str_302589	You truly are a terror!	你可真是个煞星！	marine_4 @ ai	review
#str_302590	Shit! That was great!	妈的！太漂亮了！	marine_3 @ ai	review
#str_302591	{furrow}Check your freakin' line of fire!	{furrow}看清你那该死的射界！		review
#str_302592	{furrow}Damn it! You just shot me!	{furrow}该死！你打到我了！		review
#str_302593	{furrow}Watch the friendly fire Corporal!	{furrow}当心误伤友军，下士！		review
#str_302594	{furrow}You coulda killed me!	{furrow}你差点把我打死！		review
#str_302595	{furrow}Check your fire, damn it!	{furrow}看着点打，该死的！		review
#str_302596	{furrow}Don't shoot! I'm on your side!	{furrow}别开枪！我是自己人！		review
#str_302597	{furrow}Stop pointing that weapon at me!	{furrow}别拿枪指着我！		review
#str_302598	{furrow}Shoot the Strogg why don't ya?	{furrow}你倒是打 Strogg 啊？		review
#str_302599	{furrow}Do you know for sure you're a Marine?	{furrow}你确定自己还是个陆战队员吗？		review
#str_302600	{furrow}You're really startin' to behave like a Strogg.	{furrow}你现在越来越像 Strogg 了。		review
#str_302601	{furrow}Corporal, are those implants short circuiting your brain?	{furrow}下士，是不是那些植入体把你脑子搞短路了？		review
#str_302602	{furrow}You just iced one of us!	{furrow}你刚干掉了一个自己人！		review
#str_302603	{furrow}Your friendly fire just killed a Marine!	{furrow}你的误伤刚打死了一个陆战队员！		review
#str_302604	{furrow}You just killed a freakin' soldier!	{furrow}你刚打死了一个自家大兵！		review
#str_302605	{furrow}Corporal, it's gettin' so I can't trust you.	{furrow}下士，我都快没法信任你了。		review
#str_302606	{furrow}I don't care how valuable you are to H Q. Watch the friendly fire, Kane.	{furrow}我才不管你对指挥部多重要。当心误伤友军，Kane。		review
#str_302607	{furrow}Are you becoming a Strogg, Corporal?	{furrow}你是要变成 Strogg 了吗，下士？		review
#str_302608	It's no good travelin' in the dark.	摸黑赶路可不行。		review
#str_302609	Get your lights on.	把灯打开。		review
#str_302610	Crap, I can't see!	见鬼，我看不见！		review
#str_302611	Yes, I can see that your flashlight is working!	知道了知道了，你的手电好使得很！		review
#str_302612	Careful. We got Strogg ahead of us.	小心。前头有 Strogg。		review
#str_302613	I have a contact.	发现敌人。		review
#str_302614	There in back!	后面！就在那儿！	marine_4 @ ai	review
#str_302615	We've got weapons fire in back!	后方有交火！	marine_4 @ ai	review
#str_302616	Strogg on the left!	左边有 Strogg！	marine_4 @ ai	review
#str_302617	Look to your left!	看你左边！	marine_4 @ ai	review
#str_302618	On the left flank!	左翼！	marine_4 @ ai	review
#str_302619	Aim to the right!	瞄准右边！	marine_4 @ ai	review
#str_302620	There's squibs to the right!	右边有杂碎！	marine_4 @ ai	review
#str_302621	Weapons fire on the right!	右边有交火！		review
#str_302622	Look up!	往上看！	marine_4 @ ai	review
#str_302623	Aim above us!	瞄准上面！	marine_4 @ ai	review
#str_302624	I own you, freak!	你归我了，怪胎！	marine_4 @ ai	review
#str_302625	Got a squib right here!	这儿就有个杂碎！	marine_4 @ ai	review
#str_302626	Let's dance!	来过过招吧！	marine_4 @ ai	review
#str_302627	Bring it!	放马过来！	marine_4 @ ai	review
#str_302628	It's go time!	开干了！	marine_4 @ ai	review
#str_302629	You're dead meat, squib!	你死定了，杂碎！	marine_4 @ ai	review
#str_302630	Hmmm?	嗯……？	marine_4 @ ai	review
#str_302631	What?	干嘛？	marine_4 @ ai	review
#str_302632	Don't think you can scare me just cause you look like a Strogg.	别以为你长得像 Strogg 就能吓住我。		review
#str_302633	You even think of stepping out of line and I'll frag your Strogg ass.	你敢有半点出格的念头，我就崩了你这 Strogg 屁股。		review
#str_302634	Do we understand each other?	咱们说明白了吧？		review
#str_302635	Stay right there! I'll heal you!	就待在那儿！我来治你！	marine_4 @ ai	review
#str_302636	Keep down! I'll be right there to patch you up!	趴低点！我马上过来给你包扎！	marine_4 @ ai	review
#str_302637	Don't move! I'm a medic!	别动！我是医疗兵！	marine_4 @ ai	review
#str_302638	Corporal Kane, don't move! I'll heal you up!	Kane 下士，别动！我来给你治伤！	marine_4 @ ai	review
#str_302639	I'm a medic, Kane. Stay there, I'll fix you up!	我是医疗兵，Kane。待在那儿，我来治好你！	marine_4 @ ai	review
#str_302640	Hold up, Corporal Kane. I'm a medic!	停一下，Kane 下士。我是医疗兵！	marine_4 @ ai	review
#str_302641	Stay at your position, Kane. I'll heal you.	待在原地，Kane。我来治你。	marine_4 @ ai	review
#str_302642	This doesn't look so bad.	伤得不算重嘛。	marine_4 @ ai	review
#str_302643	Looks like you need a medpack.	看样子你需要个医疗包。	marine_4 @ ai	review
#str_302644	Stop fidgeting.	别扭来扭去的。	marine_4 @ ai	review
#str_302645	Just stay put for a minute longer.	再多待一会儿别动。	marine_4 @ ai	review
#str_302646	This won't take long.	用不了多久。	marine_4 @ ai	review
#str_302647	See? That didn't hurt a bit.	瞧见没？一点都不疼吧。	marine_4 @ ai	review
#str_302648	Go on. That's the best I can do.	去吧。我只能治到这份上了。	marine_4 @ ai	review
#str_302649	Done. Now go ice some freaks, Marine!	好了。去干翻几个怪胎吧，陆战队员！	marine_4 @ ai	review
#str_302650	That's it. You're back in action.	行了。你可以重返战斗了。	marine_4 @ ai	review
#str_302651	Wait there, marine. Your armor's damaged.	在那儿等着，陆战队员。你的护甲坏了。		review
#str_302652	Wait and I'll fix your body armor.	等一下，我来修你的护甲。		review
#str_302653	Hold up, marine. I can fix your armor.	停一下，陆战队员。我能修好你的护甲。		review
#str_302654	Kane, wait. Your armor's damaged.	Kane，等等。你的护甲坏了。	marine_4 @ ai	review
#str_302655	Corporal Kane. Wait, and I'll repair your armor.	Kane 下士。等一下，我来修你的护甲。	marine_4 @ ai	review
#str_302656	I can fix your armor, Kane.	我能修好你的护甲，Kane。	marine_4 @ ai	review
#str_302657	I'l have you patched up in no time.	马上就给你修得妥妥的。	marine_4 @ ai	review
#str_302658	Just a few seconds and you'll be right back into the fight.	就几秒钟，你马上就能重回战斗。	marine_4 @ ai	review
#str_302659	You're good to go, marine.	你可以行动了，陆战队员。	anderson @ ai	review
#str_302660	That's all I can do. Good luck.	我只能做到这一步了。祝你好运。	marine_4 @ ai	review
#str_302661	There, finished. Now try to be more careful. 	好，修好了。以后多加小心。	marine_4 @ ai	review
#str_302662	I'm taggin' along with you.	我跟你一路。	marine_5 @ ai	review
#str_302663	Looks like it's you and me, Corporal.	看来就咱俩搭伙了，下士。	marine_5 @ ai	review
#str_302664	HQ told me to join up with you.	指挥部让我跟你会合。	marine_5 @ ai	review
#str_302665	I have to stop at this position, so you go on without me.	我得留守这个位置，你自己继续吧。		review
#str_302666	HQ gave me explicit orders to stay here.	指挥部明令我守在这里。		review
#str_302667	Sorry, Marine. You're running solo from this point on.	抱歉，陆战队员。从这儿起你就得单干了。		review
#str_302668	Can't talk right now.	现在没空说话。	marine_5 @ ai	review
#str_302669	{furrow}Can't you find someone else to annoy?	{furrow}你就不能去烦别人吗？		review
#str_302670	{furrow}You should just walk away, right now.	{furrow}你最好现在就走开。		review
#str_302671	{furrow}What the hell is with you?	{furrow}你到底什么毛病？		review
#str_302672	I'm taking a defensive position.	我去占个防御位置。		review
#str_302673	This zone's too hot! I'm not stayin' in the open.	这片火力太猛！我可不待在空地上。		review
#str_302674	Marines, take a defensive position!	陆战队员们，占据防御位置！		review
#str_302675	Get behind something, now!	快找掩体躲好，快！		review
#str_302676	Keep down!	趴低点！		review
#str_302677	I'm pressin' ahead!	我继续往前压！		review
#str_302678	I'm gonna advance to the front!	我要往前线推进了！		review
#str_302679	Squad, move up!	小队，向前推进！		review
#str_302680	Let's get us some squibs!	咱们去宰几个杂碎！		review
#str_302681	Advance and attack!	前进，进攻！		review
#str_302682	I'm movin' back!	我先往后撤！		review
#str_302683	I have to retreat but I'll be back!	我得先撤，去去就回！		review
#str_302684	Marines, withdraw to safer positions!	陆战队员们，撤到更安全的位置！		review
#str_302685	We're moving back now!	我们现在后撤！		review
#str_302686	Pay attention! We got a sniper!	都注意！有狙击手！		review
#str_302687	Sniper! Don't let him get a bead on you!	狙击手！别让他瞄上你！		review
#str_302688	We've just taken a casualty.	我们刚折了一个人。	marine_5 @ ai	review
#str_302689	There's not gonna be many of us left at this rate.	照这么打下去，我们剩不了几个人。	marine_5 @ ai	review
#str_302690	The bastards fragged one of us!	那帮混蛋干掉了我们一个弟兄！	marine_5 @ ai	review
#str_302691	Ha, ha! This is gettin' fun!	哈哈！越来越有意思了！	marine_5 @ ai	review
#str_302692	Eat it, Strogg!	吃我一枪，Strogg！	marine_5 @ ai	review
#str_302693	Yeah!	爽！	bidwell @ ai	review
#str_302694	Ha, ha, ha, haaaaa!	哈哈哈哈——！	marine_5 @ ai	review
#str_302695	A shame you didn't live a little longer.	可惜你没能多活一会儿。	marine_5 @ ai	review
#str_302696	Look at you all busted up, freak!	瞧瞧你这稀巴烂的德行，怪胎！	marine_5 @ ai	review
#str_302697	Score one for the marines.	陆战队再添一分。	marine_5 @ ai	review
#str_302698	Ya gotta keep watchin' behind you.	你得时刻留意身后。		review
#str_302699	I fragged a Strogg that was sneakin' upon you. 	有个 Strogg 想偷袭你，被我干掉了。		review
#str_302700	Marine, watch your back. You came really close to dyin'.	陆战队员，当心背后。你刚才离死可就差一步了。		review
#str_302701	I'm under heavy fire over here!	我这边火力太猛了！		review
#str_302702	Shit! They got me pinned down!	妈的！我被压得动不了！		review
#str_302703	I'll keep the freaks back!	我来挡住这帮怪胎！		review
#str_302704	I'll make sure the squibs don't move.	我保证这帮杂碎动弹不得。		review
#str_302705	Ice these Strogg while I got 'em trapped!	趁我把这些 Strogg 困住，快干掉他们！		review
#str_302706	All marines fire on my target!	所有陆战队员，朝我的目标开火！		review
#str_302707	I want suppressing fire on these Strogg!	给我火力压制这些 Strogg！		review
#str_302708	Help me keep these squibs pinned down!	帮我把这些杂碎摁住！		review
#str_302709	Thanks, buddy.	谢了，伙计。	marine_5 @ ai	review
#str_302710	Damn, you saved my life!	好家伙，你救了我一命！	marine_5 @ ai	review
#str_302711	Thanks for helpin' me out.	多谢帮忙。		review
#str_302712	I bet he didn't like that at all.	我敢打赌他可一点都不好受。	marine_5 @ ai	review
#str_302713	That was freakin' great!	真他妈漂亮！	marine_5 @ ai	review
#str_302714	Wow! Nice!	哇哦！漂亮！	marine_5 @ ai	review
#str_302715	Good job!	干得好！	marine_5 @ ai	review
#str_302716	Shit. He ain't gettin' up from that.	妈的，这下他别想爬起来了。	marine_5 @ ai	review
#str_302717	He looks pretty dead to me.	要我看，他是死透了。	marine_5 @ ai	review
#str_302718	Not bad! 	不赖嘛！	marine_5 @ ai	review
#str_302719	You really busted him up!	你把他轰了个稀烂！	marine_5 @ ai	review
#str_302720	{furrow}Always check your line of fire!	{furrow}开火前先看清射界！		review
#str_302721	{furrow}Watch your freakin' target!	{furrow}看清你那该死的目标！		review
#str_302722	{furrow}You just hit me!	{furrow}你打到我了！		review
#str_302723	{furrow}Stop shooting! I'm on your side!	{furrow}别开枪了！我是自己人！		review
#str_302724	{furrow}Hey! Watch the friendly fire!	{furrow}嘿！当心误伤友军！		review
#str_302725	{furrow}Dammit! Kill the Strogg, not me.	{furrow}该死！去打 Strogg，别打我。		review
#str_302726	{furrow}Are you losing it, Marine?	{furrow}你是失控了吗，陆战队员？		review
#str_302727	{furrow}Did you just shoot at me?	{furrow}你刚才是朝我开枪了？		review
#str_302728	{furrow}Looks like the Strogg Marine might be changing sides!	{furrow}看来咱们这位 Strogg 陆战兵要倒戈了！		review
#str_302729	{furrow}Are the Strogg starting to take hold of your mind?	{furrow}是不是 Strogg 开始控制你的脑子了？		review
#str_302730	{furrow}I've got my eye on you, Corporal!	{furrow}我盯着你呢，下士！		review
#str_302731	{furrow}You just fragged a soldier!	{furrow}你刚干掉了一个自己人！		review
#str_302732	{furrow}Calm down, and stop shooting marines!	{furrow}冷静点，别再朝陆战队员开枪了！		review
#str_302733	{furrow}Check your target, Marine!	{furrow}看清目标，陆战队员！		review
#str_302734	{furrow}Are you a squib? You just iced a Marine!	{furrow}你是杂碎吗？你刚干掉了一个陆战队员！		review
#str_302735	{furrow}Are those Strogg circuits turning on? You just killed a Marine!	{furrow}是不是你那身 Strogg 电路通电了？你刚打死了一个陆战队员！		review
#str_302736	{furrow}Corporal, this isn't the time to shoot like a Strogg!	{furrow}下士，现在可不是学 Strogg 开枪的时候！		review
#str_302737	Everyone turn your lights on!	所有人把灯打开！		review
#str_302738	Hey, watch that light!	嘿，注意你的灯！		review
#str_302739	You're blinding me, Corporal!	你晃得我眼都睁不开了，下士！		review
#str_302740	There's Strogg ahead of us.	前面有 Strogg。		review
#str_302741	Careful. We got squibs close by.	小心。附近有杂碎。		review
#str_302742	Look out behind you!	当心身后！	marine_5 @ ai	review
#str_302743	In back!	后面！	marine_5 @ ai	review
#str_302744	We got Strogg on the left!	左边有 Strogg！	marine_5 @ ai	review
#str_302745	They're trying to flank left!	他们想从左边包抄！	marine_5 @ ai	review
#str_302746	Strogg on the right side!	右边有 Strogg！		review
#str_302747	There's Strogg above us!	上面有 Strogg！	marine_5 @ ai	review
#str_302748	Strogg are up there!	Strogg 在上头！	marine_5 @ ai	review
#str_302749	Bring it, freak!	放马过来，怪胎！	marine_5 @ ai	review
#str_302750	Gimme your best shot!	使出你的看家本事来！	marine_5 @ ai	review
#str_302751	Got a freak right here!	这儿有个怪胎！	marine_5 @ ai	review
#str_302752	What do ya got, squib?	你有几斤几两，杂碎？	marine_5 @ ai	review
#str_302753	I hope you like pain, freak!	但愿你喜欢吃苦头，怪胎！	marine_5 @ ai	review
#str_302754	Back up.	退后。		review
#str_302755	Really. I mean it. Back up.	我说真的。退后。		review
#str_302756	Don't make me tell you again.	别让我说第二遍。		review
#str_302757	Can you be trusted?	你这人到底靠不靠得住？		review
#str_302758	How much do we really know about Strogg technology?	我们对 Strogg 的技术又真正了解多少？		review
#str_302759	Could your circuits switch on at any minute?	谁知道你那身电路会不会说通电就通电？		review
#str_302760	Remain there, soldier! I've got a medpack!	待在那儿，大兵！我有医疗包！	marine_5 @ ai	review
#str_302761	Stay put! I'll fix you up!	别动！我来治好你！	marine_5 @ ai	review
#str_302762	Marine! Hold up!	陆战队员！停一下！	marine_5 @ ai	review
#str_302763	Corporal Kane, remain there! I'm a medic!	Kane 下士，待在那儿！我是医疗兵！	marine_5 @ ai	review
#str_302764	I've got a medpack for you, Corporal Kane.	Kane 下士，我这有医疗包给你。	marine_5 @ ai	review
#str_302765	Stay where you are, Kane. I'll heal you.	待在原地，Kane。我来治你。	marine_5 @ ai	review
#str_302766	Corporal Kane, don't move. I'll be there with a medpack in a second.	Kane 下士，别动。我马上带医疗包过去。	marine_5 @ ai	review
#str_302767	Marine, you gotta remember to duck once in a while.	陆战队员，你得记着时不时低头躲一躲。	marine_5 @ ai	review
#str_302768	Here, this should help.	来，这个应该管用。	marine_5 @ ai	review
#str_302769	One minute and you'll be fine.	一分钟就好，你会没事的。	marine_5 @ ai	review
#str_302770	Would you hold still?	你能不能别乱动？	marine_5 @ ai	review
#str_302771	One medpack, comin' up.	医疗包一份，这就来。	marine_5 @ ai	review
#str_302772	You're done. Move out Marine.	好了。出发吧，陆战队员。	marine_5 @ ai	review
#str_302773	Finished. You're back in the war Marine.	搞定。回战场去吧，陆战队员。	marine_5 @ ai	review
#str_302774	There you go. See you around.	好了。回头见。	marine_5 @ ai	review
#str_302775	I've got orders to move out with you.	我奉命跟你一起行动。		review
#str_302776	I'll be watching your back for now. Lead on.	接下来我帮你盯着背后。带路吧。		review
#str_302777	Look like your stuck with me for the time being. Let's go.	看来这阵子你得跟我搭伙了。走吧。		review
#str_302778	This is as far as I go. Good luck, Corporal.	我只能送到这儿了。祝你好运，下士。		review
#str_302779	We've gotta split up. I have to stay at this position.	我们得分头行动了。我必须守在这个位置。		review
#str_302780	This is where I have to stop. You go on alone.	我就到这儿了。你一个人继续吧。		review
#str_302781	Sorry, I'm a kinda occupied right now.	抱歉，我这会儿有点脱不开身。	marine_6 @ ai	review
#str_302782	{furrow}I can't talk right now. I'm busy.	{furrow}现在没空聊。我忙着呢。		review
#str_302783	{furrow}I wish I could help you, but I can't.	{furrow}我也想帮你，可实在帮不上。		review
#str_302784	{furrow}Are you doin' this on purpose?	{furrow}你是故意的吧？		review
#str_302785	This is crazy. I'm headin' for cover!	太疯狂了。我去找掩护！		review
#str_302786	I need to find cover.	我得找个掩护。		review
#str_302787	Take cover! There's heavy fire!	找掩护！火力太猛了！		review
#str_302788	Get down! Get down!!	趴下！趴下！！		review
#str_302789	I'm movin' up!	我往前推了！		review
#str_302790	I'm gonna close in on 'em!	我要贴上去收拾他们！		review
#str_302791	I'll take point!	我来开路！		review
#str_302792	We've gotta advance!	我们必须推进！		review
#str_302793	Squad, move forward! Go go go!	小队，前进！快快快！		review
#str_302794	Let's get in there and clear 'em out!	冲进去把他们清干净！		review
#str_302795	I'm pullin back!	我先撤了！		review
#str_302796	I've gotta reload!	我得装弹了！		review
#str_302797	We've gotta retreat!	我们必须撤退！		review
#str_302798	Marines, we're pullin out!	陆战队员们，我们撤！		review
#str_302799	Withdraw to a defensive position!	撤到防御位置！		review
#str_302800	Watch out! We got a sniper!	当心！有狙击手！		review
#str_302801	There's a sniper around here!	这附近有狙击手！		review
#str_302802	Sniper! Keep low!	狙击手！放低身子！		review
#str_302803	There's a soldier down!	有士兵倒下了！	marine_6 @ ai	review
#str_302804	Dammit! They fragged a Marine!	该死！他们干掉了一个陆战队员！	marine_6 @ ai	review
#str_302805	Ha, ha! I liked that!	哈哈！这我喜欢！	marine_6 @ ai	review
#str_302806	Ha! And they said the Strogg were tough!	哈！还有人说 Strogg 难对付呢！	marine_6 @ ai	review
#str_302807	Ooooyeah!	哦——耶！	marine_6 @ ai	review
#str_302808	That freak's dead!	那怪胎死透了！	marine_6 @ ai	review
#str_302809	Oooorah.	呜——啦。	convoy @ convoy	review
#str_302810	Gimme another Strogg to shoot!	再给我来个 Strogg 练练枪！	marine_6 @ ai	review
#str_302811	Don't mess with the Marines, Strogg.	别惹陆战队，Strogg。	marine_6 @ ai	review
#str_302812	I iced the Strogg behind you.	我把你背后那个 Strogg 干掉了。		review
#str_302813	You can thank me later for fragging that Strogg.	帮你崩了那个 Strogg，回头记得谢我。		review
#str_302814	You've gotta watch your back.	你得留神背后。		review
#str_302815	The Strogg have me trapped!	Strogg 把我困住了！		review
#str_302816	Those squibs got me pinned down over here!	那帮杂碎把我压在这儿动不了！		review
#str_302817	Help! Get these Strogg off my ass!	救命！把这帮 Strogg 从我屁股后头轰走！		review
#str_302818	I'll keep these freaks right here!	我把这帮怪胎钉死在这儿！		review
#str_302819	I've got 'em taken care of.	他们已经被我盯死了。		review
#str_302820	These squibs ain't going anywhere!	这些杂碎哪儿也别想去！		review
#str_302821	Marines, fire on my target!	陆战队员们，朝我的目标开火！		review
#str_302822	I need suppressing fire on these Strogg!	我需要火力压制这些 Strogg！		review
#str_302823	Help me keep these Strogg pinned down!	帮我把这些 Strogg 摁住！		review
#str_302824	Hey, thanks for risking your neck for me.	嘿，多谢你替我玩命。		review
#str_302825	Thanks, Corporal. You're a regular hero.	谢了，下士。你真是个正儿八经的英雄。	marine_6 @ ai	review
#str_302826	That Strogg woulda fragged me if it weren't for you.	要不是你，那 Strogg 早把我干掉了。	marine_6 @ ai	review
#str_302827	That Strogg didn't know what hit 'em!	那 Strogg 到死都不知道自己怎么死的！	marine_6 @ ai	review
#str_302828	Nice work!	干得漂亮！	marine_6 @ ai	review
#str_302829	You're quite a shot!	你这枪法真了得！	marine_6 @ ai	review
#str_302830	That Strogg's outta commission.	那 Strogg 彻底报废了。	marine_6 @ ai	review
#str_302831	That was sweet!	太漂亮了！	marine_6 @ ai	review
#str_302832	Great kill!	杀得漂亮！	marine_6 @ ai	review
#str_302833	Smoooth!	干净利落！	marine_6 @ ai	review
#str_302834	{furrow}Check your freakin' fire!	{furrow}你他妈看着点打！		review
#str_302835	{furrow}Damn it! Watch your target!	{furrow}该死！看清目标！		review
#str_302836	{furrow}Check your line of fire.	{furrow}看清你的射界。		review
#str_302837	{furrow}What in hell are you doin'?	{furrow}你到底在搞什么鬼？		review
#str_302838	{furrow}Don't aim at me damn it!	{furrow}别拿枪瞄我，该死的！		review
#str_302839	{furrow}Where'd you learn to shoot?	{furrow}你这枪法跟谁学的？		review
#str_302840	{furrow}Are you trying to kill me?	{furrow}你是想弄死我吗？		review
#str_302841	{furrow}Remember you're a Marine, not a Strogg.	{furrow}记住，你是陆战队员，不是 Strogg。		review
#str_302842	{furrow}Don't you dare turn Strogg on me!	{furrow}你敢在我面前变成 Strogg 试试！		review
#str_302843	{furrow}I'm watching you, Corporal!	{furrow}我盯着你呢，下士！		review
#str_302844	{furrow}Stand down! That was a marine!	{furrow}住手！那是个陆战队员！		review
#str_302845	{furrow}That was a human you iced!	{furrow}你干掉的可是个人类！		review
#str_302846	{furrow}You just killed a soldier!	{furrow}你刚打死了一个士兵！		review
#str_302847	{furrow}Did you finally join the Strogg, Corporal?	{furrow}你到底还是投靠 Strogg 了吗，下士？		review
#str_302848	{furrow}I'm startin' to think you're a Strogg, Corporal.	{furrow}我开始觉得你就是个 Strogg 了，下士。		review
#str_302849	{furrow}Is that Strogg AI kicking in, Corporal?	{furrow}是你那 Strogg AI 发作了吗，下士？		review
#str_302850	Let's see some lights.	都把灯亮起来。		review
#str_302851	You're blindin' me!	你晃得我睁不开眼了！		review
#str_302852	Stop that, damn it!	别照了，该死的！		review
#str_302853	Stay alert. We have hostiles ahead.	保持警惕。前方有敌人。		review
#str_302854	We got Strogg in the vicinity.	附近有 Strogg 出没。		review
#str_302855	Look to the back!	看后面！	marine_6 @ ai	review
#str_302856	There's Strogg are behind you!	你身后有 Strogg！	marine_6 @ ai	review
#str_302857	Hostiles on the left flank!	左翼有敌人！	marine_6 @ ai	review
#str_302858	Weapons to the left!	枪口朝左！	marine_6 @ ai	review
#str_302859	Hostiles on the right flank!	右翼有敌人！	marine_6 @ ai	review
#str_302860	Strogg are up above!	Strogg 在上面！	marine_6 @ ai	review
#str_302861	It's go time, freak!	开干了，怪胎！	marine_6 @ ai	review
#str_302862	I'm gonna bust you up!	我要把你拆成零件！	marine_6 @ ai	review
#str_302863	You're dead!	你死定了！	marine_6 @ ai	review
#str_302864	You want something?	想干嘛？	marine_6 @ ai	review
#str_302865	Back off!	退后！		review
#str_302866	Hi, Corporal... you okay?	嗨，下士……你还好吧？	marine_6 @ ai	review
#str_302867	You'd let us know if you were hearin' Strogg voices in your head, right?	要是你脑子里听到 Strogg 的声音，你会告诉我们的，对吧？		review
#str_302868	Are you turning into a Strogg?	你是要变成 Strogg 了吗？		review
#str_302869	Stay at your position! I'm a medic!	待在原地！我是医疗兵！	marine_6 @ ai	review
#str_302870	I've got a medpack for you!	我这有医疗包给你！	marine_6 @ ai	review
#str_302871	Don't move, Marine! I'll fix you up!	别动，陆战队员！我来治好你！	marine_6 @ ai	review
#str_302872	Corporal Kane, I have a medpack for you!	Kane 下士，我这有医疗包给你！	marine_6 @ ai	review
#str_302873	I'll heal you, Corporal Kane.	我来治你，Kane 下士。	marine_6 @ ai	review
#str_302874	Stay put, Kane. I'm on my way!	别动，Kane。我这就来！	marine_6 @ ai	review
#str_302875	Corporal Kane, remain there. I'll be there in a second.	Kane 下士，待在那儿。我马上就到。	marine_6 @ ai	review
#str_302876	You're lucky I got here when I did.	算你走运，我来得及时。	marine_6 @ ai	review
#str_302877	Just gimme a second.	给我几秒钟就好。	marine_6 @ ai	review
#str_302878	Hold still. You'll be back in the fight in a few seconds.	别动。几秒钟后你就能重回战斗。		review
#str_302879	This oughta help.	这个应该管用。	marine_6 @ ai	review
#str_302880	There. Back into the battle, Marine.	好了。回战场去吧，陆战队员。	marine_6 @ ai	review
#str_302881	There, good as new.	好了，跟新的一样。	marine_6 @ ai	review
#str_302882	Enough loungin' around, Marine. Back into the fight!	别歇着了，陆战队员。回去接着打！	marine_6 @ ai	review
#str_302883	Go on. Lead the way.	走吧。你来带路。		review
#str_302884	I'll accompany you for a while.	我陪你走一段。		review
#str_302885	Move out. I'll follow you.	出发吧。我跟着你。		review
#str_302886	Go on, I need to secure this point.	你先走，我得守住这个点。		review
#str_302887	I've been told to hook up with another squad. You're on your own now.	上头让我去跟另一支小队会合。接下来你得靠自己了。		review
#str_302888	I have to stop at this position. You go on.	我得留在这个位置。你继续。		review
#str_302889	{furrow}I'm a little busy right now.	{furrow}我现在有点忙。		review
#str_302890	{furrow}Hey, I said I 'm busy, all right?	{furrow}嘿，我说了我很忙，行不行？		review
#str_302891	{furrow}What is it with you? Move along.	{furrow}你什么毛病？一边儿去。		review
#str_302892	{furrow}Soldier, you tryin' to annoy me?	{furrow}大兵，你是成心烦我吗？		review
#str_302893	I've gotta find cover!	我得找掩护！		review
#str_302894	Marines, take cover immediately!	陆战队员们，立刻找掩护！		review
#str_302895	Keep low and keep movin'.	放低身子，别停下。		review
#str_302896	I'm going in!	我上了！		review
#str_302897	I'm gonna go forward!	我要往前推了！		review
#str_302898	Everyone advance! Move it move it!	全体前进！快快快！		review
#str_302899	Marines, overrun their position!	陆战队员们，踏平他们的阵地！		review
#str_302900	Attack!	进攻！		review
#str_302901	I'm gonna fall back!	我要后撤了！		review
#str_302902	I need to withdraw and reload!	我得撤下去装弹！		review
#str_302903	Everyone retreat!	全体撤退！		review
#str_302904	We gotta withdraw!	我们必须撤！		review
#str_302905	Squad, retreat to fallback positions!	小队，撤到预备阵地！		review
#str_302906	Look out! Sniper!	当心！狙击手！		review
#str_302907	Keep down! Sniper!	趴低点！狙击手！		review
#str_302908	We've got a Marine down!	有陆战队员倒下了！	marine_7 @ ai	review
#str_302909	They got a Marine!	他们干掉了一个陆战队员！	marine_7 @ ai	review
#str_302910	That was all mine!	这个全算我的！	marine_7 @ ai	review
#str_302911	Scratch one freak!	报销一个怪胎！	marine_7 @ ai	review
#str_302912	Gotcha!	逮到你了！	marine_7 @ ai	review
#str_302913	Yesss!	爽——！	marine_7 @ ai	review
#str_302914	This is gettin' fun!	越打越有意思了！	marine_7 @ ai	review
#str_302915	Squib's down!	杂碎倒了！	marine_7 @ ai	review
#str_302916	Ha! That was easy!	哈！太轻松了！	marine_7 @ ai	review
#str_302917	I just fragged a Strogg behind you.	我刚干掉了你背后的一个 Strogg。		review
#str_302918	You should watch your six better, marine.	你的六点钟方向得多留点神，陆战队员。		review
#str_302919	Watch your back.	当心背后。		review
#str_302920	Help! I'm pinned down!	救命！我被压制住了！		review
#str_302921	I can't move with all that squib fire!	杂碎火力太猛，我动不了！		review
#str_302922	The Strogg got me trapped here!	Strogg 把我困在这儿了！		review
#str_302923	These freaks ain't movin'!	这些怪胎休想动一步！		review
#str_302924	I'll keep 'em pinned down.	我来把他们摁住。		review
#str_302925	They ain't movin' a step if I can help it!	有我在，他们一步都别想挪！		review
#str_302926	Give me suppressing fire on these Strogg!	给我火力压制这些 Strogg！		review
#str_302927	Let's keep those squibs pinned down!	把那些杂碎压得抬不起头来！		review
#str_302928	I want suppressing fire now!	立刻给我火力压制！		review
#str_302929	Thanks, Corporal. That was a close one.	谢了，下士。刚才真悬。	marine_7 @ ai	review
#str_302930	Damn, that Strogg had me dead in his sights.	好家伙，那 Strogg 的准星都咬死我了。	marine_7 @ ai	review
#str_302931	Guess I owe you one. Thanks.	看来我欠你个人情。谢了。	marine_7 @ ai	review
#str_302932	Damn, that was sweet!	好家伙，太漂亮了！	marine_7 @ ai	review
#str_302933	All right!	好样的！	marine_7 @ ai	review
#str_302934	That Strogg was yours!	那个 Strogg 算你的战果！	marine_7 @ ai	review
#str_302935	Couldn't a done better myself!	换我上也打不了这么漂亮！	marine_7 @ ai	review
#str_302936	That was freakin' amazing!	简直神了！	marine_7 @ ai	review
#str_302937	Ooo, nice!	哦，漂亮！	marine_7 @ ai	review
#str_302938	You're deadly, Marine!	你真是个狠角色，陆战队员！	marine_7 @ ai	review
#str_302939	{furrow}Hey! Check your line of fire!	{furrow}嘿！看清你的射界！		review
#str_302940	{furrow}Watch your targets!	{furrow}看清目标！		review
#str_302941	{furrow}Do I look like a Strogg to you?	{furrow}你看我长得像 Strogg 吗？		review
#str_302942	{furrow}Whose side are you on?	{furrow}你到底是哪边的？		review
#str_302943	{furrow}Point that gun away from me!	{furrow}把枪口从我身上挪开！		review
#str_302944	{furrow}Corporal, you better not be thinkin' about goin' Strogg!	{furrow}下士，你最好别动投靠 Strogg 的念头！		review
#str_302945	{furrow}Stay with us Corporal. Don't become a Strogg.	{furrow}挺住，下士。别变成 Strogg。		review
#str_302946	{furrow}Is your Strogg AI turning on?	{furrow}你那 Strogg AI 是不是启动了？		review
#str_302947	{furrow}Shit! You iced a Marine!	{furrow}妈的！你干掉了一个陆战队员！		review
#str_302948	{furrow}Stop shootin' guys on our side!	{furrow}别再朝自己人开枪了！		review
#str_302949	{furrow}Dammit! You killed a Marine!	{furrow}该死！你打死了一个陆战队员！		review
#str_302950	{furrow}Corporal you killed a Marine! Are you becoming a Strogg?	{furrow}下士，你打死了一个陆战队员！你是要变成 Strogg 了吗？		review
#str_302951	{furrow}You're firing on teammates! Do the Strogg control you?	{furrow}你在朝队友开火！是 Strogg 控制了你吗？		review
#str_302952	{furrow}Are you a Strogg spy, Corporal?	{furrow}你是 Strogg 的奸细吗，下士？		review
#str_302953	Let's get some light.	来点亮光。		review
#str_302954	Activate your lights.	打开照明灯。		review
#str_302955	Hey, watch the lights!	嘿，注意你的灯！		review
#str_302956	Get that freakin' light out of my eyes!	把那该死的灯从我眼前挪开！		review
#str_302957	Careful. Enemy's just ahead.	小心。敌人就在前头。		review
#str_302958	There's Strogg up ahead.	前方有 Strogg。		review
#str_302959	There's Strogg in back!	后面有 Strogg！	marine_7 @ ai	review
#str_302960	There's freaks behind you!	你背后有怪胎！	marine_7 @ ai	review
#str_302961	Aim left!	瞄准左边！	marine_7 @ ai	review
#str_302962	Squibs to the right	右边有杂碎	bidwell @ ai	review
#str_302963	C'mon squib.	来啊，杂碎。	marine_7 @ ai	review
#str_302964	Target sighted!	发现目标！	marine_7 @ ai	review
#str_302965	Bring it, Strogg!	放马过来，Strogg！	marine_7 @ ai	review
#str_302966	This one's mine!	这个归我！	marine_7 @ ai	review
#str_302967	You're dead meat, freak!	你死定了，怪胎！	marine_7 @ ai	review
#str_302968	I got this one!	这个我来搞定！	marine_7 @ ai	review
#str_302969	Why don't you take a step back?	你还是退后一步吧？	building_b @ building_b	review
#str_302970	You got a problem? Back it up.	有意见吗？退后。		review
#str_302971	I said back it up!	我说了，退后！		review
#str_302972	You look just like a Strogg.	你看上去跟 Strogg 一模一样。		review
#str_302973	From a distance, it'd be impossible to tell you from the real thing.	隔远点看，根本分不出你和真家伙有什么两样。		review
#str_302974	You ever afraid someone's gonna mistake you for a bad guy?	你就不怕哪天有人把你错当成敌人吗？		review
#str_302975	Crap!	见鬼！	marine_7 @ ai	review
#str_302976	Stay put, Soldier! I'll patch you up.	别动，大兵！我来给你包扎。	marine_7 @ ai	review
#str_302977	Don't move. I'm on my way!	别动。我这就来！	marine_7 @ ai	review
#str_302978	Hold up. I've got medpacks!	停一下。我有医疗包！	marine_7 @ ai	review
#str_302979	Corporal Kane, hold up! I'm a medic!	Kane 下士，停一下！我是医疗兵！	marine_7 @ ai	review
#str_302980	Stay at your position, Kane. I'll heal you!	待在原地，Kane。我来治你！	marine_4 @ ai	review
#str_302981	Stay there, Corporal Kane. I'll have you fixed up in no time!	待在那儿，Kane 下士。我马上就能把你治好！	marine_7 @ ai	review
#str_302982	Stop movin' around, would ya?	别来回乱动了，行不？	marine_7 @ ai	review
#str_302983	Now for a little medpack magic.	下面轮到医疗包大显神通了。	marine_7 @ ai	review
#str_302984	Here you go.	来，好了。	marine_7 @ ai	review
#str_302985	Now just hold still a minute.	现在稳住，别动一会儿。	marine_7 @ ai	review
#str_302986	That's it. Time to kill more Strogg Marine.	好了。该去多杀几个 Strogg 了，陆战队员。	marine_7 @ ai	review
#str_302987	You're finished. Move out soldier.	治好了。出发吧，大兵。	marine_7 @ ai	review
#str_302988	You're healed. Back at it, Marine.	治好了。接着干吧，陆战队员。	marine_7 @ ai	review
#str_302989	That should do it.	这样应该就行了。	marine_7 @ ai	review
#str_302990	I've got orders to hook up with you. Let's go.	我奉命跟你会合。走吧。	marine_8 @ ai	review
#str_302991	I'll back you up. Lead on.	我给你压阵。带路吧。	marine_8 @ ai	review
#str_302992	Go ahead. I'll follow you.	你先走。我跟着你。	marine_8 @ ai	review
#str_302993	This is where I stop. Good luck to you.	我就送到这儿了。祝你好运。		review
#str_302994	You're on your own. I haveta stay at this position.	你得靠自己了。我必须守在这个位置。		review
#str_302995	I'm staying here. I'll see you around.	我留在这儿。回头见。		review
#str_302996	{furrow}I've got no time for talkin'.	{furrow}我没工夫闲聊。		review
#str_302997	{furrow}Don't you have something else to do?	{furrow}你就没别的事可干了吗？		review
#str_302998	{furrow}Get away from me.	{furrow}离我远点。		review
#str_302999	{furrow}Stop buggin' me, Soldier.	{furrow}别烦我了，大兵。		review
#str_303000	I need cover!	我需要掩护！		review
#str_303001	I've gotta get out of the line of fire.	我得离开火线。		review
#str_303002	I have to find some cover.	我得找个掩体。		review
#str_303003	Get behind somethin'!	找东西躲起来！		review
#str_303004	Squad, get out of the open!	小队，快离开空地！		review
#str_303005	I'll advance!	我来推进！		review
#str_303006	I'm gonna move forward!	我要往前上了！		review
#str_303007	Let's press forward!	咱们往前压！		review
#str_303008	Move out and advance!	出发，前进！		review
#str_303009	I gotta retreat!	我得撤了！		review
#str_303010	I have to fall back and reload!	我得后撤装弹！		review
#str_303011	Retreat and regroup!	撤退，重新集结！		review
#str_303012	Everyone, fall back!	所有人，后撤！		review
#str_303013	Watch out! Sniper!	小心！狙击手！		review
#str_303014	We got a Marine down!	有陆战队员倒下了！	marine_8 @ ai	review
#str_303015	Dammit! They fragged another Marine!	该死！他们又干掉了一个弟兄！	marine_8 @ ai	review
#str_303016	We got a casualty!	我们有人伤亡！	marine_8 @ ai	review
#str_303017	There's a Marine down!	有队员倒下了！	marine_8 @ ai	review
#str_303018	That Squib is out of commission.	那杂碎报废了。	marine_8 @ ai	review
#str_303019	Feel the burn!	尝尝灼烧的滋味！	marine_8 @ ai	review
#str_303020	Target destroyed!	目标已消灭！	marine_8 @ ai	review
#str_303021	Enjoy hell, freak.	地狱里好好待着吧，怪胎。	marine_8 @ ai	review
#str_303022	Fear me, Strogg!	怕了吧，Strogg！	marine_8 @ ai	review
#str_303023	One less freak in this world.	世上又少了个怪胎。	marine_8 @ ai	review
#str_303024	Ha, ha, haaaa!	哈哈，哈——！	marine_1 @ ai	review
#str_303025	I just fragged the Strogg in back of ya.	你背后那只 Strogg，我刚替你干掉了。		review
#str_303026	There was a squib at your back, but I iced him.	你背后刚才有只杂碎，被我做掉了。		review
#str_303027	You gotta watch your back more.	你得多留神背后。		review
#str_303028	Help! I'm pinned down over here!	救命！我被压制在这儿了！		review
#str_303029	I'm trapped!	我被困住了！		review
#str_303030	The freaks have me pinned down!	那帮怪胎把我压得抬不起头！		review
#str_303031	Got 'em right where I want 'em!	他们正好撞我枪口上了！		review
#str_303032	I've got these Strogg pinned down.	这几只 Strogg 被我压制住了。		review
#str_303033	The Strogg ain't movin' from that spot!	那些 Strogg 别想挪窝！		review
#str_303034	Suppressing fire!	火力压制！		review
#str_303035	I need suppressing fire on my target!	朝我的目标火力压制！		review
#str_303036	Concentrate your fire on my target!	集中火力打我的目标！		review
#str_303037	Whew, I almost bought it that time.	呼，刚才差点交代了。	marine_8 @ ai	review
#str_303038	Hey, thanks for the assist.	嘿，多谢搭把手。	marine_8 @ ai	review
#str_303039	I thought I was dead. Thanks.	我以为自己死定了。谢了。	marine_8 @ ai	review
#str_303040	That was pretty damn nice!	干得真他妈漂亮！	marine_8 @ ai	review
#str_303041	Not bad.	不赖。	marine_5 @ ai	review
#str_303042	You sure showed that Strogg!	你可给那 Strogg 好好上了一课！	marine_8 @ ai	review
#str_303043	Hey, that was sweet!	嘿，这下真带劲！	marine_8 @ ai	review
#str_303044	You got 'em, Marine!	干掉他了，好样的！	marine_8 @ ai	review
#str_303045	Great shot!	好枪法！	marine_8 @ ai	review
#str_303046	Nice one, Soldier!	漂亮，士兵！	marine_8 @ ai	review
#str_303047	{furrow}Watch your damn line of fire!	{furrow}看好你他妈的射界！		review
#str_303048	{furrow}Hey! I'm not your target!	{furrow}嘿！我不是你的目标！		review
#str_303049	{furrow}What the hell are you doin'?	{furrow}你到底在干什么？		review
#str_303050	{furrow}Stop shooting me!	{furrow}别朝我开枪！		review
#str_303051	{furrow}Why the hell are you shootin' at me?	{furrow}你他妈为什么朝我开枪？		review
#str_303052	{furrow}Careful! I'm in your line of fire!	{furrow}小心！我在你的火线上！		review
#str_303053	{furrow}Hey! Watch your targets!	{furrow}嘿！看清目标！		review
#str_303054	{furrow}You shot at me by mistake, right?	{furrow}你是不小心打到我的，对吧？		review
#str_303055	{furrow}Corporal, are you under Strogg influence?	{furrow}下士，你是不是被 Strogg 影响了？		review
#str_303056	{furrow}Are you becoming an active Strogg?	{furrow}你是不是快变成真正的 Strogg 了？		review
#str_303057	{furrow}Dammit! You iced a soldier!	{furrow}该死！你干掉了一名士兵！		review
#str_303058	{furrow}Shoot the Strogg, not our guys!	{furrow}打 Strogg，别打自己人！		review
#str_303059	{furrow}You just fragged a Marine!	{furrow}你刚干掉了一个陆战队员！		review
#str_303060	{furrow}You killed a Marine! Are you a Strogg?	{furrow}你杀了陆战队员！你是 Strogg 吗？		review
#str_303061	{furrow}Have you lost your humanity, Corporal?	{furrow}下士，你的人性丢光了吗？		review
#str_303062	{furrow}Did you shoot that Marine on purpose?	{furrow}你是故意射杀那个队员的吗？		review
#str_303063	Dammit! Get that outta my eyes.	该死！别拿那玩意晃我的眼。		review
#str_303064	You're blindin' me.	你晃得我睁不开眼了。		review
#str_303065	There's hostiles nearby.	附近有敌人。		review
#str_303066	The Strogg are just ahead.	Strogg 就在前面。		review
#str_303067	The Strogg are in back!	Strogg 在后面！	marine_8 @ ai	review
#str_303068	You got company behind you!	小心，你背后有敌人！	marine_8 @ ai	review
#str_303069	They're on the left flank!	他们在左翼！	marine_8 @ ai	review
#str_303070	We got Strogg to the left!	左边有 Strogg！	marine_8 @ ai	review
#str_303071	Look to right!	看右边！	marine_8 @ ai	review
#str_303072	Strogg to the right side!	右边有 Strogg！		review
#str_303073	Strogg up high!	上面有 Strogg！	marine_8 @ ai	review
#str_303074	Look up there!	看上面！	marine_8 @ ai	review
#str_303075	Freak's above us!	怪胎在我们头顶！	marine_8 @ ai	review
#str_303076	It's game time, freak!	好戏开场了，怪胎！	marine_8 @ ai	review
#str_303077	This freak's mine!	这只怪胎归我！	marine_8 @ ai	review
#str_303078	Got a Strogg in my sights!	一只 Strogg 进我准星了！	marine_8 @ ai	review
#str_303079	Die, squib!	去死吧，杂碎！	marine_8 @ ai	review
#str_303080	Stand back, this one's mine!	都让开，这只是我的！	marine_8 @ ai	review
#str_303081	Back it up, Soldier.	退后点，士兵。		review
#str_303082	You ever heard of the term Personal Space?	听说过“个人空间”这词儿吗？		review
#str_303083	Move back before you fall back.	自己退后，别等我把你撂倒。		review
#str_303084	Your special status isn't fooling anyone.	你那“特殊身份”骗不了任何人。		review
#str_303085	We're all watching. And waitin' for you to slip up.	我们都盯着呢，就等你露马脚。		review
#str_303086	And when you do slip up, we're gonna come down on you like a ton of lead.	等你一露馅，我们会像千斤铅锤一样砸到你头上。		review
#str_303087	I'm on my way, Marine!	我这就过来，坚持住！	marine_8 @ ai	review
#str_303088	Remain there. I'll fix you up!	待在原地，我来给你处理！	marine_8 @ ai	review
#str_303089	Corporal Kane, remain there! I'll heal you!	Kane 下士，待在原地！我来治疗你！	marine_8 @ ai	review
#str_303090	Wait there, Kane. I'm a medic!	在那儿等着，Kane。我是医疗兵！	marine_8 @ ai	review
#str_303091	Don't move Corporal Kane. I've got a medpack for you!	别动，Kane 下士，我这儿有医疗包！	marine_8 @ ai	review
#str_303092	I'm on my way, Corporal Kane!	我这就过来，Kane 下士！	marine_8 @ ai	review
#str_303093	Here ya go.	好了，给你。	marine_8 @ ai	review
#str_303094	You've gotta stay out of the line of fire, Marine.	你得离火线远点，士兵。	marine_8 @ ai	review
#str_303095	Okay, now don't move.	好，现在别动。	marine_8 @ ai	review
#str_303096	Okay, I'm done. Go frag some squibs.	好了，处理完了。去多宰几只杂碎吧。	marine_8 @ ai	review
#str_303097	That's it. See you around.	搞定。回头见。	marine_8 @ ai	review
#str_303098	I'm done, Marine. Remember to keep low.	好了，士兵。记得放低身子。	marine_8 @ ai	review
#str_303099	That's as much as I can do. Watch yourself, Marine.	我只能帮你到这儿了。自己当心，士兵。	marine_8 @ ai	review
#str_303100	I'm goin' with you, Kane.	我跟你一起走，Kane。		review
#str_303101	You just found yourself a travelin' buddy. Let's move.	你现在多了个同行的伙计。走吧。		review
#str_303102	Lucky for you, I'm taggin' along.	算你走运，我跟你一道。		review
#str_303103	Keep on goin', Kane. I'm holdin' up here.	你继续走，Kane。我就守在这儿。		review
#str_303104	It was fun, but I'm stopping here. You go on without me.	一路挺痛快，但我到这儿就止步了。你自己继续吧。		review
#str_303105	{furrow}Why don't we chat later?	{furrow}有话回头再聊行吗？		review
#str_303106	{furrow}Yeah, yeah, very nice. Move along.	{furrow}行行行，挺好。该干嘛干嘛去。		review
#str_303107	{furrow}You're tryin' my patience, Kane.	{furrow}你在磨我的耐性，Kane。		review
#str_303108	{furrow}You sure you wanna keep doin' this?	{furrow}你确定还要这么闹下去？		review
#str_303109	This is insane. I'm findin' cover!	这也太疯狂了，我得找掩护！		review
#str_303110	I need to get behind something.	我得找个东西躲躲。		review
#str_303111	This is no time to be in the open.	这时候可不能傻站在空地上。		review
#str_303112	Everyone get your ass down!	都他妈趴下！		review
#str_303113	Get yourself some cover!	都找掩护去！		review
#str_303114	Let's go! I'm advancing!	上啊！我要推进了！		review
#str_303115	Don't know about you but I'm movin' up!	不管你们怎样，反正我先上了！		review
#str_303116	Push forward!	往前压！		review
#str_303117	Squad, advance!	小队，前进！		review
#str_303118	C'mon, advance. Go go go!	快，往前推。上上上！		review
#str_303119	I gotta withdraw for now.	我得先撤一步。		review
#str_303120	I gotta fall back!	我得后撤！		review
#str_303121	We have to retreat now!	我们现在必须撤退！		review
#str_303122	Let's go! Withdraw!	快走！撤！		review
#str_303123	Squad! We got a sniper!	小队！有狙击手！		review
#str_303124	Sniper! Sniper!	狙击手！狙击手！		review
#str_303125	Look out! There's a sniper around here!	当心！这附近有狙击手！		review
#str_303126	A soldier's down!	有士兵倒下了！	morris @ ai	review
#str_303127	Shit! The Strogg got one of us.	妈的！Strogg 干掉了我们一个。	morris @ ai	review
#str_303128	I think I got a piece of you on my boot!	我靴子上好像还沾着你一块肉呢！	morris @ ai	review
#str_303129	Look at you, all messy and dead!	瞧瞧你这德行，稀巴烂还死翘翘！	morris @ ai	review
#str_303130	Damn, you were lame.	妈的，你可真菜。	morris @ ai	review
#str_303131	Yeeeeeah!	爽——！	morris @ ai	review
#str_303132	You are one sorry ass Strogg.	你可真是只可悲的 Strogg。	morris @ ai	review
#str_303133	Now that's what I call fun.	这才叫过瘾。	morris @ ai	review
#str_303134	You know a Strogg almost fragged your ass?	知道吗，刚才差点有只 Strogg 送你上西天？		review
#str_303135	Kane, you can thank me for savin' your life later.	Kane，救命之恩，回头再谢也不迟。		review
#str_303136	Don't expect me to save you all the time.	别指望我每回都救你。		review
#str_303137	I can't get out of here!	我出不去了！		review
#str_303138	Crap! I'm stuck here!	靠！我被堵在这儿了！		review
#str_303139	They aren't lettin' me up!	他们压得我抬不起头！		review
#str_303140	You freaks ain't goin' nowhere!	你们这帮怪胎哪儿也别想去！		review
#str_303141	Ha! Those squibs are stayin' put!	哈！那些杂碎被钉死在原地了！		review
#str_303142	Keep it right there!	都给我待在那儿！		review
#str_303143	Squad, don't let these bastards up!	小队，别让这帮混蛋抬头！		review
#str_303144	Direct your fire at my target.	朝我的目标开火。		review
#str_303145	Use suppressing fire on these Strogg!	对这些 Strogg 火力压制！		review
#str_303146	Damn, that was too close. You saved my life.	妈的，刚才太悬了。你救了我一命。	morris @ ai	review
#str_303147	I was a little sloppy there. Thanks for the assist, Kane.	刚才我有点大意了。多谢帮忙，Kane。	morris @ ai	review
#str_303148	Shit. So now do I gotta save your life?	妈的，这下轮到我欠你一条命了？	morris @ ai	review
#str_303149	Yeah! That's the way to do it!	好！就该这么干！	morris @ ai	review
#str_303150	Hey Kane, are you keepin' score?	嘿 Kane，你在记战绩吗？	morris @ ai	review
#str_303151	Ha, ha, ha! You sure dusted his ass!	哈哈哈！你可把他轰成渣了！	morris @ ai	review
#str_303152	Kane, you've got some potential.	Kane，你小子有点潜力。	morris @ ai	review
#str_303153	You're almost as deadly as me!	你快跟我一样致命了！	morris @ ai	review
#str_303154	{furrow}Kane, check your targets, damn it!	{furrow}Kane，看清目标，该死的！		review
#str_303155	{furrow}Don't be mistakin' me for a Strogg!	{furrow}别把我当成 Strogg！		review
#str_303156	{furrow}Watch where you're pointin' that weapon!	{furrow}看清你的枪口冲着哪儿！		review
#str_303157	{furrow}Who the hell are you shootin' at?	{furrow}你他妈到底在朝谁开枪？		review
#str_303158	{furrow}Crap! You tryin' to frag me?	{furrow}靠！你想干掉我吗？		review
#str_303159	{furrow}Kane, now's not the time to be turnin' Strogg.	{furrow}Kane，现在可不是变成 Strogg 的时候。		review
#str_303160	{furrow}You sure you're still a Marine?	{furrow}你确定自己还是个陆战队员？		review
#str_303161	{furrow}If I didn't know better I'd think you were a Strogg.	{furrow}要不是了解你，我真以为你是 Strogg 了。		review
#str_303162	{furrow}What in hell are you thinkin'? You fragged a Marine!	{furrow}你到底在想什么？你干掉了一个陆战队员！		review
#str_303163	{furrow}Watch who you're killin'!	{furrow}看清楚你杀的是谁！		review
#str_303164	{furrow}Kane, you just iced one of us!	{furrow}Kane，你刚做掉了我们自己人！		review
#str_303165	{furrow}Did you mean to kill that soldier?	{furrow}你是故意杀那个士兵的吗？		review
#str_303166	{furrow}You fragged a Marine! Have the Strogg finally got to you?	{furrow}你干掉了一个陆战队员！Strogg 终于把你腐蚀了吗？		review
#str_303167	{furrow}Tell me you iced that Marine by mistake.	{furrow}告诉我，你是失手打死那队员的。		review
#str_303168	Gimme some light.	来点光。		review
#str_303169	Watch where you're pointin' that light!	看着点，你那灯往哪儿照呢！		review
#str_303170	Dammit, that hurts!	该死，疼死了！		review
#str_303171	We got squibs up ahead.	前面有杂碎。		review
#str_303172	Keep on your toes. I just spotted a Strogg.	都精神点，我刚发现一只 Strogg。		review
#str_303173	Hey! Behind you!	嘿！你身后！	morris @ ai	review
#str_303174	Strogg to the back!	后面有 Strogg！	morris @ ai	review
#str_303175	We got freaks to the left!	左边有怪胎！	morris @ ai	review
#str_303176	Look left! Look left!!	看左边！看左边！！	morris @ ai	review
#str_303177	On the right side!	在右边！	morris @ ai	review
#str_303178	The squibs are overhead!	杂碎在头顶上！	morris @ ai	review
#str_303179	You ain't gonna like this, squib.	你不会喜欢接下来这出的，杂碎。	morris @ ai	review
#str_303180	Show me what you got, freak!	有什么本事使出来，怪胎！	morris @ ai	review
#str_303181	Come on! It's go time!	来吧！开干！	morris @ ai	review
#str_303182	You picked the wrong Marine to screw with.	你惹错陆战队员了。	morris @ ai	review
#str_303183	Back up a step or two!	退后一两步！		review
#str_303184	Give me some room.	给我腾点地方。		review
#str_303185	That's some nice lookin' Strogg gear you got.	你这身 Strogg 行头还挺帅啊。		review
#str_303186	I bet the doctors'll be able to get you back to normal in no time.	我打赌军医很快就能把你修回原样。		review
#str_303187	All those Strogg implants must itch like hell.	那一身 Strogg 植入体肯定痒得要命吧。		review
#str_303188	I'm headin' out with you. You're on point.	我跟你一起行动，你打头阵。		review
#str_303189	I'm goin' too, partner. Let's move.	我也去，搭档。走吧。		review
#str_303190	Kane, we're travlin' together. You lead, I'll follow.	Kane，咱们同行。你带路，我跟着。		review
#str_303191	Sorry, Kane but I'm stopping here.	抱歉，Kane，我到这儿就不走了。		review
#str_303192	Go on without me. I'm stayin' put.	你自己走吧，我就待在这儿。		review
#str_303193	Later, partner. I gotta stop here.	回见，搭档。我得留在这儿了。		review
#str_303194	{furrow}I'm a little tied up right now.	{furrow}我这会儿有点脱不开身。		review
#str_303195	{furrow}Why don't you go bother someone else?	{furrow}你去烦别人行不行？		review
#str_303196	{furrow}Don't be tryin' to piss me off, Kane.	{furrow}别来惹毛我，Kane。		review
#str_303197	{furrow}You're about to get the business end of the bull.	{furrow}再闹下去，就让你尝尝犀牛角的厉害。		review
#str_303198	It's too hot out here! I'm takin' cover!	外面火力太猛了！我先找掩护！		review
#str_303199	I'm gettin' behind something solid.	我去找个结实的东西挡着。		review
#str_303200	Time to push forward.	该往前推了。		review
#str_303201	Hey! I'm movin' ahead!	嘿！我要往前上了！		review
#str_303202	Everyone, attack!	所有人，进攻！		review
#str_303203	Let's haul ass forward!	都给我往前冲！		review
#str_303204	I have to fall back.	我得后撤。		review
#str_303205	I've gotta retreat for now!	我得先撤了！		review
#str_303206	'I'll be right back.	我去去就回。		review
#str_303207	Everyone, retreat immediately!	所有人，立刻撤退！		review
#str_303208	Let's fall back!	我们后撤！		review
#str_303209	The Strogg are too strong! Withdraw!	Strogg 太强了！撤！		review
#str_303210	Shit, fire! We got a sniper!	妈的！有狙击手！		review
#str_303211	Watch your ass, there's a sniper!	都当心点，有狙击手！		review
#str_303212	Keep outta sight! We got a sniper!	别露头！有狙击手！		review
#str_303213	They got one of us!	我们有人中招了！	rhodes @ ai	review
#str_303214	There's a man down here!	这边有人倒下了！	rhodes @ ai	review
#str_303215	Ha! You ain't so big and tough now!	哈！现在牛不起来了吧！	rhodes @ ai	review
#str_303216	Shit, you're kinda dead.	妈的，你这算是死透了。	rhodes @ ai	review
#str_303217	Not so scary now, are ya, freak?	现在不吓人了吧，怪胎？	rhodes @ ai	review
#str_303218	Oooooorah!	呜——啦——！	rhodes @ ai	review
#str_303219	Wanna get up and try again?	想爬起来再试一次吗？	rhodes @ ai	review
#str_303220	Hope you enjoy hell, squib.	祝你在地狱玩得开心，杂碎。	rhodes @ ai	review
#str_303221	A Strogg had you in his sights, but I took care of him.	有只 Strogg 拿枪瞄着你呢，被我解决了。		review
#str_303222	Buddy, I just saved your life, but think nothin' of it.	伙计，我刚救了你一命——小事，别放心上。		review
#str_303223	Watch your back. Cause I'm not always gonna be here to protect ya.	看好自己背后。我可不会一直在旁边护着你。		review
#str_303224	Shit! These bastards won't let me up!	妈的！这帮混蛋压得我抬不起头！		review
#str_303225	This oughta hold 'em down!	这下够压住他们了！		review
#str_303226	Stay right where you are, freaks!	都给我待在原地，怪胎们！		review
#str_303227	I'm not lettin' 'em up!	我不会让他们抬头的！		review
#str_303228	Give me suppressing fire on these squibs!	朝这些杂碎火力压制！		review
#str_303229	Don't let up on these Strogg!	别给这些 Strogg 喘气的机会！		review
#str_303230	Team! Fire on my target!	全队！朝我的目标开火！		review
#str_303231	Thanks, partner. I owe you one.	谢了，搭档。算我欠你一个人情。	rhodes @ ai	review
#str_303232	Thanks for the help.	多谢帮忙。		review
#str_303233	Damn, Kane. You just saved my life.	好家伙，Kane，你刚救了我一命。	rhodes @ ai	review
#str_303234	Ha! Give 'em hell!	哈！狠狠收拾他们！	rhodes @ ai	review
#str_303235	Ooo, that was sweet!	哦，这下真漂亮！	rhodes @ ai	review
#str_303236	You're pretty handy with that weapon, Kane!	你这枪使得真顺手啊，Kane！	rhodes @ ai	review
#str_303237	Damn, you're good!	妈呀，你真有两下子！	rhodes @ ai	review
#str_303238	That's it! Show no mercy!	就这样！别留情！	rhodes @ ai	review
#str_303239	{furrow}Where the hell are you aimin'?	{furrow}你到底在瞄哪儿呢？		review
#str_303240	{furrow}Stop shootin' at me!	{furrow}别朝我开枪！		review
#str_303241	{furrow}Watch your target!	{furrow}看清目标！		review
#str_303242	{furrow}Hey! I'm on your side.	{furrow}嘿！我是自己人。		review
#str_303243	{furrow}Kane, you better not be thinkin' about goin' Strogg!	{furrow}Kane，你最好别动变成 Strogg 的念头！		review
#str_303244	{furrow}Stay with us, Kane. Don't become a Strogg.	{furrow}挺住，Kane，别变成 Strogg。		review
#str_303245	{furrow}Is some of that Strogg AI kickin' in?	{furrow}是不是你体内那套 Strogg 程序开始作怪了？		review
#str_303246	{furrow}Kane, you just killed one of our own.	{furrow}Kane，你刚杀了我们自己人。		review
#str_303247	{furrow}What do you think you're doin'?	{furrow}你以为你在干什么？		review
#str_303248	{furrow}Watch the friendly fire, Kane.	{furrow}当心误伤自己人，Kane。		review
#str_303249	{furrow}Have the Strogg taken you over? You just iced a Marine!	{furrow}你被 Strogg 控制了吗？你刚做掉了一个陆战队员！		review
#str_303250	{furrow}You killed a soldier! Are those Strogg circuits kickin' in?	{furrow}你杀了一名士兵！是你那身 Strogg 电路开始运转了吗？		review
#str_303251	{furrow}Dammit, Kane! Now's no time to become a Strogg!	{furrow}该死，Kane！现在可不是变 Strogg 的时候！		review
#str_303252	This situation needs some light.	这情况得来点光。		review
#str_303253	It's a little too dark in here.	这里面有点太黑了。		review
#str_303254	What are you tryin' to do? Blind me?	你想干嘛？闪瞎我吗？		review
#str_303255	Get your damn light outta my face.	把你那破灯从我脸上挪开。		review
#str_303256	The enemy's close.	敌人很近了。		review
#str_303257	Keep your eyes wide, they're nearby.	眼睛睁大点，他们就在附近。		review
#str_303258	Hostiles in the back!	后方有敌人！	rhodes @ ai	review
#str_303259	They're flankin' left!	他们在从左翼包抄！	rhodes @ ai	review
#str_303260	Squibs to the left!	左边有杂碎！	rhodes @ ai	review
#str_303261	Hostiles to the right!	右边有敌人！	rhodes @ ai	review
#str_303262	Look right! Look right!!	看右边！看右边！！	rhodes @ ai	review
#str_303263	Movement up above!	上面有动静！	rhodes @ ai	review
#str_303264	Let's see what you're made of, freak!	让我看看你有几斤几两，怪胎！	rhodes @ ai	review
#str_303265	I'm gonna paint the floors with you!	我要用你的血把地板刷一遍！	rhodes @ ai	review
#str_303266	You picked the wrong bull to tangle with.	想顶牛？你惹错犀牛了。	rhodes @ ai	review
#str_303267	This one's all mine!	这只全归我！	rhodes @ ai	review
#str_303268	What's up, Kane?	怎么了，Kane？	rhodes @ ai	review
#str_303269	You're a little too close for comfort, partner.	你凑得有点太近了，搭档。	rhodes @ ai	review
#str_303270	Back it up, right now.	退后，马上。		review
#str_303271	Maybe all those Strogg modifications made you forget about common courtesy.	也许那一身 Strogg 改造让你把基本礼貌都忘光了。		review
#str_303272	I don't care how valuable you are to HQ, you're in my space.	我不管你对指挥部多金贵，你挤到我的地盘了。		review
#str_303273	Don't Strogg need a little breathin' room? Cause humans do.	Strogg 就不需要点喘气的空间吗？反正人类需要。		review
#str_303274	Kane, we will be traveling together.	Kane，我们要结伴同行。		review
#str_303275	I am to accompany you. Let us go.	我奉命随你同行。我们走。		review
#str_303276	Lead the way and I will follow, Kane.	你带路，我跟上，Kane。		review
#str_303277	Now I must stop, Kane. But you are to continue without me.	我得在这里停下了，Kane。你要继续前进，别管我。		review
#str_303278	You must keep going, but I have to stop here.	你必须继续走，我得留在这里。		review
#str_303279	Please, continue on alone. This is where I must stop.	请你独自前进吧，我只能送到这里。		review
#str_303280	{furrow}I am preoccupied at the moment.	{furrow}我现在腾不出手来。		review
#str_303281	{furrow}Perhaps you should find someone else to bother.	{furrow}也许你该去烦别的人。		review
#str_303282	{furrow}This is a very foolish thing to do.	{furrow}你这么做非常愚蠢。		review
#str_303283	{furrow}I am warning you to go away.	{furrow}我警告你，走开。		review
#str_303284	This is quite unsafe. I must find protection.	这里太危险了，我必须找掩护。		review
#str_303285	It is far too dangerous to be in the open.	待在空地上实在太危险了。		review
#str_303286	You must get to cover!	你必须进掩体！		review
#str_303287	Get to safety!	快到安全的地方去！		review
#str_303288	I will advance on the enemy!	我要向敌人推进了！		review
#str_303289	I am proceeding forward!	我正在向前推进！		review
#str_303290	Now I will move ahead!	现在我要上前了！		review
#str_303291	We must move forward!	我们必须前进！		review
#str_303292	Advance and destroy them!	前进，消灭他们！		review
#str_303293	Marines! Attack!	陆战队员们！进攻！		review
#str_303294	Now I must retreat.	现在我必须撤退。		review
#str_303295	I am afraid I must fall back!	恐怕我必须后撤了！		review
#str_303296	We must draw back for now.	我们必须暂时后撤。		review
#str_303297	Marines, fall back!	陆战队员们，后撤！		review
#str_303298	There's a sniper in the area!	这一带有狙击手！		review
#str_303299	Keep low! There's a sniper here!	放低身子！这里有狙击手！		review
#str_303300	We just lost a soldier!	我们刚失去了一名士兵！	sledge @ ai	review
#str_303301	There's been a casualty!	有人伤亡了！	sledge @ ai	review
#str_303302	We have a Marine down!	有陆战队员倒下了！	sledge @ ai	review
#str_303303	Ha! You were weak like a kitten!	哈！你弱得跟小猫崽似的！	sledge @ ai	review
#str_303304	Is that the best you could do?	你就这点能耐吗？	sledge @ ai	review
#str_303305	Show me another Strogg to kill.	再给我一只 Strogg 来杀。	sledge @ ai	review
#str_303306	Ha! Ha! Haaaaaa!	哈！哈！哈——！	sledge @ ai	review
#str_303307	Humph, pathetic Strogg.	哼，可悲的 Strogg。	sledge @ ai	review
#str_303308	Well, that wasn't so bad.	嗯，还算过得去。	sledge @ ai	review
#str_303309	Did you not see the Strogg that was going to kill you?	你没看见那只差点杀了你的 Strogg 吗？		review
#str_303310	A Strogg was about to kill you Kane. But I killed him first.	有只 Strogg 差点要了你的命，Kane。不过我先干掉了他。		review
#str_303311	You can thank me later for saving your life.	救命之恩，你可以以后再谢。		review
#str_303312	A little help would be nice! I'm trapped!	来人搭把手！我被困住了！		review
#str_303313	Damn! I cannot get out of here!	该死！我出不去了！		review
#str_303314	I won't let them up!	我不会让他们抬头！		review
#str_303315	Concentrate your fire on these Strogg.	集中火力打这些 Strogg。		review
#str_303316	We must use suppressing fire!	我们必须火力压制！		review
#str_303317	Thank you, Kane.	谢谢你，Kane。		review
#str_303318	Thank you for helping me.	谢谢你帮我。		review
#str_303319	Thank you for saving my life, Kane.	谢谢你救了我的命，Kane。		review
#str_303320	Well done, my friend!	干得好，我的朋友！	sledge @ ai	review
#str_303321	Ah! That was very good!	啊！打得非常漂亮！	sledge @ ai	review
#str_303322	Ha ha! He won't be getting up from that!	哈哈！挨了这下他可爬不起来了！	sledge @ ai	review
#str_303323	You kicked his ass good!	你把他收拾得够狠！	sledge @ ai	review
#str_303324	Congratulations on yet another kill.	恭喜你又添一个战果。	sledge @ ai	review
#str_303325	{furrow}You must check your targets!	{furrow}你必须看清目标！		review
#str_303326	{furrow}What in hell are you doing?	{furrow}你到底在干什么？		review
#str_303327	{furrow}Kane, I am on your side.	{furrow}Kane，我是你这边的。		review
#str_303328	{furrow}Stop shooting at me!	{furrow}别朝我开枪！		review
#str_303329	{furrow}Shoot the Strogg, not me.	{furrow}打 Strogg，别打我。		review
#str_303330	{furrow}Are you no longer human, Kane?	{furrow}Kane，你已经不是人类了吗？		review
#str_303331	{furrow}You are beginning to shoot like a Strogg!	{furrow}你开枪的样子越来越像 Strogg 了！		review
#str_303332	{furrow}You're beginning to make me think you're a Strogg, Kane.	{furrow}Kane，你快让我觉得你就是个 Strogg 了。		review
#str_303333	{furrow}Stop it! You just killed one of us!	{furrow}住手！你刚杀了我们自己人！		review
#str_303334	{furrow}Have you lost your mind?	{furrow}你疯了吗？		review
#str_303335	{furrow}Damn you! You have killed a human!	{furrow}该死的！你杀了一个人类！		review
#str_303336	{furrow}Are you a Strogg? You killed a Marine!	{furrow}你是 Strogg 吗？你杀了陆战队员！		review
#str_303337	{furrow}Have you lost your humanity, Kane?	{furrow}Kane，你的人性丢光了吗？		review
#str_303338	Let's brighten this up.	来点亮光吧。		review
#str_303339	I don't like this darkness.	我不喜欢这片黑暗。		review
#str_303340	Keep your light out of my eyes!	别拿灯照我的眼睛！		review
#str_303341	I just saw Strogg ahead of us.	我刚看见前方有 Strogg。		review
#str_303342	Be on guard. Strogg are in the vicinity.	保持警惕，附近有 Strogg。		review
#str_303343	We have movement on the left!	左边有动静！	sledge @ ai	review
#str_303344	Strogg on the right!	右边有 Strogg！	sledge @ ai	review
#str_303345	Look to the right!	看右边！	sledge @ ai	review
#str_303346	Strogg are above us.	Strogg 在我们上方。	sledge @ ai	review
#str_303347	I have my next target.	我找到下一个目标了。	sledge @ ai	review
#str_303348	Ah good! Another Strogg to kill!	啊，好！又有 Strogg 可杀了！	sledge @ ai	review
#str_303349	You Strogg don't know when to quit.	你们这些 Strogg 就是不知道什么叫收手。	sledge @ ai	review
#str_303350	Come meet your death, Strogg!	来送死吧，Strogg！	sledge @ ai	review
#str_303351	Kane, you are crowding me.	Kane，你挤到我了。		review
#str_303352	Why do you do this?	你为什么要这样？		review
#str_303353	Are those Strogg implants bothering you, Kane?	那些 Strogg 植入体让你难受了吗，Kane？		review
#str_303354	If you did feel the Strogg were trying to control you you would warn us, right?	如果你觉察到 Strogg 想控制你，你会提醒我们的，对吧？		review
#str_303355	If you warned us in time we could perhaps save you.	只要你及时提醒，我们或许还能救你。		review
#str_303356	Guvno!	Guvno！	sledge @ ai	review
#str_303357	aargh	（受伤音）		done
#str_303358	I have been instructed to accompany you Corporal Kane. So lead the way.	我接到指令与你同行，Kane 下士。带路吧。		review
#str_303359	I must travel with you. But you may go first.	我必须与你同行。不过你先请。		review
#str_303360	Corporal Kane, we are to travel together, but you are to take point.	Kane 下士，我们要一起行动，但由你打头阵。		review
#str_303361	I will stay at this location. You must continue without me.	我会留在这个位置。你必须独自继续前进。		review
#str_303362	I have orders to remain here - but you have keep going.	我奉命留守此地——但你得继续前进。		review
#str_303363	Continue on alone. I must remain here.	你独自前进吧，我必须留在这里。		review
#str_303364	{furrow}I'm quite busy right now.	{furrow}我现在很忙。		review
#str_303365	{furrow}I have no time to chat.	{furrow}我没时间闲聊。		review
#str_303366	{furrow}Do you not understand me?	{furrow}你听不懂我的话吗？		review
#str_303367	{furrow}Go away! You are annoying me!	{furrow}走开！你惹恼我了！		review
#str_303368	I must find cover immediately!	我必须立刻找到掩护！		review
#str_303369	I could get killed. I must hide!	我会没命的，我得躲起来！		review
#str_303370	I must find protection right now!	我现在就得找人保护！		review
#str_303371	Squad, protect me!	小队，保护我！		review
#str_303372	Everyone, take cover!	所有人，找掩护！		review
#str_303373	We must all find protection!	我们都得找地方躲起来！		review
#str_303374	I will advance!	我要推进了！		review
#str_303375	I will move ahead!	我这就上前！		review
#str_303376	Marines, move forward!	陆战队员们，前进！		review
#str_303377	We must advance now!	我们现在必须推进！		review
#str_303378	Advance on the Strogg!	向 Strogg 推进！		review
#str_303379	I must retreat and find safety.	我必须撤退，找个安全的地方。		review
#str_303380	I have to fall back for my own protection!	为了自身安全，我必须后撤！		review
#str_303381	I have to retreat or I could die!	我必须撤退，不然会没命的！		review
#str_303382	Retreat! And protect me!	撤退！顺便保护我！		review
#str_303383	Guard me and I'll fall back!	掩护我，我要后撤了！		review
#str_303384	We must all withdraw or we will perish!	我们必须全体撤离，否则都得完蛋！		review
#str_303385	I need protection from the sniper!	谁来帮我挡住那个狙击手！		review
#str_303386	Help! A sniper is trying to kill me!	救命！有狙击手想杀我！		review
#str_303387	Save me from the sniper!	快把我从狙击手枪口下救出去！		review
#str_303388	There is a man down!	有人倒下了！	strauss @ ai	review
#str_303389	Ah! I just saw a soldier die!	啊！我刚亲眼看见一名士兵死掉！	strauss @ ai	review
#str_303390	A Marine's been killed.	有个陆战队员阵亡了。	strauss @ ai	review
#str_303391	You were no challenge for me!	你对我毫无挑战性！		review
#str_303392	The Strogg are so predictable!	Strogg 的套路也太好猜了！	strauss @ ai	review
#str_303393	I am getting quite good at this.	我这手艺是越来越精了。	strauss @ ai	review
#str_303394	I could grow to like this.	我说不定会爱上这活儿。	strauss @ ai	review
#str_303395	This is most invigorating.	这可真是提神醒脑。	strauss @ ai	review
#str_303396	I saved your life, and you didn't even see it.	我救了你一命，你居然都没瞧见。		review
#str_303397	A Strogg would have killed you, if I hadn't killed him first.	要不是我先下手，那只 Strogg 早把你干掉了。		review
#str_303398	You really must learn to watch your back, Corporal Kane.	你真得学学怎么提防背后了，Kane 下士。		review
#str_303399	Ahh! They are trying to kill me!	啊！他们想杀我！		review
#str_303400	Help! These Strogg want to murder me!	救命！这些 Strogg 要谋杀我！		review
#str_303401	Save me! I cannot move from this position!	救救我！我在这儿动弹不得！		review
#str_303402	How well do they handle suppressing fire?	不知他们承受火力压制的能力如何？		review
#str_303403	I will keep them right where they are.	我会把他们钉在原地。		review
#str_303404	Trust me, they will not move from that spot!	相信我，他们绝对挪不了窝！		review
#str_303405	I suppose I should thank you.	看来我该谢谢你。		review
#str_303406	 If you hadn't killed that Strogg, I would have.	你不杀那只 Strogg，我也会动手的。	strauss @ ai	review
#str_303407	A 'thank you' is expected, I imagine.	我猜，你在等一句“谢谢”吧。	strauss @ ai	review
#str_303408	Humph, that was a pretty good shot.	哼，这枪打得还算不错。	strauss @ ai	review
#str_303409	He looks quite dead.	他看起来死得很彻底。	strauss @ ai	review
#str_303410	That was okay.	还凑合。	strauss @ ai	review
#str_303411	Good shot.	好枪法。		review
#str_303412	{furrow}Don't shoot at me as if I were a Strogg.	{furrow}别把我当 Strogg 一样打。		review
#str_303413	{furrow}Don't pull that trigger when I'm in your sight.	{furrow}我在你准星里的时候，别扣扳机。		review
#str_303414	{furrow}Make sure you are shooting at a Strogg!	{furrow}开枪前先确认你打的是 Strogg！		review
#str_303415	{furrow}What are you trying to prove?	{furrow}你想证明什么？		review
#str_303416	{furrow}Don't you know who to shoot at?	{furrow}你连该朝谁开枪都不知道吗？		review
#str_303417	{furrow}You shot at me by mistake right?	{furrow}你是失手才打到我的，对吧？		review
#str_303418	{furrow}Corporal Kane, are you under Strogg influence?	{furrow}Kane 下士，你是不是被 Strogg 影响了？		review
#str_303419	{furrow}Have you become an active Strogg?	{furrow}你已经变成真正的 Strogg 了吗？		review
#str_303420	{furrow}You imbecile - you killed a Marine!	{furrow}你这蠢货——你杀了一个陆战队员！		review
#str_303421	{furrow}Fool! Have you lost your mind?	{furrow}蠢货！你疯了吗？		review
#str_303422	{furrow}Corporal, you killed a Marine!	{furrow}下士，你杀了一个陆战队员！		review
#str_303423	{furrow}You are firing on teammates! Do the Strogg control you?	{furrow}你在朝队友开火！是 Strogg 在控制你吗？		review
#str_303424	{furrow}Are you a Strogg spy, Corporal Kane?	{furrow}你是 Strogg 的奸细吗，Kane 下士？		review
#str_303425	I want lights now!	立刻给我照明！		review
#str_303426	Turn your lights on immediately!	马上把灯打开！		review
#str_303427	Idiot. Get that light out of my eyes!	蠢货，把灯从我眼前拿开！		review
#str_303428	Stop that!	住手！		review
#str_303429	I believe there are Strogg in front of us.	我认为前方有 Strogg。		review
#str_303430	Stay near me. The enemy is close by.	待在我身边，敌人就在附近。		review
#str_303431	There are Strogg at your back!	你背后有 Strogg！	strauss @ ai	review
#str_303432	To the left side!	在左边！	strauss @ ai	review
#str_303433	They are flanking right!	他们在从右翼包抄！	strauss @ ai	review
#str_303434	Look to your right!	看你的右边！	strauss @ ai	review
#str_303435	Strogg are positioned above us!	Strogg 占据了我们上方的位置！	strauss @ ai	review
#str_303436	You will be no challenge for me.	你对我构不成任何挑战。		review
#str_303437	I will defeat you!	我会打败你的！	strauss @ ai	review
#str_303438	I am not frightened of you, Strogg.	我可不怕你，Strogg。	strauss @ ai	review
#str_303439	Strogg, you are pitiful!	Strogg，你真可怜！	strauss @ ai	review
#str_303440	Ja?	Ja？	strauss @ ai	review
#str_303441	Do not get so close.	别靠这么近。	strauss @ ai	review
#str_303442	Please, keep back from me.	麻烦你，离我远一点。		review
#str_303443	Corporal Kane, you aren't by chance, feeling influence from the Strogg?	Kane 下士，你该不会正感觉到 Strogg 的影响吧？		review
#str_303444	I realize the Strogg would never kill a human like me. My brain would be worth a great deal to them.	我明白，Strogg 绝不会杀我这样的人类。我这颗大脑对他们来说可值钱了。		review
#str_303445	The Strogg do know everything you know correct? So they do know I am a genius, ya?	你知道的一切 Strogg 都知道，对吧？那他们自然也知道我是个天才，ja？		review
#str_303446	That hurt!	好疼！	strauss @ ai	review
#str_303447	Remain where you are. I can repair your armor.	待在原地别动，我可以修理你的护甲。		review
#str_303448	Dont move. I will fix your armor.	别动，我来修你的护甲。		review
#str_303449	Stay where you are, Corporal Kane. I'll repair your armor.	待在原地，Kane 下士，我来修理你的护甲。	strauss @ ai	review
#str_303450	Corporal Kane, wait for me. I can fix your armor.	Kane 下士，等等我，我能修好你的护甲。		review
#str_303451	I'm on my way to repair your armor, Corporal Kane.	我这就过来给你修护甲，Kane 下士。		review
#str_303452	I cannot work if you move around.	你动来动去我没法干活。	strauss @ ai	review
#str_303453	Be still. You are making my work difficult.	别乱动，你这是在给我添麻烦。	strauss @ ai	review
#str_303454	You must hold still.	你必须保持不动。	strauss @ ai	review
#str_303455	Go. My repairs are complete.	走吧，修理完毕。	strauss @ ai	review
#str_303456	I have finished my work. Be on your way.	我的活儿干完了，你上路吧。	strauss @ ai	review
#str_303457	That is all I can do. Go now.	我只能做到这一步了，走吧。	strauss @ ai	review
#str_303458	Corporal, I'm with you. So let's move out.	下士，我跟你一起行动。出发吧。		review
#str_303459	Take point, Kane. We're movin' out together.	你打头阵，Kane。我们一起出发。		review
#str_303460	I have to stop here but you keep going.	我得留在这儿，你继续前进。		review
#str_303461	Corporal, this where we split up.	下士，我们在这儿分头行动。		review
#str_303462	You go on, Corporal. I'm stayin' here.	你继续走，下士。我留在这儿。		review
#str_303463	{furrow}Corporal, this isn't the time.	{furrow}下士，现在不是时候。		review
#str_303464	{furrow}Corporal, not right now.	{furrow}下士，现在不行。		review
#str_303465	{furrow}Don't make me pull rank.	{furrow}别逼我拿军衔压你。		review
#str_303466	{furrow}You don't wanna know what happens if pulling rank doesn't work.	{furrow}军衔要是压不住你，接下来的事你可不会想知道。		review
#str_303467	I'm taking cover!	我先找掩护！		review
#str_303468	I'm keepin' low.	我保持低姿。		review
#str_303469	I'm staying down.	我先趴着不动。		review
#str_303470	Everyone, down!	所有人，卧倒！		review
#str_303471	I'm advancing on the Strogg!	我要向 Strogg 推进了！		review
#str_303472	I'm moving up on their position!	我正向他们的阵地逼近！		review
#str_303473	Let's take the fight to them!	把战火烧到他们头上！		review
#str_303474	Marines! Advance!	陆战队员们！前进！		review
#str_303475	Overrun their position!	碾平他们的阵地！		review
#str_303476	I have to withdraw.	我必须后撤。		review
#str_303477	I've gotta fall back and reload!	我得后撤装弹！		review
#str_303478	Squad, retreat!	小队，撤退！		review
#str_303479	Withdraw now!	立刻撤离！		review
#str_303480	Keep low! There's a sniper in the area!	放低身子！这一带有狙击手！		review
#str_303481	Dammit! We just lost a Marine!	该死！我们又折了一个陆战队员！	voss @ ai	review
#str_303482	There's a casualty over here!	这边有人伤亡！	voss @ ai	review
#str_303483	We have a man down!	有人倒下了！	voss @ ai	review
#str_303484	Was that the best you could do, Strogg?	就这点本事吗，Strogg？	voss @ ai	review
#str_303485	No wonder you squibs couldn't take the Earth.	难怪你们这帮杂碎拿不下地球。	voss @ ai	review
#str_303486	You lose, Strogg.	你输了，Strogg。	voss @ ai	review
#str_303487	I bet that hurt.	这下肯定很疼。	voss @ ai	review
#str_303488	And I was just getting' warmed up.	我这才刚热完身呢。	voss @ ai	review
#str_303489	Any other Strogg around here?	附近还有别的 Strogg 吗？	voss @ ai	review
#str_303490	I took care of the Strogg behind you.	你身后那只 Strogg，我解决了。		review
#str_303491	That Strogg would have killed you, if I hadn't stepped in.	我要是不出手，那只 Strogg 已经要了你的命。		review
#str_303492	Be sure to watch your back. That Strogg almost got you.	务必留意背后。刚才那只 Strogg 差点得手。		review
#str_303493	Gimme a hand! They've got me trapped!	搭把手！我被他们困住了！		review
#str_303494	The Strogg won't let me move!	Strogg 压得我动弹不得！		review
#str_303495	How about a little suppressing fire?	来点火力压制怎么样？		review
#str_303496	They're stayin' right wehere they are!	他们被钉在原地了！		review
#str_303497	Light 'em up Marines!	火力全开，陆战队员们！		review
#str_303498	Marines, give me additional firepower now!	陆战队员们，立刻给我加强火力！		review
#str_303499	Thanks for saving my skin, Corporal.	多谢你救了我一命，下士。		review
#str_303500	Good job. That Strogg would have killed me.	干得好。再晚一步，那 Strogg 就要了我的命。	voss @ ai	review
#str_303501	Don't think you're getting a promotion just for saving my life, Corporal.	别以为救了我一命就能升职，下士。	voss @ ai	review
#str_303502	Well done, Corporal!	干得好，下士！	voss @ ai	review
#str_303503	You shoot as well as the rest of Rhino squad.	你这枪法，不输犀牛小队的任何人。	voss @ ai	review
#str_303504	All right! Nice shot.	好样的！打得漂亮。	voss @ ai	review
#str_303505	Pretty impressive shot, Corporal.	这一枪相当漂亮，下士。	voss @ ai	review
#str_303506	{furrow}Check your fire, Marine!	{furrow}看清目标再开枪，陆战队员！		review
#str_303507	{furrow}I'm on your side, Corporal!	{furrow}我是自己人，下士！		review
#str_303508	{furrow}Calm down, Marine.	{furrow}冷静点，陆战队员。		review
#str_303509	{furrow}Be sure you're shooting the Strogg.	{furrow}看准了，要打的是 Strogg。		review
#str_303510	{furrow}Are you turning Strogg, Corporal?	{furrow}你这是要变成 Strogg 吗，下士？		review
#str_303511	{furrow}Corporal, are you becoming a Strogg?	{furrow}下士，你是不是快变成 Strogg 了？		review
#str_303512	{furrow}Have the Strogg taken control of you?	{furrow}你是被 Strogg 控制了吗？		review
#str_303513	{furrow}What the hell are you doin? You killed one of our own!	{furrow}你他妈在干什么？你杀的是自己人！		review
#str_303514	{furrow}Do you realize you iced a human?	{furrow}你知不知道你干掉的是个人类？		review
#str_303515	{furrow}Damn it! That was a Marine you just killed!	{furrow}该死！你刚打死的是个陆战队员！		review
#str_303516	{furrow}Corporal, exactly who's side are you on?	{furrow}下士，你到底站在哪一边？		review
#str_303517	{furrow}Watch it. I've got my eye on you, Corporal.	{furrow}小心点。我盯上你了，下士。		review
#str_303518	{furrow}Are the Strogg influencing you?	{furrow}你是不是受 Strogg 影响了？		review
#str_303519	Hey, put the light down.	嘿，把手电放下。		review
#str_303520	Watch where you're pointin' that light.	看着点，你那手电往哪儿照呢。		review
#str_303521	Good news. We got Strogg ahead.	好消息。前头有 Strogg。		review
#str_303522	The enemy's just in front of us.	敌人就在我们正前方。		review
#str_303523	Movement to the right!	右侧有动静！	voss @ ai	review
#str_303524	There's Strogg up high!	高处有 Strogg！	voss @ ai	review
#str_303525	I got this one.	这个交给我。	marine_7 @ ai	review
#str_303526	Watch and learn Marines.	看好了，学着点，陆战队员们。	voss @ ai	review
#str_303527	C'mon, Strogg. Do your worst.	来啊，Strogg。有什么本事尽管使出来。	voss @ ai	review
#str_303528	Just you and me, Strogg.	就你和我了，Strogg。	marine_2 @ ai	review
#str_303529	What did you want, Corporal?	找我什么事，下士？	voss @ ai	review
#str_303530	I really don't have time for this.	我真没工夫管这个。		review
#str_303531	I said I don't have time for this.	我说了，我没工夫管这个。		review
#str_303532	Corporal, you're important to HQ, so why don't you give us a little distance?	下士，总部拿你当个宝，你就离我们稍微远点，成吗？		review
#str_303533	Strogg or human, you don't want to get on my bad side.	不管你是 Strogg 还是人类，最好都别惹到我头上。		review
#str_303534	Corporal, maybe you don't understand you're pissing off your Lieutenant.	下士，你大概还没意识到，你已经把你的中尉惹毛了。		review
#str_303535	aaaaargh	（死亡音）		done
#str_303536	Sorry we have orders to stay here. And you have orders to find your squad.	抱歉，我们奉命守在这里。而你的命令，是去找你的小队。		review
#str_303537	You better get movin if you want to find your squad.	想找到你的小队，就赶紧动身吧。	airdefense @ airdefense	review
#str_303538	We cant go with you. Were under orders to help secure this area.	我们不能跟你走。我们奉命协助防守这片区域。		review
#str_303539	If I was you, I'd be lookin for my squad.	我要是你，这会儿早去找自己的小队了。	airdefense @ airdefense	review
#str_303540	{puzzled}You're Rhino squad? {idle}Take that door and it'll get you to your squad.	{puzzled}你是犀牛小队的？{idle}走那扇门，就能找到你的小队。		review
#str_303541	Make it quick. We dont want to be stuck in one place too long.	动作快点。我们可不想在一个地方耗太久。		review
#str_303542	Thats up to my gunner. All Im doin is drivin. Ready? Cause here we go, Kane.	那得看我的炮手了，我只管开车。准备好了吗？咱们这就出发，Kane。		review
#str_303543	Shit. Hang on!	妈的。坐稳了！		review
#str_303544	Behind us!	在我们后面！	convoy @ convoy	review
#str_303545	Damn it! Theyre everywhere!	该死！它们到处都是！	convoy @ convoy	review
#str_303546	You still out there?	你还在外头吧？	convoy @ convoy	review
#str_303547	I cant see a thing!	我什么都看不见！	building_b @ building_b	review
#str_303548	This is insane!	这简直是疯了！	convoy @ convoy	review
#str_303549	Howd I manage to get this mission!	我怎么就摊上了这趟任务！		review
#str_303550	Hang on Kane.  Theres one more batch of turrets to take out.	坚持住，Kane。还有一批炮塔要清掉。	convoy @ convoy	review
#str_303551	Rhodes! Get up here pronto and disarm these land mines.	Rhodes！马上上来，把这些地雷拆掉。	convoy @ convoy	review
#str_303552	On my way!	这就来！	convoy @ convoy	review
#str_303553	Kane, be sure to protect Rhodes! He's the only one who can disarm those mines.	Kane，一定保护好 Rhodes！只有他能拆掉那些地雷。		review
#str_303554	Don't sweat it. Kane won't let me die . . . right, ol buddy?	别担心。Kane 不会让我死的……对吧，老伙计？	convoy @ convoy	review
#str_303555	First ones deactivated.	第一颗解除了。		review
#str_303556	Okay. On to the next.	好。去下一颗。		review
#str_303557	This'd go faster if I wasn't bein shot at!	要不是有人一直朝我开枪，我能拆得更快！	convoy @ convoy	review
#str_303558	Got this one.	这颗搞定。	convoy @ convoy	review
#str_303559	Another's done.	又拆好一颗。	convoy @ convoy	review
#str_303560	Got em all. Now lets get the hell out of here!	全拆完了。咱们赶紧离开这鬼地方！	convoy @ convoy	review
#str_303561	Hey, Kane. Thanks for keepin me in one piece. I owe ya.	嘿，Kane。多谢你保我毫发无损。这份情我记下了。	convoy @ convoy	review
#str_303562	H Q, this is Pestilence. A Strogg patrol just went by us.	总部，这里是瘟疫车队。一支 Strogg 巡逻队刚从我们旁边过去。		review
#str_303563	Were you spotted?	你们暴露了吗？		review
#str_303564	I dont think so. We should be fine.	应该没有。我们没事。		review
#str_303565	H Q, this Famine. I think a flier might have seen us. 	总部，这里是饥荒车队。恐怕有架飞行器发现了我们。		review
#str_303566	If you feel your mission has been compromised, you may return to base. 	如果你们判断任务已经暴露，可以返回基地。		review
#str_303567	Negative, H Q. Were fine. And were going to continue on.	不必，总部。我们没事，将继续前进。		review
#str_303568	H Q, War is now underway.	总部，战争车队已经上路。		review
#str_303569	Good luck to you, War.	祝你们好运，战争车队。		review
#str_303570	Death, this is H Q. You are now the last convoy. Do you understand the gravity of this situation? 	死亡车队，这里是总部。你们现在是最后一支车队了。明白事态有多严重吗？		review
#str_303571	Yes H Q we can fully appreciate our importance to the war effort.	明白，总部，我们完全清楚自己对整个战局有多重要。		review
#str_303572	Do you believe you will achieve your goal?	你们有把握完成目标吗？		review
#str_303573	I wouldnt be out here if I didn’t. 	没把握我就不会出这趟任务了。		review
#str_303574	Kane, this is Morris. Where the hell are you? Hook up with us as soon as you can. Morris, out.	Kane，我是 Morris。你到底在哪儿？尽快跟我们会合。Morris，完毕。		review
#str_303575	H Q, this is Death. Weve had to stop. A squad of Strogg are guarding the road ahead of us.	总部，这里是死亡车队。我们被迫停下了。前方道路有一队 Strogg 把守。		review
#str_303576	What are your plans? 	你们打算怎么办？		review
#str_303577	Well see if we cant wait em out. Otherwise well just have to go in with guns blazing. 	先看看能不能耗到它们走。不行的话，就只能开足火力硬闯了。		review
#str_303578	Hey, Kane. Too bad you werent here with us waiting on this Strogg squad to move. You could walk over to em and see what the hell theyre waitin for.	嘿，Kane。可惜你没跟我们一起干等这队 Strogg 挪窝。不然你可以走过去问问，它们到底在磨蹭什么。		review
#str_303579	Death, this is H Q. Ive been instructed to order you back to base.	死亡车队，这里是总部。上面指示我命令你们返回基地。		review
#str_303580	Negative, H Q. We cannot comply. From our current position, we would be spotted if we move in any direction. 	办不到，总部。无法执行。以我们现在的位置，往任何方向动都会暴露。		review
#str_303581	Roger that, Death. 	收到，死亡车队。		review
#str_303582	Good news, H Q. The Strogg squad looks to be gathering up its gear and moving on. 	好消息，总部。那队 Strogg 看样子在收拾装备，准备开拔了。		review
#str_303583	What are your intentions, Death? 	你们有什么打算，死亡车队？		review
#str_303584	If its all the same to you, wed like to continue on our mission. 	要是总部没意见，我们想继续执行任务。		review
#str_303585	Affirmative, Death. Keep us apprised of your situation. 	同意，死亡车队。随时报告你们的情况。		review
#str_303586	Death, whats your status? 	死亡车队，报告状态。		review
#str_303587	The going is slow. Theres a lot of Strogg patrols out. But so far, were doing fine. 	走得很慢。外面到处是 Strogg 巡逻队。不过到目前为止，我们还行。		review
#str_303588	Hey, Kane. Stop doggin it. If you dont catch up with us soon, youre gonna miss out on all the fun. 	嘿，Kane。别磨蹭了。再不赶上来，好戏可就全让你错过了。		review
#str_303589	H Q, this is Death. We have arrived at our destination. The access doors are open. 	总部，这里是死亡车队。我们已抵达目的地。通道大门是开着的。		review
#str_303590	Well done, Death. Please, be cautious. 	干得好，死亡车队。务必小心。		review
#str_303591	I copy that, H Q. 	收到，总部。		review
#str_303592	Remember your primary goal is to locate and destroy the Nexus. That is the key to disabling the Strogg communication network.	记住，你们的首要目标是找到并摧毁 Nexus。那是瘫痪 Strogg 通讯网络的关键。		review
#str_303593	Viper Squad, this is Morris. H Qs finally located a demolitionist to destroy the hangars. He should be there soon.	毒蛇小队，我是 Morris。总部总算找到一名爆破手去炸机库了。他应该很快就到。		review
#str_303594	Kane, this is Morris. The demolitionist should be near the top of the elevator.	Kane，我是 Morris。那名爆破手应该就在电梯顶层附近。	hangar_2 @ hangar_2	review
#str_303595	It pains me that we must destroy this Strogg facility. The knowledge we could have gained by studying it.	要摧毁这座 Strogg 设施，实在令我心痛。若能好好研究，我们本可以学到多少东西啊。		review
#str_303596	Listen up, Marines. Were looking to get below the Tetranode, the brains of this facility, and destroy it with our E M P bomb. Once thats accomplished, the Strogg lines of communication will be cut and our troops will have an easy time of it. But first we need to locate the controls thatll unlock the hatchways and allow the convoy through.	都听好了，陆战队员们。我们要设法深入「四元节点」（Tetranode）下方——那是这座设施的大脑——用我们的 EMP 炸弹把它摧毁。一旦得手，Strogg 的通讯线路就会被切断，我们的部队就好打多了。但首先得找到能解锁舱门的控制装置，让车队通过。		review
#str_303597	There, I have unlocked the passage..	好了，通道已经解锁。	hub_1 @ hub_1	review
#str_303598	{furrow}Negative. Remain where you are.	{furrow}不行。待在原地。		review
#str_303599	I must find the temperature controls. From there, I should be able to raise the temperature to something a little less hostile.	我必须找到温控装置。有了它，我应该能把温度调高一些，不至于这么要命。		review
#str_303600	Sounds good. Kane, youre with Strauss. Find those controls.	好主意。Kane，你跟着 Strauss，去把那些控制装置找出来。	hub_1 @ hub_1	review
#str_303601	You assign me only one guard? Must I die to show you how valuable I am? Never mind. This way, Corporal Kane.	就派一个人保护我？非得我死了，你们才明白我有多重要？算了。这边走，Kane 下士。	hub_1 @ hub_1	review
#str_303602	Be extremely cautious, Corporal. We do not want to attract that Harvesters attention.	千万小心，下士。我们可不想引起那台收割者的注意。	hub_1 @ hub_1	review
#str_303603	Ah, yes. Precisely what I was looking for. Give me a moment.	啊，没错。正是我要找的。稍等片刻。	hub_1 @ hub_1	review
#str_303604	Kane, you must protect me while I adjust the temperature controls!	Kane，我调节温控的时候，你必须保护我！		review
#str_303605	Lieutenant Voss, I must remain here or conditions will return to their frigid state.	Voss 中尉，我必须留在这里，否则环境会重新冻回冰窖。		review
#str_303606	Okay. Stay there. Kane, get back here with us.	好。你待在那儿。Kane，回我们这边来。	hub_1 @ hub_1	review
#str_303607	Double time it, Kane. I need you here to help clear the way for the convoy.	跑步前进，Kane。我需要你来帮车队开路。	hub_1 @ hub_1	review
#str_303608	Kane, check that tunnel. The shutoff to the forcefield might be in there.	Kane，去查查那条隧道。力场的关闭开关可能就在里面。		review
#str_303609	Open fire!	开火！	hub_1 @ hub_1	review
#str_303610	Lieutenant Voss, this is Strauss. What has happened? I cannot open the door. Please, I need help, Lieutenant.	Voss 中尉，我是 Strauss。出什么事了？门打不开了。拜托，我需要支援，中尉。		review
#str_303611	Strauss, this is Lieutenant Voss. Weve managed to pickup the pieces here. Any idea how we can open the hatchway and get out of this room?	Strauss，我是 Voss 中尉。我们这边刚勉强收拾完残局。你知道怎么打开舱门、让我们离开这个房间吗？		review
#str_303612	Have one of the techs there use the commands I am downloading to you now. By entering these into the primary servos, the hatchway will open.	让你们那边的一名技术兵使用我现在传给你们的指令。把指令输入主伺服系统，舱门就会打开。		review
#str_303613	Lieutenant Voss, I must complain. Corporal Kane is taking far too long to reach me. 	Voss 中尉，我必须提出抗议。Kane 下士到现在还没到我这里，实在太慢了。		review
#str_303614	Calm down, Strauss. I’m sure Kanes moving as fast as he can.	冷静点，Strauss。Kane 肯定已经在全速赶路了。		review
#str_303615	{furrow}Corporal Kane, you should have been here a long time ago! {idle}But we will speak of this later.	{furrow}Kane 下士，你早就该到了！{idle}不过这笔账我们以后再算。		review
#str_303616	That . . . is the Tetranode. Destroying it is our primary objective.	那……就是四元节点。摧毁它是我们的首要目标。	hub_2 @ hub_2	review
#str_303617	We can accomplish this in three steps. And because this is the hub of the facility, you will have to return here after each step is completed. Our first objective is the power plant. Lead the way.	我们分三步来完成。这里是整座设施的枢纽，所以每完成一步，你都得回到这里。第一个目标是发电厂。你带路。		review
#str_303618	What are you waiting for, Corporal Kane? You must return to the Tetranode room to complete your next objective.	你还在等什么，Kane 下士？你必须回到四元节点机房，完成下一个目标。		review
#str_303619	Corporal, return to the Tetranode room so that we can continue this mission.	下士，回四元节点机房去，我们的任务才能继续。		review
#str_303620	Why do you take so long, Corporal Kane? Go to the Tetranode room, then we can continue our mission.	怎么这么磨蹭，Kane 下士？去四元节点机房，我们才能继续任务。		review
#str_303621	Strauss, those codes look to be working. Were opening the hatchway now.	Strauss，那些代码看来管用。我们正在打开舱门。		review
#str_303622	Ambush! Take cover!	有埋伏！找掩护！		review
#str_303623	Morris . . . Morris can you hear me?	Morris……Morris，听得见吗？		review
#str_303624	I want you to take Cortez and flank left. Rhodes, I want you to flank right.	你带上 Cortez 从左翼包抄。Rhodes，你从右翼包抄。		review
#str_303625	I'm on it.	这就去。	medlabs_1 @ medlabs_1	review
#str_303626	Rhodes! Rhodes where are you?	Rhodes！Rhodes，你在哪儿？		review
#str_303627	Strauss, were having some trouble with those codes you sent us. They dont appear to be opening the door. You may have to resend them. I'll let you know shortly.	Strauss，你发来的代码有点问题，门好像打不开。可能得重发一次。我稍后再联系你。		review
#str_303628	Let us return to the Tetranode. From there we must find a way to disable the emergency shutoff. If we take too long, the shutoff will sense the heat buildup and deactivate all systems.	我们回四元节点去。接下来必须设法解除紧急停机装置。要是拖得太久，它就会侦测到热量积聚，关停所有系统。		review
#str_303629	Before we can disable the emergency shutoff, we must locate the Visual Processing area. Let us take the elevator to the second floor. We should be able to find it there.	要解除紧急停机装置，得先找到视觉处理区。我们乘电梯上二层，应该能在那里找到。		review
#str_303630	Corporal Kane, in the next section is a system that stretches between all facilities in this area. I call it the Tetranode Maintenance Bay. That is your destination.	Kane 下士，下一区有一套贯通这片区域所有设施的系统，我称之为四元节点维护舱。那就是你的目的地。		review
#str_303631	Nearby is a maintenance platform. Get onboard.	附近有一座维护平台。上去吧。	hub_2 @ hub_2	review
#str_303632	Hey, Strauss, Kane. Just to give you an update, the squad is still alive. Were still trapped but Lieutenant Voss is working on a plan. How are you doin?	嘿，Strauss、Kane，通报一下情况：小队还都活着。我们仍然被困着，不过 Voss 中尉正在想办法。你们那边怎么样？		review
#str_303633	Despite Corporal Kanes tendency to dawdle, we are making good progress.	虽说 Kane 下士总爱磨蹭，我们的进展还是不错的。		review
#str_303634	Okay, Morris, give the word!	好了，Morris，下令吧！		review
#str_303635	Move out, Marines! Go! Go!! GO!!!	出发，陆战队员们！上！上！！上！！！		review
#str_303636	Were currently working our way back towards the vehicle elevator. Its slow going but were gaining ground. Whats your situation, Strauss?	我们正朝车辆电梯往回打。进展缓慢，但一直在推进。你那边情况如何，Strauss？		review
#str_303637	Had I known Corporal Kane would work this slowly, I would have accompanied him to speed things up. But we are making reasonable progress.	早知道 Kane 下士动作这么慢，我就该亲自跟着他加快进度。不过进展尚可。		review
#str_303638	Okay. Keep me informed.	好。随时向我汇报。		review
#str_303639	Cortez is hit! I repeat, Cortez is hit!!	Cortez 中弹了！重复，Cortez 中弹了！！		review
#str_303640	Get a medic over there, now!	叫医疗兵过去，快！		review
#str_303641	The ride is over, Corporal Kane. You must now return to the Tetranode room. Locate another maintenance platform to take you back there.	旅程到此为止，Kane 下士。你现在必须返回四元节点机房。找另一座维护平台送你回去。		review
#str_303642	Morris! Get that truck on the elevator!	Morris！把那辆卡车开上电梯！		review
#str_303643	Were not leaving you behind, sir.	我们不会丢下您的，长官。		review
#str_303644	Damn straight youre not. Cortez and I are going to give you cover. Then well be up.	那是当然。我和 Cortez 给你们打掩护，随后就上去。		review
#str_303645	So far you have done well, Corporal Kane. Your final task will be to shut down the coolant pumps. This will cause a complete meltdown of the Tetranode.	到目前为止，你干得不错，Kane 下士。你最后的任务是关闭冷却泵。这会让四元节点彻底熔毁。	hub_2 @ hub_2	review
#str_303646	Okay, Strauss. Were holding a position just outside the facility. Let us know when you want us to come get you.	好，Strauss。我们就守在设施外面。需要我们来接你们时说一声。		review
#str_303647	It will be as soon as Corporal Kane deactivates the coolant pumps. And at his pace, it could take hours.	等 Kane 下士一关掉冷却泵就行。不过照他这速度，怕是得几个小时。		review
#str_303648	Strauss, this is Voss. Whats your situation?	Strauss，我是 Voss。你们情况如何？		review
#str_303649	We are very close to finishing our objective.	我们就快完成目标了。		review
#str_303650	Hannibal, this is Raven squad. Weve got an injured Marine who cant be moved.	汉尼拔号，这里是渡鸦小队。我们有一名伤员，无法移动。	mcclanding @ mcclanding	review
#str_303651	Roger that, Raven. A medic will be dispatched.	收到，渡鸦小队。医疗兵马上派过去。	mcclanding @ mcclanding	review
#str_303652	You guys go on, Ill stay here.	你们继续走，我留在这儿。	mcclanding @ mcclanding	review
#str_303653	Hang in there, buddy. Helps on the way. 	撑住，兄弟。救援这就到。	mcclanding @ mcclanding	review
#str_303654	What are you waiting for? Lets get to the ship!	还等什么？快上船！	mcclanding @ mcclanding	review
#str_303655	Are you the medic they sent for Raven squad?	你就是派来支援渡鸦小队的医疗兵？	mcclanding @ mcclanding	review
#str_303656	Yeah, wheres the wounded soldier? 	对。伤员在哪儿？	mcclanding @ mcclanding	review
#str_303657	Back near that truck. Follow me.	就在后面那辆卡车旁边。跟我来。	mcclanding @ mcclanding	review
#str_303658	Your post is here, guarding the lift. Theyll be deploying walkers soon and I dont want any surprises.	你的岗位在这儿，守住升降梯。他们很快就要部署「步行者」（walker）了，我可不想出什么岔子。	mcclanding @ mcclanding	review
#str_303659	Warning, lift is in motion. Warning, lift is in motion.	警告，升降梯运行中。警告，升降梯运行中。		review
#str_303660	{scared}Holy shit . . . that was our ticket out of here.	{scared}妈的……那可是我们逃出去的指望啊。		review
#str_303661	They treat us like . . . animals. Less than animals . . . like experiments.	他们拿我们当……牲口。连牲口都不如……拿我们做实验。		review
#str_303662	No, get away from me! Get away! 	不，离我远点！走开！		review
#str_303663	Kane, save yourself. Leave while you can.	Kane，自己保命吧。趁还能走，快走。		review
#str_303664	When I left the Hannibal for the Processing Tower, I was one of eight men. They were new recruits, all eager for combat, certain the others would die and they alone would live. I, on the other hand, was willing to die to protect them.	我离开汉尼拔号前往处理塔的时候，一行共有八个人。其余都是新兵，个个求战心切，都笃定死的会是别人，自己一定能活下来。而我恰恰相反——我情愿用命去保住他们。		review
#str_303665	It is ironic that I am the only one who still draws breath, isnt it, Kane?	结果如今还喘着气的偏偏只剩我一个。很讽刺，是吧，Kane？		review
#str_303666	You have perhaps heard rumors that I killed a Strogg without a weapon. The story is true. It happened during the Strogg invasion of Earth.	你或许听过传闻，说我赤手空拳杀死过一个 Strogg。确有其事，就发生在 Strogg 入侵地球期间。		review
#str_303667	The previous commander of Rhino squad, Lieutenant Wells, had been hurt, as had I. I was forced to drop my weapon so that I could carry the Lieutenant out.	犀牛小队的前任指挥官 Wells 中尉负了伤，我也一样。为了把中尉背出去，我不得不丢下武器。		review
#str_303668	Just when it looked like we had reached safety, a Strogg confronted me. I fought him with the only weapons I had available, my hands.	眼看就要脱险，一个 Strogg 拦住了我。我只能用仅剩的武器和它拼——我这双手。		review
#str_303669	I hope to never again experience such a thing. It is far easier to take someones life with a gun, than it is to choke it out of them. 	那种事，我希望这辈子不要再经历第二次。用枪结果一条命，比亲手把命掐断，容易太多了。		review
#str_303670	That data stream you see will act as a guide. Once its path is corrected, the stream will lead you to the top floors of the processing tower.	你看到的那道数据流会充当向导。修正它的路径之后，它就会把你引到处理塔的顶层。	process_2 @ process_2	review
#str_303671	Rhino Squad, be aware that Cougar squad has just been launched in pods. They will be landing at the processing tower shortly.	犀牛小队注意，美洲狮小队刚乘着陆舱发射升空，稍后将在处理塔着陆。		review
#str_303672	Did you hear that Kane? It appears we will be having some help very soon.	听到了吗，Kane？看来我们很快就有帮手了。	process_2 @ process_2	review
#str_303673	H Q! H Q! This is Cougar squad. Weve got trouble!	总部！总部！这里是美洲狮小队。我们遇到麻烦了！	process_2 @ process_2	review
#str_303674	Whats your situation?	情况如何？	process_2 @ process_2	review
#str_303675	Were almost to the Processing Tower but weve been intercepted by a squadron of fliers!	我们快到处理塔了，却被一中队飞行器拦截了！	process_2 @ process_2	review
#str_303676	Mayday, mayday! My pods been hit! I'm going down! I'm going down!!	求救，求救！我的着陆舱被击中了！我在坠落！我在坠落！！		review
#str_303677	Theyre all over us! We need air support!	它们把我们缠死了！我们需要空中支援！	process_2 @ process_2	review
#str_303678	Shit! I'm comin in too fast! 	妈的！我降得太快了！	process_2 @ process_2	review
#str_303679	Dont bunch up! Youre all too close!!	别扎堆！你们全都靠得太近了！！	process_2 @ process_2	review
#str_303680	Damn it! Theres a flier on my six!	该死！有架飞行器咬住我尾巴了！	process_2 @ process_2	review
#str_303681	Navigations out . . . . propulsions damaged. I'm coming in like a rock!	导航失灵……推进器受损。我这是直接往下砸啊！	process_2 @ process_2	review
#str_303682	Were screwed! Were totally fubar!	完了！我们彻底完蛋了！	process_2 @ process_2	review
#str_303683	Strauss, we are unable to proceed. 	Strauss，我们过不去了。	process_2 @ process_2	review
#str_303684	There is nothing I can do for you in that section. Kane will have to find a solution.	那个区域我无能为力。只能靠 Kane 自己想办法了。	process_2 @ process_2	review
#str_303685	Very well done, Kane. Lets go.	干得漂亮，Kane。我们走。	process_2 @ process_2	review
#str_303686	Strauss, what are we looking at here?	Strauss，我们眼前这是个什么东西？		review
#str_303687	 I . . . I do not know. The technology is quite advanced.	我……我也不知道。这技术相当先进。		review
#str_303688	But I'm sure after a few minutes of study it would be easy to understand.	不过我敢说，只要让我研究几分钟，就没什么难懂的。		review
#str_303689	Besides it is of no interest to us. Continue to follow the data stream. It will lead you to the roof elevator.	况且它与我们的任务无关。继续沿数据流前进，它会把你引到天台电梯。		review
#str_303690	That must be all that remains of Cougar squad.	那大概就是美洲狮小队最后的残骸了。	process_2 @ process_2	review
#str_303691	We are almost there, Kane.	我们快到了，Kane。		review
#str_303692	Do you hear that Kane? That is the sound of hundreds of Marines landing on this tower. We must be sure to leave them a few Strogg to kill.	听见了吗，Kane？那是几百名陆战队员在这座塔上着陆的声音。我们可得记着给他们留几个 Strogg 杀。		review
#str_303693	Cougar Squad must be landing.	一定是美洲狮小队在着陆。		review
#str_303694	I'm sure Strauss would enjoy studying this facility.	Strauss 要是能研究这座设施，肯定乐坏了。		review
#str_303695	Strauss would have a field day here.	Strauss 到了这儿非得乐疯不可。		review
#str_303696	This is the elevator to the roof. Get ready.	这就是通往天台的电梯。准备好。		review
#str_303697	This is no time to sight see. Lets go, Kane.	现在不是观光的时候。走了，Kane。		review
#str_303698	Come along, Kane. We must follow the data stream.	跟上，Kane。我们得沿着数据流走。		review
#str_303699	Here. I scavanged this off a dead Strogg. I bet it'd work on your lightning weapon. It looks powerful enough to overload the personal shields some of the Strogg use.	拿着。我从一具 Strogg 尸体上捡的。我打赌它能装在你的闪电枪上。看这功率，足以过载某些 Strogg 的单兵护盾。		review
#str_303700	Lets head back outside and sweep the area. Weve gotta secure the bridge. Kane, you lead.	我们回到外面，扫清这片区域。必须守住这座桥。Kane，你打头。	tram_1 @ tram_1	review
#str_303701	Thanks for the help, Kane. Weve got orders to keep this bridge secured. You can go on to the processing tower.	多谢帮忙，Kane。我们奉命守住这座桥。你继续往处理塔去吧。	tram_1 @ tram_1	review
#str_303702	I am on my way to the Processing Tower, why dont you accompany me? But before we can proceed this tram must be rotated in the proper direction.	我正要去处理塔，不如与我同行？不过在出发之前，得先把这辆电车转到正确的方向。	tram_1 @ tram_1	review
#str_303703	Many men died to get us this far, Kane. We must take control of the Process Tower at all costs.	为了走到这一步，死了太多弟兄，Kane。无论付出什么代价，我们都必须拿下处理塔。		review
#str_303704	Excellent. This looks to be the hub control room. See if you can find some way to rotate the tram from here.	很好。这里看起来就是枢纽控制室。看看能不能从这里把电车转过来。	tram_1 @ tram_1	review
#str_303705	Very good, Kane. The tram is now facing the right direction, but it appears the track is damaged.	非常好，Kane。电车已经调正方向，不过轨道似乎损坏了。	tram_1 @ tram_1	review
#str_303706	There is a door leading to a construction site below the tram. Head there and locate some repair bots to fix the track. I will remain here and guard the tram.	有扇门通往电车下方的施工场地。你去那儿找几台维修机器人来修轨道。我留在这里看守电车。		review
#str_303707	Excellent, Kane. The track has been repaired. Return to the tram and we can be on our way to the process tower.	太好了，Kane。轨道修好了。回电车上来，我们这就出发去处理塔。	tram_1 @ tram_1	review
#str_303708	We need to find a way to get up to the second floor.	我们得想办法上到二层去。		review
#str_303709	Kane, stay there. I will be right up.	Kane，待在那儿别动。我马上上来。		review
#str_303710	Hurry up, Kane. We must keep moving.	快点，Kane。我们不能停下。		review
#str_303711	You have no idea how difficult it was to liberate this tram. I ran several miles, from station to station, but they were all either empty or the trams were wrecked.	你根本想不到，为了弄到这辆电车我费了多大劲。我一站接一站跑了好几英里，可那些站要么空着，要么电车全毁了。		review
#str_303712	I even began toying with the idea of interrogating the Strogg, using Strauss as an interpreter.	我甚至一度琢磨着抓个 Strogg 来审问，让 Strauss 当翻译。		review
#str_303713	Then I chanced upon a station that had this tram we are riding in now. Unfortunately it was protected by several squads of Strogg.	后来我碰巧找到一座车站，就停着我们现在坐的这辆电车。可惜，有好几队 Strogg 把守着。		review
#str_303714	Luckily, the Strogg were not as proficient with a gun as me. I have fired more rounds today than I have in the past 2 months , and you know how I am about wasting ammunition.	幸好那些 Strogg 的枪法不如我。我今天打出去的子弹比过去两个月加起来还多——你知道的，我最见不得浪费弹药。		review
#str_303715	Those fuel lines have ruptured! We cannot move any further until you find a way to shut off the lines and stop the fire.	那些燃料管线破裂了！你必须想办法关闭管线、扑灭火焰，否则我们寸步难行。	tram_1b @ tram_1b	review
#str_303716	Do not stop, Kane! I will keep them off you!	别停，Kane！我来挡住它们！		review
#str_303717	Keep going! I will not let them hurt you.	继续走！我不会让它们伤到你。		review
#str_303718	Watch your step.	脚下小心。		review
#str_303719	Be careful, Kane. There are more coming!	小心，Kane。又有敌人来了！		review
#str_303720	Do not slow down, whatever you do.	不管怎样，千万别放慢速度。		review
#str_303721	Kane, this is H Q. You just picked up a weapons upgrade. Now if you zoom in with your nail gun, the nails will attempt to follow the target. Youll find its great for shooting around corners.	Kane，这里是总部。你刚拿到一件武器升级：现在用钉枪瞄准镜锁定目标，钉弹就会自动追踪。你会发现，拐角处射击特别好使。		review
#str_303722	There. He's stabilized for the moment.	好了。他的情况暂时稳定下来了。	airdefense @ airdefense	review
#str_303723	Sorry we have orders to stay here. You should find your squad.	抱歉，我们奉命守在这里。你还是去找你的小队吧。	airdefense @ airdefense	review
#str_303724	Sorry se cant go with you. Were under orders to secure this area.	抱歉，我们不能跟你走。我们奉命固守这片区域。		review
#str_303725	Hey, over here.	嘿，这边。	building_b @ building_b	review
#str_303726	Holy Mother of . . . That thing's frickin huge! Edwards, get back!	我的老天……那玩意儿大得吓人！Edwards，快退后！	building_b @ building_b	review
#str_303727	Heads up. The Strogg are breaking through our perimiter. They'll be on us in 3...2...1	注意。Strogg 正在突破我们的防线。它们马上就冲进来了，3……2……1	building_b @ building_b	review
#str_303728	Oh my God!	哦，天哪！	building_b @ building_b	review
#str_303729	Badger squad, requesting reinforcements!	猛獾小队，请求增援！	building_b @ building_b	review
#str_303730	Bravo Team here! We've got a situaton in alpha niner. Requesting backup for the  . . . Oh, God, just send backup now!	这里是 Bravo 组！Alpha-9 区出状况了。请求增援，目标是……哦老天，别管了，快派增援！	building_b @ building_b	review
#str_303731	Let me clear the room.	让我先把这屋清了。		review
#str_303732	Now! We need it now!	现在！我们现在就要！		review
#str_303733	Oh, this is not good!	哦，这下糟了！	building_b @ building_b	review
#str_303734	I can't see a thing!	我什么都看不见！	building_b @ building_b	review
#str_303735	Someone get these lights back on ASAP!	谁快去把灯重新打开，马上！	building_b @ building_b	review
#str_303736	Gaaaaahhhh!	（死亡音）	building_b @ building_b	done
#str_303737	What are you standing around for? take me to the door they want opened!	你们还愣着干什么？带我去他们要打开的那扇门！	building_b @ building_b	review
#str_303738	Damn it! Get me to that door!	该死！快带我去那扇门！	building_b @ building_b	review
#str_303739	Come on Doyle! Get us out of here!	快啊，Doyle！带我们离开这儿！	convoy @ convoy	review
#str_303740	{happy}Our guys are really cleaning up the fliers since you blew up the hangars, Kane.	{happy}自打你把机库炸了，咱们的人收拾起飞行器来那叫一个痛快，Kane。		review
#str_303741	All right, Marines, keep on our toes. This area isn't secure.	好了，陆战队员们，都警醒着点。这片区域还不安全。	convoy @ convoy	review
#str_303742	They just took out the end truck!	它们刚干掉了队尾那辆卡车！	convoy @ convoy	review
#str_303743	Kane, this is voss. We can't move forward until you take out the turrets defending this area.	Kane，我是 Voss。你不把守着这片区域的炮塔干掉，我们就无法前进。	convoy @ convoy	review
#str_303744	We can't move until you destroy those turrets	你不摧毁那些炮塔，我们就动不了。		review
#str_303745	Hang on!	坐稳了！	convoy @ convoy	review
#str_303746	Howd I manage to get assigned to this detail?	我怎么就被派来干这苦差事了？	convoy @ convoy	review
#str_303747	Kane, protect Rhodes! He's the only one who can disarm those mines.	Kane，保护好 Rhodes！只有他能拆掉那些地雷。	convoy @ convoy	review
#str_303748	First ones disarmed.	第一颗拆除了。	convoy @ convoy	review
#str_303749	Okay. On to the next one.	好。去下一颗。	convoy @ convoy	review
#str_303750	Zebra 2, this is Bison 8. See anything?	斑马 2 号，这里是野牛 8 号。看到什么了吗？	convoy @ convoy	review
#str_303751	I got nothing.	什么都没有。	convoy @ convoy	review
#str_303752	Wait a second. I've got a reading.	等等。我这儿有个读数。	convoy @ convoy	review
#str_303753	Holy shit! What IS that?!	我的妈呀！那到底是个什么东西？！	convoy @ convoy	review
#str_303754	Get us the hell out of here! Go! Go!	赶紧带我们离开这儿！快走！快走！	convoy @ convoy	review
#str_303755	H Q, H Q, this is Bison 8! We are under attack!	总部，总部，这里是野牛 8 号！我们遭到攻击！		review
#str_303756	There you go. I increased the rate of fire. That ought to add a little more punch to it.	好了。我调高了射速。这下打起来该更有劲了。	convoy @ convoy	review
#str_303757	Death, this is HQ. You are the only convoy left. You must get that E M P to the target.	死亡车队，这里是总部。你们是仅存的车队了。必须把那枚 EMP 送到目标位置。		review
#str_303758	Hear that Rhinos?  It's up to us now.  Stay sharp, they're going to be all over us.	听到了吗，犀牛小队的弟兄们？现在就看我们的了。都警醒点，它们会蜂拥而上。		review
#str_303759	Good job, buddy!	干得好，伙计！	core @ core	review
#str_303760	Kane did an adequate job executing my plan.	Kane 执行我的计划，表现还算称职。		review
#str_303761	Humble to the end Strauss. Kane's actions have sent the Strogg forces into disarray.	你可真是谦虚到家了，Strauss。Kane 这一通操作，已经把 Strogg 部队搅得阵脚大乱。	core @ core	review
#str_303762	Remember your primary goal is to locate and destroy the Nexus. That will disable the Strogg communication network.	记住，你们的首要目标是找到并摧毁 Nexus。这样就能瘫痪 Strogg 的通讯网络。	core @ core	review
#str_303763	You are about to enter the room that houses the Nexus, Corporal Kane. Watch yourself, no doubt it will be heavily guarded.	你即将进入安放 Nexus 的房间，Kane 下士。千万当心，那里必定戒备森严。	core @ core	review
#str_303764	This is Private Sasaki. The Strogg are attempting to corner me at the Dispersal facility. Please, I need immediate assistance.	我是 Sasaki 列兵。Strogg 正试图把我围堵在疏散设施这里。求求你们，我需要立即支援。	dispersal_1 @ dispersal_1	review
#str_303765	Viper Squad, this is Morris. H Qs finally located a demolitionist for the hangars. He should be there soon.	毒蛇小队，我是 Morris。总部总算给机库找到一名爆破手了。他应该很快就到。	hangar_1 @ hangar_1	review
#str_303766	Here. Take this shotgun. It's gonna come in handy.	来，拿上这把霰弹枪。会派上用场的。	hangar_1 @ hangar_1	review
#str_303767	{puzzled}Wow, would ya look at this place.	{puzzled}哇哦，瞧瞧这地方。		review
#str_303768	{furrow}Keep your shit wired tight. {idle}You can bet your ass we arent gonna be welcome here.	{furrow}都给我打起十二分精神。{idle}我敢拿屁股打赌，这地方绝不欢迎咱们。		review
#str_303769	Listen up, Marines. We've almost reached our objective.  Now we just need to find the Tetranode and set off our E M P bomb. That will knock out the Strogg lines of communication and our troops will have an easy time of it. Let's find a way to open that hatch so we can move forward.	都听好了，陆战队员们。我们离目标已经不远。现在只需找到「四元节点」（Tetranode），引爆我们的 EMP 炸弹，就能瘫痪 Strogg 的通讯线路，我们的部队就好打多了。先想办法打开那道舱门，才能继续推进。	hub_1 @ hub_1	review
#str_303770	Ah, very good. This appears to be the control room.	啊，很好。这里看来就是控制室。	hub_1 @ hub_1	review
#str_303771	I must find the temperature controls. From there, I should be able to make the atmosphere a little less hostile.	我必须找到温控装置。有了它，我应该就能让这里的环境不那么要命。	hub_1 @ hub_1	review
#str_303772	{furrow}I demand you protect me!	{furrow}我要求你们保护我！		review
#str_303773	Kane, you must protect me while I adjust the temperature!	Kane，我调节温度的时候，你必须保护我！	hub_1 @ hub_1	review
#str_303774	Lieutenant Voss, I must remain here and maintain the temperature controls or the areaa will return to its frigid state.	Voss 中尉，我必须留在这里维持温控，否则这片区域又会冻回冰窖。		review
#str_303775	Kane, check that door. The shutoff to the forcefield might be in there.	Kane，去查查那扇门。力场的关闭开关可能就在里面。	hub_1 @ hub_1	review
#str_303776	Lieutenant Voss, this is Strauss. What has happened?	Voss 中尉，我是 Strauss。出什么事了？	hub_1 @ hub_1	review
#str_303777	Calm down, Strauss. I'm sure Kane's moving as fast as he can.	冷静点，Strauss。Kane 肯定已经在全速赶路了。		review
#str_303778	The entire facility is centered around this room. We need to find the power plant. Lead the way.	整座设施都是围绕这个房间建造的。我们得找到发电厂。你带路。	hub_2 @ hub_2	review
#str_303779	Ah, these are the controls to the power plant.	啊，这就是发电厂的控制装置。		review
#str_303780	Let us return to the Tetranode. From there we must find a way to disable the emergency shutoff. If we don't disable it, it will detect the heat buildup and deactivate all systems.	我们回四元节点去。接下来必须设法解除紧急停机装置。若不解除，它侦测到热量积聚，就会关停所有系统。	hub_2 @ hub_2	review
#str_303781	We can disable the emergency shutoff from the Visual Processing area. Let us take the elevator to the second floor. There we should be able to find it.	紧急停机装置可以从视觉处理区解除。我们乘电梯上二层，应该能在那里找到。	hub_2 @ hub_2	review
#str_303782	{happy}Ah! The emergency shut off controls.	{happy}啊！紧急停机控制装置。		review
#str_303783	The area you are in stretches between all facilities in this complex.	你所在的区域贯通了这片综合设施的所有建筑。	hub_2 @ hub_2	review
#str_303784	Corporal Kane, you should now be at the emergency shutoff relays. Use the splicing controls to cut the cable in front of you. That will disable the emergency shutoff system and allow us to overheat the Tetranode.	Kane 下士，你现在应该已经到了紧急停机继电器。用接线控制装置切断你面前的线缆，这样紧急停机系统就会失效，我们才能让四元节点过热。		review
#str_303785	This is Voss.  We're currently working our way back to the elevator. It's slow going but we're gaining ground. What's your situation, Strauss?	我是 Voss。我们正朝电梯往回打。进展缓慢，但一直在推进。你那边情况如何，Strauss？		review
#str_303786	Kane...! It can't be! ... It's the Makron!! \nv <Kane> k18s EY3q \t	Kane……！不可能！……是 Makron！！\nv <Kane> k18s EY3q \t		review
#str_303787	Here, I guess even you get one of these. Its a shotgun thats been modified to take clips. You can reload it all at once now.	拿着，看来连你也能领一把。这霰弹枪改装过，能用弹匣供弹，现在一次就能装满。	mcc_2 @ mcc_2	review
#str_303788	Yes, I am. Now double time it and meet me at the elevator.	对，是我。现在跑步前进，到升降梯口跟我会合。	mcclanding @ mcclanding	review
#str_303789	This way to the landing area.	着陆区往这边走。	mcclanding @ mcclanding	review
#str_303790	Let's get to the lift.	我们去升降梯那儿。		review
#str_303791	Good point. Kane, hop in the cannon and see if you can't blow open the door.	说得对。Kane，上那门炮，看看能不能把门轰开。	mcclanding @ mcclanding	review
#str_303792	This is disgusting!	太恶心了！	medlabs_1 @ medlabs_1	review
#str_303793	Aaahhhhhhhh!  Help me!	啊啊啊啊——！救救我！		review
#str_303794	Rhino Squad, be aware that Cougar squad is incoming. They will be landing at the processing tower shortly.	犀牛小队注意，美洲狮小队即将抵达，稍后将在处理塔着陆。	process_2 @ process_2	review
#str_303795	Besides it is of no interest to us. Continue to follow the data stream. It will lead you to the roof.	况且它与我们的任务无关。继续沿数据流前进，它会把你引到天台。		review
#str_303796	I think you're in the assembly control room. See if you can activate the system.	你现在应该是在装配控制室。看看能不能启动系统。		review
#str_303797	Get back to that central control room and see if you can reboot the system.	回中央控制室去，看看能不能重启系统。		review
#str_303798	Huh! I just heard something. I'll be back in a minute.	咦！我刚听到什么动静。我去去就回。	recomp @ recomp	review
#str_303799	You're in the sterilization control room. There should be a way to turn on the system.	你在消毒控制室里。应该有办法把系统打开。	recomp @ recomp	review
#str_303800	It looks like there's a passage out of this area right above us. But the only way we're gonna reach it is by stacking some of these barrels up and climbing over them.	看样子正上方就有一条离开这里的通道。但想够到它，只能把这些桶摞起来，踩着爬上去。	recomp @ recomp	review
#str_303801	The storage system should set the barrels up for us. Why don't you go find a way to activate it and I'll stay here and monitor you?	仓储系统应该能帮我们把桶码好。不如你去想办法把它启动，我留在这儿给你盯着？	recomp @ recomp	review
#str_303802	I just hit the mother load of Strogg data on this computer. Now if I can just figure out how to use it.	我刚在这台电脑上挖到一大堆 Strogg 数据，简直是金矿。现在只差搞明白怎么用了。	recomp @ recomp	review
#str_303803	Great. Looks like the whole system needs to be rebooted. You're gonna have to locate and restart both the sterilization and assembly subsystems.	好嘛。看来整套系统都得重启。你得把消毒和装配两个子系统都找到，挨个重启。	recomp @ recomp	review
#str_303804	Greetings, Corporal Rhodes. You must locate the security interfaces. There is one at the top of each tower that must be disabled to gain access to the Core. But be careful, only Corporal Kane can access them.	你好，Rhodes 下士。你们必须找到安保接口。每座塔的顶部各有一个，全部解除后才能进入核心。但要小心，只有 Kane 下士才能操作它们。	storage_1  @ storage_1	review
#str_303806	{happy}Ha. They ain't no door that a little Comptazine won't unlock. Let's roll.	{happy}哈。就没有 Comptazine 打不开的门。出发。		review
#str_303807	Damn, that man's about as warm as a bag of ice. Well, you better get goin, Kane. I gotta stay and guard this console. See ya around, pal.	妈的，那家伙冷得跟揣了一兜冰似的。行了，Kane，你赶紧上路吧。我得留下守着这台控制台。回见，哥们儿。	storage_1  @ storage_1	review
#str_303808	Yeah, you musta saw what the bastards did to the rest of our squad. Now were just trying to get out of here.	是啊，那帮杂种把我们小队其他人弄成什么样，你八成也看见了。现在我们只想活着离开这儿。	tram_1 @ tram_1	review
#str_303809	Kane, youre probably looking to get to the next tower. Come with us. We have orders to secure the bridge control center. From there you should be able to find a tram.	Kane，你应该是想去下一座塔吧。跟我们走。我们奉命去占领桥梁控制中心，从那儿你应该能找到一辆电车。	tram_1 @ tram_1	review
#str_303810	Here. I scavanged this off a dead Strogg. It'll make your lightning gun damage multiple targets. Give it a try.	拿着。我从一具 Strogg 尸体上捡的。装上它，你的闪电枪就能同时电到多个目标。试试看。	tram_1 @ tram_1	review
#str_303811	You know, that lightining gun will disrupt the shields that the gladiators use.	知道吗，那把闪电枪能瘫痪角斗士用的护盾。		review
#str_303812	Thanks for the help, Kane. Weve got orders to keep this area secured. You can go on to the processing tower.	多谢帮忙，Kane。我们奉命守住这片区域。你继续往处理塔去吧。	tram_1 @ tram_1	review
#str_303813	ninety three . . . ninety four . . . ninety five . {happy}Ha. Stroggos is proving to be a target rich planet.	九十三……九十四……九十五……{happy}哈。Stroggos 这星球，靶子真是打不完。		review
#str_303814	Many men died to get us this far, Kane. We must take control of the Processing Tower at all costs.	为了走到这一步，死了太多弟兄，Kane。无论付出什么代价，我们都必须拿下处理塔。	tram_1 @ tram_1	review
#str_303815	Perhaps we can use some of the strogg repair bots to fix the track.  There is a door leading to a construction site below the tram, you may be able to acqurie some repair bots there. I will remain here and guard the tram.	或许我们可以用 Strogg 的维修机器人来修轨道。有扇门通向电车下方的施工场地，你也许能在那里弄到几台维修机器人。我会留在这里看守电车。	tram_1 @ tram_1	review
#str_303816	You have no idea how difficult it was to liberate this tram.	你根本想不到，为了弄到这辆电车我费了多大劲。		review
#str_303817	Luckily, the Strogg were not as good a shot as I am.	幸好那些 Strogg 的枪法不如我。		review
#str_303818	Here Kane, let me adjust your nailgun.  Use the sight to zoom in on your targets and the nails will track them.	来，Kane，我给你调一下钉枪。用瞄具锁定目标，钉弹就会自动追踪。		review
#str_303819	To all units, this is Badger Squad. Do not take the north pass. The Strogg have fortified gun emplacements there.	各单位注意，这里是猛獾小队。不要走北侧隘口。Strogg 在那里修筑了坚固的炮位。		review
#str_303820	H Q! This is Badger Squad. We made it through the north pass. Do not let the evac take off without us.	总部！这里是猛獾小队。我们冲过北侧隘口了。别让撤离艇丢下我们起飞。		review
#str_303821	This is command H Q to all units. A full retreat has been ordered. All squads are to meet at Waste Facility for immediate evac.	指挥总部呼叫各单位。全面撤退命令已经下达。所有小队立即前往废料处理厂集合，马上撤离。	walker @ walker	review
#str_303822	H Q, H Q, this is Private Calhoun.  I’ve been cut off from my squad. I need coordinates to the evac zone.	总部，总部，我是 Calhoun 列兵。我和小队被切断了联系。请求撤离区坐标。		review
#str_303823	H Q, there’s a shitload of Strogg on our tail.	总部，我们屁股后面咬着一大帮 Strogg。	walker @ walker	review
#str_303824	{scared}Yeah, it fried Private Johnson when he tried to go through.	{scared}是啊，Johnson 列兵想穿过去，当场就被烤焦了。		review
#str_303825	{confused}Wouldn't Kane have those codes? He looks pretty Strogg to me	{confused}这些密码 Kane 不是该有吗？要我说，他看着都快成 Strogg 了。		review
#str_303826	Here, Kane. You should take this.	来，Kane。这个你拿着。		review
#str_303827	Hey, Kane. Could you come over here?	嘿，Kane。过来一下好吗？		review
#str_303828	Get going, Kane.	出发吧，Kane。		review
#str_303829	C'mon Kane. You have to follow me.	来吧，Kane。你得跟我走。		review
#str_303830	Kane! Hey, Kane!	Kane！嘿，Kane！		review
#str_303831	Hey, good one, Kane!	嘿，漂亮，Kane！		review
#str_303832	Kane, look out!	Kane，小心！		review
#str_303833	This is for you, Kane.	这是给你的，Kane。		review
#str_303834	Kane, would you come here?	Kane，能过来一下吗？		review
#str_303835	Time to get moving, Kane.	该动身了，Kane。		review
#str_303836	Follow me, Kane.	跟我来，Kane。		review
#str_303837	Kane! Over here.	Kane！这边。	process_1 @ process_1	review
#str_303838	Very good, Kane.	非常好，Kane。		review
#str_303839	Careful, Kane!	小心点，Kane！		review
#str_303840	Take this, Kane. It'll come in handy.	拿着，Kane。会派上用场的。		review
#str_303841	Kane, get over here.	Kane，快过来。		review
#str_303842	You need to go there, Kane.	你得去那边，Kane。		review
#str_303843	Over here, Kane!	这边，Kane！		review
#str_303844	Nice one, Kane!	干得漂亮，Kane！		review
#str_303845	Stay there. I'll fix your body armor.	站着别动。我来修你的护甲。		review
#str_303846	Let me patch your armor.	让我来给你补护甲。	strauss @ ai	review
#str_303847	I'll repair your armor.	我来修护甲。	marine_1 @ ai	review
#str_303848	Kane wait, and I'll fix your body armor.	Kane，等等，我给你修护甲。	marine_1 @ ai	review
#str_303849	Ok, I'm finished. Good luck marine. 	好，完工。祝你好运，陆战队员。	marine_1 @ ai	review
#str_303850	here, Kane. Take this.	来，Kane。拿着。		review
#str_303851	Corporal Kane. Come here.	Kane 下士。过来。		review
#str_303852	Go that way, corporal Kane.	往那边走，Kane 下士。		review
#str_303853	C'mon Kane, lets go.	来吧，Kane，我们走。		review
#str_303854	Hey, Corporal Kane!	嘿，Kane 下士！		review
#str_303855	Good job, Corporal Kane!	干得好，Kane 下士！		review
#str_303856	Look out, Kane!	小心，Kane！		review
#str_303857	Corporal Kane, you're going to need this.	Kane 下士，你会用得上这个。		review
#str_303858	Over here, Corporal Kane.	这边，Kane 下士。		review
#str_303859	Head that way, Corporal Kane.	往那边去，Kane 下士。		review
#str_303860	Let's move out, Kane.	出发吧，Kane。		review
#str_303861	Corporal Kane!	Kane 下士！	airdefense @ airdefense	review
#str_303862	Well done, Kane!	干得好，Kane！		review
#str_303863	Heads up, Kane!	注意，Kane！		review
#str_303864	Watch out, Kane!	当心，Kane！		review
#str_303865	Let me repair your armor.	我来修一下你的护甲。		review
#str_303866	Let me fix your body armor.	我来给你修护甲。		review
#str_303867	Wait up! I can repair your armor.	等等！我能修你的护甲。		review
#str_303868	Wait up, Kane! I'll fix your body armor.	等等，Kane！我给你修护甲。	marine_4 @ ai	review
#str_303869	Don't move, Kane. I can fix your armor.	别动，Kane。我能修好你的护甲。	marine_4 @ ai	review
#str_303870	Let me fix your armor, Kane.	我给你修护甲，Kane。	marine_4 @ ai	review
#str_303871	Just wiat a second and I'll be done.	稍等一下，马上就好。	marine_4 @ ai	review
#str_303872	One minute adn you'll be back in the battle.	一分钟后你就能重返战场。	marine_4 @ ai	review
#str_303873	Hold still and I'll fix your armor.	别动，我来修护甲。	marine_4 @ ai	review
#str_303874	That's all I can do. See you around, Marine.	我只能修到这个程度了。回头见，陆战队员。	marine_3 @ ai	review
#str_303875	Finished. Back into the war, marine.	完工。回战场去吧，陆战队员。	marine_4 @ ai	review
#str_303876	Corporal Kane, this should come in handy.	Kane 下士，这个应该用得上。		review
#str_303877	Come here, Kane.	过来，Kane。		review
#str_303878	Kane, go over there.	Kane，去那边。		review
#str_303879	Kane, let's go.	Kane，我们走。		review
#str_303880	Nice job, Kane!	干得漂亮，Kane！		review
#str_303881	Wait there, Marine. Your armor's damaged.	在那儿等着，陆战队员。你的护甲受损了。		review
#str_303882	Hold up, Marine. I can fix your armor.	停一下，陆战队员。我能修你的护甲。		review
#str_303883	Corporal Kane. Wait and I'll repair your armor	Kane 下士。稍等，我给你修护甲。	marine_4 @ ai	review
#str_303884	I'll have you patched up in no time.	我马上就能给你修利索。	marine_8 @ ai	review
#str_303885	There. Finished. Now try to be more careful.	好了。完工。以后小心着点。	marine_4 @ ai	review
#str_303890	Nice job, Kane.	干得漂亮，Kane。		review
#str_303891	Hey, Kane. You better take this with you.	嘿，Kane。这个你最好带上。		review
#str_303892	Hey, Kane. Come here.	嘿，Kane。过来。		review
#str_303893	Kane, you gotta go.	Kane，你得走了。		review
#str_303894	C'mon, Kane. Follow me.	来，Kane。跟我走。		review
#str_303895	Very nice, Kane.	非常漂亮，Kane。		review
#str_303896	You will need this, Kane. Take it.	你会需要这个的，Kane。拿着。		review
#str_303897	Corporal Kane, please come here.	Kane 下士，请过来。		review
#str_303898	You will want to get going, Kane.	你该动身了，Kane。		review
#str_303899	Kane, please follow me.	Kane，请跟我来。		review
#str_303900	Well done, Kane.	干得好，Kane。		review
#str_303901	Watch it, Kane!	留神，Kane！		review
#str_303902	Take this, Corporal Kane. It should be most useful.	拿着，Kane 下士。它应该大有用处。		review
#str_303903	Corporal Kane, come here now.	Kane 下士，立刻过来。		review
#str_303904	Corporal Kane, you must proceed.	Kane 下士，你必须继续前进。		review
#str_303905	You must follow me, Corporal Kane.	你必须跟我来，Kane 下士。		review
#str_303906	Corporal Kane.	Kane 下士。	airdefense @ airdefense	review
#str_303907	Good, Corporal Kane.	很好，Kane 下士。		review
#str_303908	Watch yourself, Corporal Kane!	自己当心，Kane 下士！		review
#str_303909	Strogg to your left!	Strogg 在你左边！	strauss @ ai	review
#str_303910	Here, Kane. You’ll need this.	来，Kane。你会用得上的。		review
#str_303911	Kane. Come here.	Kane。过来。		review
#str_303912	Kane, head out in that direction.	Kane，朝那个方向走。		review
#str_303913	Kane, you're with me. Let's go.	Kane，你跟着我。走。		review
#str_303914	Kane, over here!	Kane，这边！	process_1 @ process_1	review
#str_303915	Heads up, Kane.	注意，Kane。		review
#str_303916	You're Kane, right? My name's Anderson. Here let me heal you. 	你就是 Kane 吧？我叫 Anderson。来，我给你治疗。		review
#str_303917	If you get hurt, find a medic. They'll heal you up.	受了伤就去找医疗兵，他们会给你治好。	airdefense @ airdefense	review
#str_303918	Our squad's already left. Go see Morris over there for orders.	我们小队已经出发了。去那边找 Morris 领命令。		review
#str_303919	I'm too late. He's dead. There was nothing I could do.	我来得太迟了。他已经死了。我无能为力。		review
#str_303920	Damn it all. Bidwell was a good man... a good Marine.	该死的……Bidwell 是个好人……是个好陆战队员。	hub_1 @ hub_1	review
#str_303921	Strauss, the E M P's destroyed but we still have to shutdown this facility. Any ideas?	Strauss，EMP 炸弹已经毁了，但我们还是得让这座设施停摆。有什么办法？	hub_1 @ hub_1	review
#str_303922	Ja. But it means I have to go directly to the Tetranode.	Ja。但这意味着我必须直接前往四元节点。	hub_1 @ hub_1	review
#str_303923	All right. Kane's the only one who's uninjured, so he's going with you.	好吧。现在没受伤的只剩 Kane 了，让他跟你去。	hub_1 @ hub_1	review
#str_303924	If my memory of the building schematics is correct, Kane must take a crawlway out and I will meet him at the other end.	如果我对建筑图纸的记忆无误，Kane 必须钻一条检修爬道出去，我会在另一头与他会合。		review
#str_303925	Sounds like a plan. Voss out.	就这么办。Voss 完毕。	hub_1 @ hub_1	review
#str_303926	Kane, I don't need to tell you how important this is. Whatever the cost, you must destroy the Tetranode and bring down the Nexus.	Kane，这件事有多重要，不用我多说。无论付出什么代价，你都必须摧毁四元节点，让 Nexus 瘫痪。	hub_1 @ hub_1	review
#str_303927	I just upped the field output by 300 percent. Now that rail gun is gonna really kick ass.  You'll be able to shoot straight through guys.	我刚把力场输出提升了 300%。现在这把轨道炮真带劲了，能把敌人一枪打个对穿。		review
#str_303928	Let me see that Rocket Launcher.  Here, now if you hold scope down after you've fired a rocket, you can guide it where you want it to go.  It's great for shooting around cover.	把火箭发射器给我看看。好了，现在发射火箭后按住瞄准镜不放，就能操纵它飞向你想打的地方。绕过掩体射击特别好使。		review
#str_303929	Kane! Over here!	Kane！这边！	process_1 @ process_1	review
#str_303930	Careful, Kane.	小心点，Kane。		review
#str_303931	Hold up there, Marine. Let me see your nail gun for a second.	站住，陆战队员。把你的钉枪给我看一眼。	convoy @ convoy	review
#str_303932	Well done, Kane. I have almost finished my work here. Damn.	干得好，Kane。我这边的活儿也快干完了。该死。	hub_1 @ hub_1	review
#str_303933	But I need protection, Lieutenant.	可我需要保护，中尉。	hub_1 @ hub_1	review
#str_303934	Corporal, check that tunnel. The shutoff to the forcefield might be in there.	下士，去查查那条隧道。力场的关闭开关可能就在里面。	hub_1 @ hub_1	review
#str_303935	What the hell's goin' on here?	这里到底出什么事了？	hub_1 @ hub_1	review
#str_303936	Wait. Listen.	等等。听。	hub_1 @ hub_1	review
#str_303937	Quick! Fire off the EMP!	快！引爆 EMP！	hub_1 @ hub_1	review
#str_303938	Almost there...	就快好了……	hub_1 @ hub_1	review
#str_303939	Marines! Open fire!	陆战队员们！开火！	hub_1 @ hub_1	review
#str_303940	SHUT THE HELL UP, STRAUSS! Half the squad is dead, So why don't you just be quiet while we pick up the pieces?	你他妈给我闭嘴，Strauss！小队死了一半人，我们收拾残局的时候，你就不能消停会儿？	hub_1 @ hub_1	review
#str_303941	Ah, so you did survive. Ha, ha! I've won the bet with Rhodes.	啊，你果然活下来了。哈哈！我赢了跟 Rhodes 打的赌。	airdefense @ airdefense	review
#str_303942	Don't worry. You'll be fine. Here.	别担心，你会没事的。来。	airdefense @ airdefense	review
#str_303943	I gave him a medpack and sedated him. He'll be fine.	我给他用了医疗包，还打了镇静剂。他不会有事的。		review
#str_303944	Contacts!	发现敌人！		review
#str_303945	This is H Q, Viper squad. Reinforcements E T A is 10 minutes.	毒蛇小队，这里是总部。增援预计 10 分钟后到达。		review
#str_303946	H Q, the Strogg bunker has been tagged with a a targeting laser.	总部，已用瞄准激光标记 Strogg 碉堡。		review
#str_303947	Direct hit, H Q! Target has been neutralized!	直接命中，总部！目标已被摧毁！		review
#str_303948	Viper squad, this is H Q. Mantis squad is M I A and unresponsive. Fall back to rally point alpha niner four.	毒蛇小队，这里是总部。螳螂小队失踪，联络不上。后撤至 Alpha-94 集结点。	airdefense @ airdefense	review
#str_303949	H Q, this is Bison Squad. Primary target has been nullified. We'd like to aid the infantry now.	总部，这里是野牛小队。主要目标已被清除。我们请求现在去支援步兵。		review
#str_303950	Bison squad has been informed of your status.	野牛小队已获知你们的状况。		review
#str_303951	H Q, H Q, this is Cougar Squad. We can't get to the Air Defense Cannon. The Strogg air support is too heavy!	总部，总部，这里是美洲狮小队。我们无法接近防空炮，Strogg 的空中支援火力太猛了！		review
#str_303952	There's too many damn fliers. We can't get near.	该死的飞行器太多了，我们根本靠不上去。		review
#str_303953	Five... four... three... two... one...	五……四……三……二……一……		review
#str_303954	C'mon, Kane. Let's get going.	来，Kane。我们该走了。	medlabs_1 @ medlabs_1	review
#str_303955	Let me patch your armor.	让我来给你补护甲。	strauss @ ai	review
#str_303956	I will patch your armor for you.	我会为你修补护甲。	strauss @ ai	review
#str_303957	{puzzled}Kovitch, what took you so long to get back?	{puzzled}Kovitch，你怎么去了这么久才回来？		review
#str_303958	{scared}Kane.	{scared}Kane。		review
#str_303959	{scared}They're stealing everything I know.	{scared}他们在偷走我知道的一切。		review
#str_303960	Kane! Is there some way to turn off this grid so we can get through?	Kane！有没有办法关掉这道电网，让我们过去？		review
#str_303961	{puzzled}Wow, he was your L T? {scared}You had to do it man. {idle}If he'd lived, the Strogg would have gotten a lot of military secrets from him. C'mon, let's get the hell out of here.	{puzzled}哇，他就是你们中尉？{scared}你也是没办法，伙计。{idle}他要是活着，Strogg 能从他脑子里挖出一堆军事机密。走，咱们赶紧离开这鬼地方。		review
#str_303962	Here, let me adjust your nailgun.	来，我给你调一下钉枪。	recomp @ recomp	review
#str_303963	You're Kane, right?  My name's Anderson.  Here, let me heal you.	你就是 Kane 吧？我叫 Anderson。来，我给你治疗。		review
#str_303964	If you get hurt, find a medic, they'll heal you up.	受了伤就找医疗兵，他们会给你治好。	airdefense @ airdefense	review
#str_303965	Lead the way and let us see if we can find the Hub control room.	你带路，我们看看能不能找到枢纽控制室。	tram_1 @ tram_1	review
#str_303966	Now you can use the sight to zoom in on your targets and the nails will track them.	现在你可以用瞄具锁定目标，钉弹会自动追踪它们。	recomp @ recomp	review
